# Blender 5.1.1
# www.blender.org
mtllib Bob1.mtl
o Object_5
v -0.561324 0.597793 0.053874
v -0.529933 0.601653 0.053874
v -0.552130 0.597793 0.031677
v -0.552130 0.597793 0.076071
v -0.529933 0.597793 0.085265
v -0.507736 0.597793 0.076071
v -0.498541 0.597793 0.053874
v -0.507736 0.597793 0.031677
v -0.529933 0.597793 0.022482
v -0.551550 0.530959 0.053874
v -0.529933 0.529310 0.053874
v -0.545219 0.530959 0.069160
v -0.545219 0.530959 0.038588
v -0.529933 0.530959 0.032256
v -0.514647 0.530959 0.038588
v -0.508315 0.530959 0.053874
v -0.514647 0.530959 0.069160
v -0.529933 0.530959 0.075492
v -0.486557 1.665962 -0.112441
v -0.527261 1.665962 -0.129301
v -0.527261 1.674409 -0.071736
v -0.567966 1.665962 -0.112441
v -0.584826 1.665962 -0.071736
v -0.567966 1.665962 -0.031032
v -0.527261 1.665962 -0.014171
v -0.486557 1.665962 -0.031032
v -0.469696 1.665962 -0.071736
v -0.551436 1.187603 -0.095911
v -0.527261 1.187603 -0.105924
v -0.527261 1.184656 -0.071736
v -0.503087 1.187603 -0.095911
v -0.493073 1.187603 -0.071736
v -0.503087 1.187603 -0.047562
v -0.527261 1.187603 -0.037548
v -0.551436 1.187603 -0.047562
v -0.561449 1.187603 -0.071736
v -0.567565 0.681012 0.053874
v -0.529933 0.685640 0.053874
v -0.556543 0.681012 0.027263
v -0.556543 0.681012 0.080484
v -0.529933 0.681012 0.091506
v -0.503322 0.681012 0.080484
v -0.492300 0.681012 0.053874
v -0.503322 0.681012 0.027263
v -0.529933 0.681012 0.016241
v -0.555848 0.600892 0.053874
v -0.529933 0.598914 0.053874
v -0.548258 0.600892 0.072199
v -0.548258 0.600892 0.035549
v -0.529933 0.600892 0.027958
v -0.511608 0.600892 0.035549
v -0.504017 0.600892 0.053874
v -0.511608 0.600892 0.072199
v -0.529933 0.600892 0.079789
v -0.550438 1.196300 -0.034450
v -0.558932 1.196043 -0.013947
v -0.529933 1.203906 -0.013816
v -0.550438 1.195786 0.006557
v -0.529933 1.195680 0.015049
v -0.509427 1.195786 0.006557
v -0.500934 1.196043 -0.013947
v -0.509427 1.196300 -0.034450
v -0.529933 1.196406 -0.042943
v -0.542111 0.792071 -0.009287
v -0.547155 0.792223 -0.021464
v -0.529933 0.789480 -0.021510
v -0.542111 0.792376 -0.033641
v -0.529933 0.792439 -0.038685
v -0.517754 0.792376 -0.033641
v -0.512710 0.792223 -0.021464
v -0.517754 0.792071 -0.009287
v -0.529933 0.792007 -0.004243
v -0.201174 0.401693 -0.113626
v -0.232561 0.401693 -0.126627
v -0.232561 0.404190 -0.082239
v -0.263948 0.401693 -0.113626
v -0.276948 0.401693 -0.082239
v -0.263948 0.401693 -0.050852
v -0.232561 0.401693 -0.037852
v -0.201174 0.401693 -0.050852
v -0.188174 0.401693 -0.082239
v -0.259103 0.097378 -0.108781
v -0.232561 0.097378 -0.119775
v -0.232561 0.095267 -0.082239
v -0.206019 0.097378 -0.108781
v -0.195025 0.097378 -0.082239
v -0.206019 0.097378 -0.055697
v -0.232561 0.097378 -0.044703
v -0.259103 0.097378 -0.055697
v -0.270097 0.097378 -0.082239
v 0.080474 1.077982 -0.346681
v -0.009413 1.070346 -0.319689
v -0.008629 1.074052 -0.379640
v -0.080474 1.077982 -0.346681
v -0.079663 1.075069 -0.253999
v 0.000000 1.071247 -0.201191
v 0.079663 1.075069 -0.253999
v 0.079968 1.736120 -0.351728
v -0.008629 1.729934 -0.384661
v -0.009413 1.743548 -0.324674
v -0.079968 1.736120 -0.351728
v -0.079015 1.740054 -0.259070
v 0.000000 1.729250 -0.205825
v 0.079015 1.740054 -0.259070
v 0.000000 1.741458 -0.354343
v 0.063265 1.741458 -0.328138
v 0.000000 1.759467 -0.264873
v -0.063265 1.741458 -0.328138
v -0.089470 1.741458 -0.264873
v -0.063265 1.741458 -0.201609
v 0.000000 1.741458 -0.175403
v 0.063265 1.741458 -0.201609
v 0.089470 1.741458 -0.264873
v 0.063265 1.914201 -0.328138
v 0.000000 1.914201 -0.354343
v 0.000000 1.896192 -0.264873
v -0.063265 1.914201 -0.328138
v -0.089470 1.914201 -0.264873
v -0.063265 1.914201 -0.201609
v 0.000000 1.914201 -0.175403
v 0.063265 1.914201 -0.201609
v 0.089470 1.914201 -0.264873
v -0.000000 0.907826 -0.364201
v 0.063265 0.907826 -0.337996
v -0.000000 0.925835 -0.274731
v -0.063265 0.907826 -0.337996
v -0.089470 0.907826 -0.274731
v -0.063265 0.907826 -0.211467
v -0.000000 0.907826 -0.185262
v 0.063265 0.907826 -0.211467
v 0.089470 0.907826 -0.274731
v 0.063265 1.080569 -0.337996
v -0.000000 1.080569 -0.364201
v -0.000000 1.062560 -0.274731
v -0.063265 1.080569 -0.337996
v -0.089470 1.080569 -0.274731
v -0.063265 1.080569 -0.211467
v -0.000000 1.080569 -0.185262
v 0.063265 1.080569 -0.211467
v 0.089470 1.080569 -0.274731
v 0.014300 1.787214 0.112810
v 0.000000 1.802654 0.124964
v 0.000000 1.853835 0.057899
v 0.000000 1.874855 0.452827
v 0.013872 1.848723 0.471963
v 0.000000 1.968136 0.493998
v 0.181867 1.865382 0.419897
v 0.236026 2.006688 0.452736
v 0.170149 1.860381 0.452004
v 0.213039 1.822314 0.140173
v 0.218737 1.886816 0.057524
v 0.255073 1.796461 0.114300
v -0.014300 1.787214 0.112810
v -0.013872 1.848723 0.471963
v -0.181867 1.865382 0.419897
v -0.236026 2.006688 0.452736
v -0.213158 1.869024 0.431699
v -0.213039 1.822314 0.140173
v -0.218737 1.886816 0.057524
v -0.181513 1.802592 0.112991
v -0.170149 1.860381 0.452004
v 0.213158 1.869024 0.431699
v -0.255073 1.796461 0.114300
v 0.181513 1.802592 0.112991
v -0.557195 1.200345 -0.152601
v -0.568487 1.201261 -0.125360
v -0.529933 1.209436 -0.125725
v -0.557195 1.202176 -0.098119
v -0.529933 1.202556 -0.086835
v -0.502671 1.202176 -0.098119
v -0.491379 1.201261 -0.125360
v -0.502671 1.200345 -0.152601
v -0.529933 1.199966 -0.163885
v -0.546124 0.780005 -0.088216
v -0.552830 0.779462 -0.104394
v -0.529933 0.776609 -0.104267
v -0.546124 0.778918 -0.120573
v -0.529933 0.778693 -0.127274
v -0.513742 0.778918 -0.120573
v -0.507035 0.779462 -0.104394
v -0.513742 0.780005 -0.088216
v -0.529933 0.780231 -0.081514
v -0.181580 0.737360 -0.138920
v -0.238261 0.737360 -0.162398
v -0.238261 0.744096 -0.082239
v -0.294942 0.737360 -0.138920
v -0.318420 0.737360 -0.082239
v -0.294942 0.737360 -0.025558
v -0.238261 0.737360 -0.002080
v -0.181580 0.737360 -0.025558
v -0.158102 0.737360 -0.082239
v -0.286193 0.392108 -0.130171
v -0.238261 0.392108 -0.150025
v -0.238261 0.386412 -0.082239
v -0.190329 0.392108 -0.130171
v -0.170475 0.392108 -0.082239
v -0.190329 0.392108 -0.034307
v -0.238261 0.392108 -0.014453
v -0.286193 0.392108 -0.034307
v -0.306047 0.392108 -0.082239
v -0.561469 0.532316 -0.089972
v -0.529933 0.537382 -0.089972
v -0.552232 0.540474 -0.149557
v -0.552232 0.527227 -0.030387
v -0.529933 0.527227 -0.005706
v -0.507633 0.527227 -0.030387
v -0.498396 0.532316 -0.089972
v -0.507633 0.540474 -0.149557
v -0.529933 0.540474 -0.174238
v -0.551650 0.444598 -0.089972
v -0.529933 0.442434 -0.089972
v -0.545289 0.439509 -0.056234
v -0.545289 0.452757 -0.123710
v -0.529933 0.452757 -0.137685
v -0.514576 0.452757 -0.123710
v -0.508215 0.444598 -0.089972
v -0.514576 0.444598 -0.056233
v -0.529933 0.439509 -0.042259
v -0.567739 0.636451 -0.089972
v -0.529933 0.642524 -0.089972
v -0.556666 0.636451 -0.162308
v -0.556666 0.636451 -0.017636
v -0.529933 0.636451 0.012326
v -0.503200 0.636451 -0.017636
v -0.492127 0.636451 -0.089972
v -0.503200 0.636451 -0.162308
v -0.529933 0.636451 -0.192270
v -0.555968 0.536383 -0.089972
v -0.529933 0.533788 -0.089972
v -0.548342 0.531294 -0.033932
v -0.548342 0.544542 -0.146012
v -0.529933 0.544542 -0.169225
v -0.511523 0.544542 -0.146012
v -0.503898 0.536383 -0.089972
v -0.511523 0.531294 -0.033932
v -0.529933 0.531294 -0.010719
v -0.306864 0.106280 0.140537
v -0.336774 0.087767 0.166304
v -0.312632 0.075035 0.169881
v -0.306744 0.085237 0.186310
v -0.152040 0.000814 -0.089849
v -0.133725 0.000231 -0.027455
v -0.230311 0.003113 0.012638
v -0.127981 0.000839 0.041963
v -0.115177 0.001604 0.094198
v -0.131846 0.001921 0.128811
v -0.165339 0.001707 0.178877
v -0.243938 0.000000 0.201528
v -0.318584 0.001569 0.178755
v -0.353761 0.001917 0.128774
v -0.357904 0.000839 0.041963
v -0.352161 0.000231 -0.027455
v -0.322144 0.002196 -0.111239
v -0.277664 0.006354 -0.148311
v -0.225582 0.006920 -0.153801
v -0.175442 0.003579 -0.132630
v -0.202390 0.089892 -0.071728
v -0.212878 0.087252 -0.099630
v -0.231476 0.102632 0.005859
v -0.212878 0.087252 -0.099630
v -0.235198 0.089269 -0.108360
v -0.231476 0.102632 0.005859
v -0.235198 0.089269 -0.108360
v -0.258432 0.089300 -0.105214
v -0.231476 0.102632 0.005859
v -0.258432 0.089300 -0.105214
v -0.278252 0.088572 -0.085679
v -0.231476 0.102632 0.005859
v -0.278252 0.088572 -0.085679
v -0.291589 0.099253 -0.023137
v -0.231476 0.102632 0.005859
v -0.291589 0.099253 -0.023137
v -0.294226 0.110051 0.030130
v -0.231476 0.102632 0.005859
v -0.294226 0.110051 0.030130
v -0.291497 0.115469 0.076777
v -0.231476 0.102632 0.005859
v -0.291497 0.115469 0.076777
v -0.268652 0.115633 0.098283
v -0.231476 0.102632 0.005859
v -0.268652 0.115633 0.098283
v -0.243798 0.115059 0.121879
v -0.231476 0.102632 0.005859
v -0.194384 0.115472 0.076804
v -0.181515 0.114578 0.060696
v -0.231476 0.102632 0.005859
v -0.181515 0.114578 0.060696
v -0.191659 0.110051 0.030130
v -0.231476 0.102632 0.005859
v -0.191659 0.110051 0.030130
v -0.194296 0.099253 -0.023137
v -0.231476 0.102632 0.005859
v -0.194296 0.099253 -0.023137
v -0.202390 0.089892 -0.071728
v -0.231476 0.102632 0.005859
v -0.217508 0.115648 0.098432
v -0.194384 0.115472 0.076804
v -0.231476 0.102632 0.005859
v -0.243798 0.115059 0.121879
v -0.217508 0.115648 0.098432
v -0.231476 0.102632 0.005859
v 0.306864 0.106280 0.140537
v 0.312632 0.075035 0.169881
v 0.336774 0.087767 0.166304
v 0.306744 0.085237 0.186310
v 0.152040 0.000814 -0.089849
v 0.230311 0.003113 0.012638
v 0.133725 0.000231 -0.027455
v 0.127981 0.000839 0.041963
v 0.115177 0.001604 0.094198
v 0.131846 0.001921 0.128812
v 0.165339 0.001707 0.178877
v 0.243938 0.000000 0.201528
v 0.318584 0.001569 0.178755
v 0.353761 0.001917 0.128774
v 0.357904 0.000839 0.041963
v 0.352160 0.000231 -0.027455
v 0.322144 0.002196 -0.111239
v 0.277664 0.006353 -0.148311
v 0.225582 0.006920 -0.153801
v 0.175442 0.003579 -0.132630
v 0.202390 0.089892 -0.071728
v 0.231476 0.102632 0.005859
v 0.212878 0.087252 -0.099630
v 0.212878 0.087252 -0.099630
v 0.231476 0.102632 0.005859
v 0.235198 0.089269 -0.108360
v 0.235198 0.089269 -0.108360
v 0.231476 0.102632 0.005859
v 0.258432 0.089300 -0.105214
v 0.258432 0.089300 -0.105214
v 0.231476 0.102632 0.005859
v 0.278252 0.088572 -0.085679
v 0.278252 0.088572 -0.085679
v 0.231476 0.102632 0.005859
v 0.291589 0.099253 -0.023137
v 0.291589 0.099253 -0.023137
v 0.231476 0.102632 0.005859
v 0.294227 0.110051 0.030130
v 0.294227 0.110051 0.030130
v 0.231476 0.102632 0.005859
v 0.291497 0.115469 0.076777
v 0.291497 0.115469 0.076777
v 0.231476 0.102632 0.005859
v 0.268652 0.115633 0.098283
v 0.268652 0.115633 0.098283
v 0.231476 0.102632 0.005859
v 0.243798 0.115059 0.121879
v 0.194384 0.115472 0.076804
v 0.231476 0.102632 0.005859
v 0.181515 0.114578 0.060696
v 0.181515 0.114578 0.060696
v 0.231476 0.102632 0.005859
v 0.191659 0.110051 0.030130
v 0.191659 0.110051 0.030130
v 0.231476 0.102632 0.005859
v 0.194296 0.099253 -0.023137
v 0.194296 0.099253 -0.023137
v 0.231476 0.102632 0.005859
v 0.202390 0.089892 -0.071728
v 0.217508 0.115648 0.098432
v 0.231476 0.102632 0.005859
v 0.194384 0.115472 0.076804
v 0.243798 0.115059 0.121879
v 0.231476 0.102632 0.005859
v 0.217508 0.115648 0.098432
v 0.567739 0.636451 -0.089972
v 0.556666 0.636451 -0.162308
v 0.529933 0.642524 -0.089972
v 0.556666 0.636451 -0.017636
v 0.529933 0.636451 0.012326
v 0.503200 0.636451 -0.017636
v 0.492126 0.636451 -0.089972
v 0.503200 0.636451 -0.162308
v 0.529933 0.636451 -0.192270
v 0.555968 0.536383 -0.089972
v 0.548342 0.531294 -0.033931
v 0.529933 0.533788 -0.089972
v 0.548342 0.544542 -0.146012
v 0.529933 0.544542 -0.169225
v 0.511523 0.544542 -0.146012
v 0.503898 0.536383 -0.089972
v 0.511523 0.531294 -0.033931
v 0.529933 0.531294 -0.010719
v 0.561324 0.597793 0.053874
v 0.552130 0.597793 0.031677
v 0.529933 0.601653 0.053874
v 0.552130 0.597793 0.076071
v 0.529933 0.597793 0.085265
v 0.507735 0.597793 0.076071
v 0.498541 0.597793 0.053874
v 0.507735 0.597793 0.031677
v 0.529933 0.597793 0.022482
v 0.551550 0.530959 0.053874
v 0.545219 0.530959 0.069160
v 0.529933 0.529310 0.053874
v 0.545219 0.530959 0.038588
v 0.529933 0.530959 0.032256
v 0.514647 0.530959 0.038588
v 0.508315 0.530959 0.053874
v 0.514647 0.530959 0.069160
v 0.529933 0.530959 0.075492
v 0.557194 1.200345 -0.152601
v 0.529933 1.209437 -0.125725
v 0.568486 1.201261 -0.125360
v 0.557194 1.202176 -0.098119
v 0.529933 1.202556 -0.086835
v 0.502671 1.202176 -0.098119
v 0.491379 1.201261 -0.125360
v 0.502671 1.200345 -0.152601
v 0.529933 1.199966 -0.163885
v 0.546123 0.780005 -0.088215
v 0.529933 0.776609 -0.104267
v 0.552830 0.779462 -0.104394
v 0.546123 0.778918 -0.120573
v 0.529933 0.778693 -0.127274
v 0.513742 0.778918 -0.120573
v 0.507035 0.779462 -0.104394
v 0.513742 0.780005 -0.088215
v 0.529933 0.780231 -0.081514
v 0.486557 1.665962 -0.112441
v 0.527261 1.674409 -0.071736
v 0.527261 1.665962 -0.129301
v 0.567966 1.665962 -0.112441
v 0.584826 1.665962 -0.071736
v 0.567966 1.665962 -0.031032
v 0.527261 1.665962 -0.014171
v 0.486557 1.665962 -0.031032
v 0.469696 1.665962 -0.071736
v 0.551436 1.187602 -0.095911
v 0.527261 1.184655 -0.071736
v 0.527261 1.187602 -0.105924
v 0.503087 1.187602 -0.095911
v 0.493073 1.187602 -0.071736
v 0.503087 1.187602 -0.047561
v 0.527261 1.187602 -0.037548
v 0.551436 1.187602 -0.047561
v 0.561449 1.187602 -0.071736
v 0.181580 0.737360 -0.138920
v 0.238261 0.744096 -0.082239
v 0.238261 0.737360 -0.162398
v 0.294942 0.737360 -0.138920
v 0.318420 0.737360 -0.082239
v 0.294942 0.737360 -0.025558
v 0.238261 0.737360 -0.002080
v 0.181580 0.737360 -0.025558
v 0.158102 0.737360 -0.082239
v 0.286193 0.392108 -0.130171
v 0.238261 0.386412 -0.082239
v 0.238261 0.392108 -0.150025
v 0.190329 0.392108 -0.130171
v 0.170475 0.392108 -0.082239
v 0.190329 0.392108 -0.034307
v 0.238261 0.392108 -0.014453
v 0.286193 0.392108 -0.034307
v 0.306047 0.392108 -0.082239
v 0.561469 0.532316 -0.089972
v 0.552232 0.540474 -0.149557
v 0.529933 0.537382 -0.089972
v 0.552232 0.527227 -0.030386
v 0.529933 0.527227 -0.005706
v 0.507633 0.527227 -0.030386
v 0.498396 0.532316 -0.089972
v 0.507633 0.540474 -0.149557
v 0.529933 0.540474 -0.174238
v 0.551650 0.444598 -0.089972
v 0.545289 0.439509 -0.056233
v 0.529933 0.442434 -0.089972
v 0.545289 0.452757 -0.123710
v 0.529933 0.452757 -0.137685
v 0.514576 0.452757 -0.123710
v 0.508215 0.444598 -0.089972
v 0.514576 0.444598 -0.056233
v 0.529933 0.439509 -0.042259
v 0.567565 0.681012 0.053874
v 0.556543 0.681012 0.027264
v 0.529933 0.685640 0.053874
v 0.556543 0.681012 0.080484
v 0.529933 0.681012 0.091507
v 0.503322 0.681012 0.080484
v 0.492300 0.681012 0.053874
v 0.503322 0.681012 0.027264
v 0.529933 0.681012 0.016241
v 0.555848 0.600892 0.053874
v 0.548258 0.600892 0.072199
v 0.529933 0.598914 0.053874
v 0.548258 0.600892 0.035549
v 0.529933 0.600892 0.027958
v 0.511608 0.600892 0.035549
v 0.504017 0.600892 0.053874
v 0.511608 0.600892 0.072199
v 0.529933 0.600892 0.079790
v 0.201175 0.401693 -0.113626
v 0.232561 0.404190 -0.082239
v 0.232561 0.401693 -0.126627
v 0.263948 0.401693 -0.113626
v 0.276948 0.401693 -0.082239
v 0.263948 0.401693 -0.050852
v 0.232561 0.401693 -0.037852
v 0.201175 0.401693 -0.050852
v 0.188174 0.401693 -0.082239
v 0.259103 0.097378 -0.108781
v 0.232561 0.095267 -0.082239
v 0.232561 0.097378 -0.119775
v 0.206019 0.097378 -0.108781
v 0.195025 0.097378 -0.082239
v 0.206019 0.097378 -0.055697
v 0.232561 0.097378 -0.044703
v 0.259103 0.097378 -0.055697
v 0.270097 0.097378 -0.082239
v 0.550438 1.196300 -0.034450
v 0.529933 1.203906 -0.013816
v 0.558932 1.196043 -0.013947
v 0.550438 1.195786 0.006557
v 0.529933 1.195680 0.015049
v 0.509427 1.195786 0.006557
v 0.500934 1.196043 -0.013947
v 0.509427 1.196300 -0.034450
v 0.529933 1.196406 -0.042943
v 0.542111 0.792071 -0.009287
v 0.529933 0.789480 -0.021510
v 0.547155 0.792223 -0.021464
v 0.542111 0.792376 -0.033641
v 0.529933 0.792439 -0.038685
v 0.517754 0.792376 -0.033641
v 0.512710 0.792223 -0.021464
v 0.517754 0.792071 -0.009287
v 0.529933 0.792007 -0.004243
v -0.557866 0.583948 0.053874
v -0.563911 0.590819 0.053874
v -0.553959 0.590819 0.029848
v -0.549685 0.583948 0.034122
v -0.549685 0.583948 0.073626
v -0.553959 0.590819 0.077900
v -0.529933 0.583948 0.081808
v -0.529933 0.590819 0.087852
v -0.510181 0.583948 0.073626
v -0.505907 0.590819 0.077900
v -0.501999 0.583948 0.053874
v -0.495955 0.590819 0.053874
v -0.510181 0.583948 0.034122
v -0.505907 0.590819 0.029848
v -0.529933 0.583948 0.025940
v -0.529933 0.590819 0.019896
v -0.556295 0.547660 0.053874
v -0.560505 0.537093 0.053874
v -0.551550 0.537093 0.075492
v -0.548574 0.547660 0.072515
v -0.548574 0.547660 0.035233
v -0.551550 0.537093 0.032256
v -0.529933 0.547660 0.027511
v -0.529933 0.537093 0.023302
v -0.511292 0.547660 0.035233
v -0.508315 0.537093 0.032256
v -0.503570 0.547660 0.053874
v -0.499361 0.537093 0.053874
v -0.511292 0.547660 0.072515
v -0.508315 0.537093 0.075492
v -0.529933 0.547660 0.080236
v -0.529933 0.537093 0.084446
v -0.474439 1.546400 -0.124558
v -0.527261 1.546400 -0.146438
v -0.527261 1.593622 -0.173360
v -0.455403 1.593622 -0.143595
v -0.580083 1.546400 -0.124558
v -0.599120 1.593622 -0.143595
v -0.601963 1.546400 -0.071736
v -0.628885 1.593622 -0.071736
v -0.580083 1.546400 -0.018914
v -0.599120 1.593622 0.000122
v -0.527261 1.546400 0.002965
v -0.527261 1.593622 0.029887
v -0.474439 1.546400 -0.018914
v -0.455403 1.593622 0.000122
v -0.452560 1.546400 -0.071736
v -0.425638 1.593622 -0.071736
v -0.527261 1.646179 -0.169339
v -0.458246 1.646179 -0.140752
v -0.596277 1.646179 -0.140752
v -0.624864 1.646179 -0.071736
v -0.596277 1.646179 -0.002721
v -0.527261 1.646179 0.025866
v -0.458246 1.646179 -0.002721
v -0.429659 1.646179 -0.071736
v -0.571930 1.292907 -0.116405
v -0.527261 1.292907 -0.134908
v -0.527261 1.267788 -0.154274
v -0.585624 1.267788 -0.130099
v -0.482592 1.292907 -0.116405
v -0.468898 1.267788 -0.130099
v -0.464090 1.292907 -0.071736
v -0.444724 1.267788 -0.071736
v -0.482592 1.292907 -0.027067
v -0.468898 1.267788 -0.013373
v -0.527261 1.292907 -0.008565
v -0.527261 1.267788 0.010801
v -0.571930 1.292907 -0.027067
v -0.585624 1.267788 -0.013373
v -0.590433 1.292907 -0.071736
v -0.609799 1.267788 -0.071736
v -0.527261 1.238158 -0.161074
v -0.590433 1.238158 -0.134908
v -0.464090 1.238158 -0.134908
v -0.437923 1.238158 -0.071736
v -0.464090 1.238158 -0.008565
v -0.527261 1.238158 0.017602
v -0.590433 1.238158 -0.008565
v -0.616599 1.238158 -0.071736
v -0.527261 1.202262 -0.144591
v -0.578777 1.202262 -0.123252
v -0.475745 1.202262 -0.123252
v -0.454407 1.202262 -0.071736
v -0.475745 1.202262 -0.020220
v -0.527261 1.202262 0.001118
v -0.578777 1.202262 -0.020220
v -0.600116 1.202262 -0.071736
v -0.482097 1.491091 -0.116901
v -0.527261 1.491091 -0.135609
v -0.463389 1.491091 -0.071736
v -0.482097 1.491091 -0.026571
v -0.527261 1.491091 -0.007864
v -0.572426 1.491091 -0.026571
v -0.591134 1.491091 -0.071736
v -0.572426 1.491091 -0.116901
v -0.527261 1.415094 -0.128147
v -0.567150 1.415094 -0.111625
v -0.583673 1.415094 -0.071736
v -0.567150 1.415094 -0.031848
v -0.527261 1.415094 -0.015325
v -0.487372 1.415094 -0.031848
v -0.470850 1.415094 -0.071736
v -0.487372 1.415094 -0.111625
v -0.527261 1.351632 -0.129546
v -0.568139 1.351632 -0.112614
v -0.585071 1.351632 -0.071736
v -0.568139 1.351632 -0.030859
v -0.527261 1.351632 -0.013927
v -0.486384 1.351632 -0.030859
v -0.469452 1.351632 -0.071736
v -0.486384 1.351632 -0.112614
v -0.563420 0.664415 0.053874
v -0.570666 0.672652 0.053874
v -0.558736 0.672652 0.025071
v -0.553612 0.664415 0.030195
v -0.553612 0.664415 0.077553
v -0.558736 0.672652 0.082677
v -0.529933 0.664415 0.087361
v -0.529933 0.672652 0.094607
v -0.506254 0.664415 0.077553
v -0.501130 0.672652 0.082677
v -0.496445 0.664415 0.053874
v -0.489199 0.672652 0.053874
v -0.506254 0.664415 0.030195
v -0.501130 0.672652 0.025071
v -0.529933 0.664415 0.020387
v -0.529933 0.672652 0.013140
v -0.561537 0.620913 0.053874
v -0.566583 0.608245 0.053874
v -0.555848 0.608245 0.079789
v -0.552280 0.620913 0.076221
v -0.552280 0.620913 0.031527
v -0.555848 0.608245 0.027958
v -0.529933 0.620913 0.022270
v -0.529933 0.608245 0.017224
v -0.507585 0.620913 0.031527
v -0.504017 0.608245 0.027958
v -0.498329 0.620913 0.053874
v -0.493283 0.608245 0.053874
v -0.507585 0.620913 0.076221
v -0.504017 0.608245 0.079789
v -0.529933 0.620913 0.085478
v -0.529933 0.608245 0.090524
v -0.556543 1.091811 -0.042294
v -0.567565 1.091478 -0.015687
v -0.581127 1.128702 -0.015067
v -0.566132 1.129155 -0.051263
v -0.556543 1.091144 0.010920
v -0.566132 1.128248 0.021129
v -0.529933 1.091006 0.021941
v -0.529933 1.128060 0.036121
v -0.503323 1.091144 0.010920
v -0.493733 1.128248 0.021129
v -0.492301 1.091478 -0.015687
v -0.478739 1.128702 -0.015067
v -0.503323 1.091811 -0.042294
v -0.493733 1.129155 -0.051263
v -0.529933 1.091949 -0.053315
v -0.529933 1.129343 -0.066256
v -0.579101 1.177627 -0.014253
v -0.564700 1.178062 -0.049017
v -0.564700 1.177191 0.020510
v -0.529933 1.177011 0.034910
v -0.495166 1.177191 0.020510
v -0.480764 1.177626 -0.014253
v -0.495166 1.178062 -0.049017
v -0.529933 1.178243 -0.063417
v -0.552435 0.883233 0.002555
v -0.561756 0.883515 -0.019945
v -0.573225 0.853076 -0.020452
v -0.560545 0.852693 0.010157
v -0.552435 0.883797 -0.042446
v -0.560545 0.853460 -0.051061
v -0.529933 0.883914 -0.051766
v -0.529933 0.853619 -0.063739
v -0.507430 0.883797 -0.042446
v -0.499321 0.853460 -0.051061
v -0.498109 0.883515 -0.019945
v -0.486641 0.853076 -0.020452
v -0.507430 0.883233 0.002555
v -0.499321 0.852693 0.010157
v -0.529933 0.883117 0.011875
v -0.529933 0.852534 0.022836
v -0.566634 0.805869 -0.021237
v -0.555885 0.805544 0.004712
v -0.555885 0.806194 -0.047186
v -0.529933 0.806329 -0.057935
v -0.503981 0.806194 -0.047186
v -0.493231 0.805869 -0.021237
v -0.503981 0.805544 0.004712
v -0.529933 0.805409 0.015460
v -0.552685 1.035872 -0.039367
v -0.562109 1.035587 -0.016617
v -0.529933 1.035991 -0.048790
v -0.507181 1.035872 -0.039367
v -0.497756 1.035587 -0.016617
v -0.507181 1.035302 0.006133
v -0.529933 1.035184 0.015557
v -0.552685 1.035302 0.006133
v -0.558703 0.956369 -0.018417
v -0.550276 0.956114 0.001925
v -0.529933 0.956009 0.010351
v -0.509589 0.956114 0.001925
v -0.501163 0.956369 -0.018417
v -0.509589 0.956624 -0.038758
v -0.529933 0.956730 -0.047184
v -0.550276 0.956624 -0.038758
v -0.174566 0.318771 -0.140234
v -0.232561 0.318771 -0.164256
v -0.232561 0.334423 -0.189400
v -0.156787 0.334423 -0.158013
v -0.290556 0.318771 -0.140234
v -0.308335 0.334423 -0.158013
v -0.314578 0.318771 -0.082239
v -0.339722 0.334423 -0.082239
v -0.290556 0.318771 -0.024244
v -0.308335 0.334423 -0.006465
v -0.232561 0.318771 -0.000222
v -0.232561 0.334423 0.024922
v -0.174566 0.318771 -0.024244
v -0.156787 0.334423 -0.006465
v -0.150544 0.318771 -0.082239
v -0.125400 0.334423 -0.082239
v -0.232561 0.358867 -0.198229
v -0.150544 0.358867 -0.164256
v -0.314578 0.358867 -0.164256
v -0.348551 0.358867 -0.082239
v -0.314578 0.358867 -0.000222
v -0.232561 0.358867 0.033751
v -0.150544 0.358867 -0.000222
v -0.116571 0.358867 -0.082239
v -0.232561 0.389276 -0.176828
v -0.165677 0.389276 -0.149124
v -0.299446 0.389276 -0.149124
v -0.327150 0.389276 -0.082239
v -0.299446 0.389276 -0.015355
v -0.232561 0.389276 0.012350
v -0.165677 0.389276 -0.015355
v -0.137972 0.389276 -0.082239
v -0.281604 0.172813 -0.131283
v -0.232561 0.172813 -0.151597
v -0.232561 0.144206 -0.176593
v -0.299279 0.144206 -0.148957
v -0.183518 0.172813 -0.131283
v -0.165843 0.144206 -0.148957
v -0.163203 0.172813 -0.082239
v -0.138207 0.144206 -0.082239
v -0.183518 0.172813 -0.033196
v -0.165843 0.144206 -0.015521
v -0.232561 0.172813 -0.012881
v -0.232561 0.144206 0.012114
v -0.281604 0.172813 -0.033196
v -0.299279 0.144206 -0.015521
v -0.301919 0.172813 -0.082239
v -0.326915 0.144206 -0.082239
v -0.232561 0.107879 -0.162228
v -0.289122 0.107879 -0.138800
v -0.176000 0.107879 -0.138800
v -0.152572 0.107879 -0.082239
v -0.176000 0.107879 -0.025678
v -0.232561 0.107879 -0.002250
v -0.289122 0.107879 -0.025678
v -0.312550 0.107879 -0.082239
v -0.182973 0.281277 -0.131827
v -0.232561 0.281277 -0.152367
v -0.162433 0.281277 -0.082239
v -0.182973 0.281277 -0.032651
v -0.232561 0.281277 -0.012111
v -0.282149 0.281277 -0.032651
v -0.302689 0.281277 -0.082239
v -0.282149 0.281277 -0.131827
v -0.232561 0.220065 -0.144942
v -0.276899 0.220065 -0.126577
v -0.295264 0.220065 -0.082239
v -0.276899 0.220065 -0.037901
v -0.232561 0.220065 -0.019536
v -0.188223 0.220065 -0.037901
v -0.169858 0.220065 -0.082239
v -0.188223 0.220065 -0.126577
v 0.084487 1.648334 -0.347092
v -0.009413 1.647286 -0.384220
v -0.009413 1.695393 -0.389709
v 0.091803 1.696521 -0.359724
v -0.084487 1.648334 -0.347092
v -0.091803 1.696521 -0.359724
v -0.074579 1.696521 -0.208698
v -0.084412 1.642098 -0.246571
v 0.000000 1.647165 -0.186044
v 0.000000 1.694910 -0.191492
v 0.084412 1.642098 -0.246571
v 0.074579 1.696521 -0.208698
v -0.009413 1.110992 -0.383977
v 0.092593 1.115613 -0.354553
v -0.009413 1.162867 -0.379183
v 0.084993 1.163190 -0.342574
v -0.092593 1.115613 -0.354553
v -0.084993 1.163190 -0.342574
v -0.075370 1.115613 -0.202225
v 0.000000 1.109011 -0.186032
v 0.000000 1.162371 -0.181054
v -0.085060 1.169368 -0.242629
v 0.075370 1.115613 -0.202225
v 0.085060 1.169368 -0.242629
v -0.009413 1.217052 -0.377244
v 0.065894 1.217052 -0.343650
v -0.009413 1.256816 -0.377244
v 0.090345 1.256816 -0.340464
v -0.065894 1.217052 -0.343650
v -0.090345 1.256816 -0.340464
v -0.070601 1.217052 -0.249956
v -0.091209 1.249898 -0.240936
v 0.000000 1.217052 -0.179081
v 0.000000 1.256816 -0.179081
v 0.070601 1.217052 -0.249956
v 0.091209 1.249898 -0.240936
v -0.009413 1.312156 -0.377244
v 0.101163 1.312156 -0.348011
v -0.009413 1.367497 -0.377244
v 0.090345 1.367497 -0.340464
v -0.101163 1.312156 -0.348011
v -0.090345 1.367497 -0.340464
v -0.082282 1.312156 -0.195745
v -0.000000 1.312156 -0.179081
v 0.000000 1.367497 -0.179081
v -0.091209 1.374415 -0.240936
v 0.082282 1.312156 -0.195745
v 0.091209 1.374415 -0.240936
v -0.009413 1.422838 -0.377244
v 0.065894 1.422838 -0.343650
v -0.009413 1.454814 -0.377244
v 0.089416 1.454814 -0.340464
v -0.065894 1.422838 -0.343650
v -0.089416 1.454814 -0.340464
v -0.070601 1.422838 -0.249956
v -0.090728 1.447896 -0.240936
v 0.000000 1.422838 -0.179081
v -0.000000 1.454814 -0.179081
v 0.070601 1.422838 -0.249956
v 0.090728 1.447896 -0.240936
v -0.009413 1.510155 -0.377244
v 0.099505 1.510155 -0.348011
v -0.009413 1.565496 -0.377244
v 0.089416 1.565495 -0.340464
v -0.099505 1.510155 -0.348011
v -0.089416 1.565495 -0.340464
v -0.082282 1.510155 -0.195745
v -0.000000 1.510155 -0.179081
v 0.000000 1.565495 -0.179081
v -0.090728 1.572413 -0.240936
v 0.082282 1.510155 -0.195745
v 0.090728 1.572413 -0.240936
v -0.009413 1.606817 -0.379258
v 0.065894 1.606817 -0.345958
v -0.065894 1.606817 -0.345958
v -0.070601 1.606817 -0.251808
v 0.000000 1.606817 -0.181095
v 0.070601 1.606817 -0.251808
v -0.256366 1.657966 -0.217161
v -0.170329 1.661483 -0.290969
v -0.131576 1.655590 -0.231032
v -0.187648 1.652073 -0.184369
v -0.178941 1.696843 -0.308127
v -0.170329 1.732203 -0.297917
v -0.271636 1.693326 -0.228657
v -0.256366 1.728686 -0.224631
v -0.110046 1.696843 -0.203397
v -0.131576 1.738096 -0.239323
v -0.187648 1.734579 -0.192226
v -0.149471 1.693326 -0.170680
v 0.131576 1.655590 -0.231032
v 0.170329 1.661483 -0.290969
v 0.187648 1.652073 -0.184369
v 0.256366 1.657966 -0.217161
v 0.110046 1.696843 -0.203397
v 0.131576 1.738096 -0.239323
v 0.149471 1.693326 -0.170680
v 0.187648 1.734579 -0.192226
v 0.178941 1.696843 -0.308124
v 0.170329 1.732203 -0.297917
v 0.256366 1.728686 -0.224631
v 0.271636 1.693326 -0.228657
v -0.261901 1.079833 -0.222357
v -0.173492 1.083350 -0.297866
v -0.134739 1.077753 -0.235509
v -0.193183 1.074236 -0.184863
v -0.182103 1.116934 -0.309201
v -0.173492 1.150517 -0.292213
v -0.277171 1.113416 -0.227364
v -0.261901 1.147000 -0.215170
v -0.113209 1.116934 -0.196637
v -0.134739 1.156114 -0.228282
v -0.193183 1.152597 -0.178022
v -0.155006 1.113416 -0.159546
v 0.134739 1.077753 -0.235509
v 0.173492 1.083350 -0.297866
v 0.193183 1.074236 -0.184863
v 0.261901 1.079833 -0.222357
v 0.113209 1.116934 -0.196637
v 0.134739 1.156114 -0.228282
v 0.155006 1.113416 -0.159546
v 0.193183 1.152597 -0.178022
v 0.182103 1.116934 -0.309201
v 0.173492 1.150517 -0.292213
v 0.261901 1.147000 -0.215170
v 0.277171 1.113416 -0.227364
v -0.320647 1.267134 -0.207872
v -0.206943 1.270651 -0.284961
v -0.164459 1.263733 -0.223444
v -0.246334 1.260216 -0.170568
v -0.216383 1.312156 -0.298632
v -0.206943 1.353662 -0.284961
v -0.337161 1.308639 -0.216162
v -0.320647 1.350145 -0.207872
v -0.140858 1.312156 -0.189267
v -0.164459 1.360580 -0.223444
v -0.246334 1.357062 -0.170568
v -0.205049 1.308639 -0.149843
v 0.164459 1.263733 -0.223444
v 0.206943 1.270651 -0.284961
v 0.246334 1.260216 -0.170568
v 0.320647 1.267134 -0.207872
v 0.140858 1.312156 -0.189267
v 0.164459 1.360580 -0.223444
v 0.205049 1.308639 -0.149843
v 0.246334 1.357062 -0.170568
v 0.216383 1.312156 -0.298632
v 0.206943 1.353662 -0.284961
v 0.320647 1.350145 -0.207872
v 0.337161 1.308639 -0.216162
v -0.310286 1.465132 -0.207872
v -0.201140 1.468649 -0.284961
v -0.162387 1.461732 -0.223444
v -0.241568 1.458215 -0.170568
v -0.209752 1.510155 -0.298632
v -0.201140 1.551660 -0.284961
v -0.325557 1.506638 -0.216162
v -0.310286 1.548143 -0.207872
v -0.140858 1.510155 -0.189267
v -0.162387 1.558578 -0.223444
v -0.241568 1.555061 -0.170568
v -0.203391 1.506638 -0.149843
v 0.162387 1.461732 -0.223444
v 0.201140 1.468649 -0.284961
v 0.241568 1.458215 -0.170568
v 0.310286 1.465132 -0.207872
v 0.140858 1.510155 -0.189267
v 0.162387 1.558578 -0.223444
v 0.203391 1.506638 -0.149843
v 0.241568 1.555061 -0.170568
v 0.209752 1.510155 -0.298632
v 0.201140 1.551660 -0.284961
v 0.310286 1.548143 -0.207872
v 0.325557 1.506638 -0.216162
v -0.357325 1.640380 -0.022411
v -0.324435 1.647415 -0.113508
v -0.243328 1.641521 -0.098193
v -0.276809 1.634487 -0.026078
v -0.342459 1.682774 -0.120397
v -0.324435 1.718134 -0.119588
v -0.375217 1.675740 -0.023460
v -0.357325 1.711100 -0.025306
v -0.198269 1.682774 -0.094784
v -0.243328 1.724027 -0.105622
v -0.276809 1.716993 -0.029069
v -0.232077 1.675740 -0.029688
v 0.243328 1.641521 -0.098193
v 0.324435 1.647415 -0.113508
v 0.276809 1.634487 -0.026078
v 0.357325 1.640380 -0.022411
v 0.198269 1.682774 -0.094784
v 0.243328 1.724027 -0.105622
v 0.232077 1.675740 -0.029688
v 0.276809 1.716993 -0.029069
v 0.342459 1.682774 -0.120397
v 0.324435 1.718134 -0.119588
v 0.357325 1.711100 -0.025306
v 0.375217 1.675740 -0.023460
v -0.364277 1.062247 0.024669
v -0.330761 1.069282 -0.098614
v -0.249654 1.063684 -0.082024
v -0.283761 1.056650 0.019981
v -0.348784 1.102865 -0.100642
v -0.330761 1.136448 -0.093946
v -0.382170 1.095831 0.025737
v -0.364277 1.129414 0.025340
v -0.204594 1.102865 -0.070755
v -0.249654 1.142045 -0.076484
v -0.283761 1.135011 0.020348
v -0.239030 1.095831 0.017378
v 0.249654 1.063684 -0.082024
v 0.330761 1.069282 -0.098614
v 0.283761 1.056650 0.019981
v 0.364277 1.062247 0.024669
v 0.204594 1.102865 -0.070755
v 0.249654 1.142045 -0.076484
v 0.239030 1.095831 0.017377
v 0.283761 1.135011 0.020348
v 0.348784 1.102865 -0.100642
v 0.330761 1.136448 -0.093946
v 0.364277 1.129414 0.025340
v 0.382170 1.095831 0.025737
v -0.432003 1.249548 0.029548
v -0.398492 1.256582 -0.087264
v -0.313654 1.249665 -0.074545
v -0.350554 1.250419 0.023451
v -0.417344 1.298088 -0.089673
v -0.398492 1.339593 -0.087264
v -0.450103 1.291053 0.031152
v -0.432003 1.332559 0.030027
v -0.266523 1.298088 -0.065330
v -0.313654 1.346511 -0.074545
v -0.350554 1.339477 0.023957
v -0.305305 1.291053 0.020024
v 0.313654 1.249665 -0.074545
v 0.398492 1.256582 -0.087264
v 0.350554 1.250419 0.023451
v 0.432003 1.249548 0.029548
v 0.266523 1.298088 -0.065330
v 0.313654 1.346511 -0.074545
v 0.305305 1.291053 0.020024
v 0.350554 1.339477 0.023957
v 0.417344 1.298088 -0.089673
v 0.398492 1.339593 -0.087264
v 0.432003 1.332559 0.030027
v 0.450103 1.291053 0.031152
v -0.418948 1.447546 0.026932
v -0.386058 1.454581 -0.087248
v -0.304951 1.447663 -0.074310
v -0.338432 1.444523 0.020849
v -0.404082 1.496086 -0.089673
v -0.386058 1.537591 -0.087248
v -0.436840 1.489052 0.028551
v -0.418948 1.530557 0.027420
v -0.259892 1.496086 -0.065069
v -0.304951 1.544509 -0.074310
v -0.338432 1.537475 0.021367
v -0.293700 1.489052 0.017456
v 0.304951 1.447663 -0.074310
v 0.386058 1.454581 -0.087248
v 0.338432 1.444523 0.020849
v 0.418948 1.447546 0.026932
v 0.259892 1.496086 -0.065069
v 0.304951 1.544509 -0.074310
v 0.293700 1.489052 0.017456
v 0.338432 1.537475 0.021367
v 0.404082 1.496086 -0.089673
v 0.386058 1.537591 -0.087248
v 0.418948 1.530557 0.027420
v 0.436840 1.489052 0.028551
v -0.277214 1.655296 0.154379
v -0.337823 1.647415 0.057997
v -0.266282 1.641521 0.030397
v -0.219939 1.649548 0.105814
v -0.353722 1.682774 0.064139
v -0.337823 1.718134 0.057997
v -0.289941 1.689788 0.165171
v -0.277214 1.724279 0.154378
v -0.226536 1.682774 0.047442
v -0.266281 1.724027 0.030361
v -0.219939 1.730028 0.105814
v -0.188121 1.677926 0.078834
v 0.266282 1.641521 0.030397
v 0.337823 1.647415 0.057997
v 0.219940 1.649548 0.105814
v 0.277214 1.655296 0.154379
v 0.226536 1.682774 0.047442
v 0.266282 1.724027 0.030361
v 0.188121 1.677926 0.078833
v 0.219940 1.730028 0.105814
v 0.353722 1.682774 0.064139
v 0.337823 1.718134 0.057997
v 0.277214 1.724279 0.154379
v 0.289941 1.689788 0.165171
v -0.286510 1.091054 0.243827
v -0.346657 1.069282 0.133745
v -0.275115 1.063684 0.101206
v -0.229236 1.085601 0.188144
v -0.362555 1.102865 0.140976
v -0.346657 1.136448 0.133745
v -0.299238 1.123769 0.255680
v -0.286510 1.156484 0.242745
v -0.235370 1.102865 0.083128
v -0.275115 1.142045 0.101206
v -0.229236 1.161936 0.186882
v -0.197417 1.123769 0.156529
v 0.275115 1.063684 0.101205
v 0.346657 1.069282 0.133745
v 0.229236 1.085601 0.188144
v 0.286510 1.091054 0.243827
v 0.235370 1.102865 0.083128
v 0.275115 1.142045 0.101206
v 0.197417 1.123769 0.156528
v 0.229236 1.161936 0.186882
v 0.362555 1.102865 0.140976
v 0.346657 1.136448 0.133745
v 0.286510 1.156484 0.242745
v 0.299238 1.123769 0.255680
v -0.342738 1.273724 0.270220
v -0.412709 1.256582 0.147375
v -0.341167 1.249665 0.114882
v -0.285464 1.266951 0.214447
v -0.428607 1.298088 0.154606
v -0.412709 1.339593 0.147375
v -0.355466 1.314361 0.282614
v -0.342738 1.354999 0.270220
v -0.301421 1.298088 0.096918
v -0.341167 1.346511 0.114882
v -0.285464 1.361772 0.214448
v -0.253645 1.314361 0.183463
v 0.341167 1.249665 0.114882
v 0.412709 1.256582 0.147375
v 0.285464 1.266951 0.214447
v 0.342738 1.273724 0.270220
v 0.301421 1.298088 0.096918
v 0.341167 1.346511 0.114882
v 0.253645 1.314361 0.183463
v 0.285464 1.361772 0.214448
v 0.428607 1.298088 0.154606
v 0.412709 1.339593 0.147375
v 0.342738 1.354999 0.270220
v 0.355466 1.314361 0.282614
v -0.331134 1.467092 0.250030
v -0.399446 1.454581 0.135837
v -0.327904 1.447663 0.103493
v -0.273860 1.460320 0.194257
v -0.415345 1.496086 0.143068
v -0.399446 1.537591 0.135837
v -0.343861 1.507730 0.262424
v -0.331134 1.548367 0.250030
v -0.288159 1.496086 0.085626
v -0.327904 1.544509 0.103493
v -0.273860 1.555140 0.194257
v -0.242041 1.507730 0.163272
v 0.327904 1.447663 0.103493
v 0.399446 1.454581 0.135837
v 0.273860 1.460320 0.194257
v 0.331134 1.467092 0.250030
v 0.288159 1.496086 0.085626
v 0.327904 1.544509 0.103493
v 0.242041 1.507730 0.163272
v 0.273860 1.555140 0.194257
v 0.415345 1.496086 0.143068
v 0.399446 1.537591 0.135837
v 0.331134 1.548367 0.250030
v 0.343861 1.507730 0.262423
v -0.086289 1.592756 0.260606
v -0.186778 1.638434 0.216065
v -0.145976 1.633120 0.157333
v -0.071905 1.587988 0.189004
v -0.195845 1.670321 0.229116
v -0.186778 1.702209 0.216065
v -0.092257 1.633783 0.263168
v -0.087409 1.663065 0.249319
v -0.123308 1.660905 0.124705
v -0.145976 1.707523 0.157333
v -0.065594 1.667946 0.186998
v -0.053475 1.633783 0.152376
v 0.145976 1.633120 0.157333
v 0.186778 1.638434 0.216065
v 0.071905 1.587988 0.189004
v 0.086289 1.592756 0.260606
v 0.123308 1.660905 0.124705
v 0.145976 1.707523 0.157333
v 0.053475 1.633783 0.152375
v 0.065594 1.667946 0.186998
v 0.195845 1.670321 0.229116
v 0.186778 1.702209 0.216065
v 0.087409 1.663065 0.249319
v 0.092257 1.633783 0.263168
v -0.074248 1.192250 0.315153
v -0.192449 1.128233 0.296818
v -0.151646 1.123214 0.233662
v -0.060798 1.187666 0.252267
v -0.201516 1.158343 0.308770
v -0.192449 1.188454 0.292492
v -0.077237 1.219756 0.325482
v -0.073242 1.261246 0.313954
v -0.128978 1.158343 0.195851
v -0.151646 1.193472 0.228614
v -0.064532 1.264599 0.241538
v -0.053327 1.219756 0.212563
v 0.151646 1.123214 0.233662
v 0.192449 1.128233 0.296818
v 0.060798 1.187666 0.252266
v 0.074248 1.192250 0.315153
v 0.128979 1.158343 0.195850
v 0.151646 1.193472 0.228614
v 0.053327 1.219756 0.212562
v 0.064532 1.264599 0.241538
v 0.201516 1.158343 0.308770
v 0.192449 1.188454 0.292492
v 0.073242 1.261246 0.313954
v 0.077237 1.219756 0.325482
v -0.076377 1.315370 0.316250
v -0.224221 1.297013 0.311169
v -0.183418 1.290674 0.247652
v -0.068548 1.308279 0.245111
v -0.233288 1.335046 0.325284
v -0.224220 1.373079 0.311169
v -0.082134 1.359946 0.325284
v -0.076377 1.408643 0.314404
v -0.160750 1.335046 0.212364
v -0.183418 1.379417 0.247652
v -0.068548 1.413674 0.242746
v -0.058224 1.359946 0.212364
v 0.183418 1.290674 0.247652
v 0.224221 1.297013 0.311169
v 0.068548 1.308279 0.245111
v 0.076377 1.315370 0.316250
v 0.160750 1.335046 0.212364
v 0.183418 1.379417 0.247652
v 0.058224 1.359946 0.212364
v 0.068548 1.413674 0.242746
v 0.233288 1.335046 0.325284
v 0.224220 1.373079 0.311169
v 0.076377 1.408643 0.314404
v 0.082134 1.359946 0.325284
v -0.075722 1.459187 0.295021
v -0.217589 1.476490 0.288094
v -0.176787 1.470151 0.224576
v -0.067710 1.452930 0.224401
v -0.226656 1.514523 0.302209
v -0.217589 1.552556 0.288094
v -0.081112 1.505430 0.302209
v -0.075722 1.552459 0.290960
v -0.154119 1.514523 0.189289
v -0.176787 1.558895 0.224576
v -0.067710 1.558324 0.219198
v -0.057202 1.505430 0.189289
v 0.176787 1.470151 0.224576
v 0.217589 1.476490 0.288094
v 0.067710 1.452930 0.224401
v 0.075722 1.459187 0.295021
v 0.154119 1.514523 0.189289
v 0.176787 1.558895 0.224576
v 0.057202 1.505430 0.189289
v 0.067710 1.558324 0.219198
v 0.226656 1.514523 0.302209
v 0.217589 1.552556 0.288094
v 0.075722 1.552459 0.290960
v 0.081112 1.505430 0.302209
v 0.000000 1.630245 0.161599
v 0.000000 1.590310 0.165060
v 0.000000 1.663395 0.196886
v 0.000000 1.658659 0.260404
v -0.000000 1.630245 0.274518
v -0.000000 1.590310 0.277980
v -0.000000 1.506522 0.189289
v -0.000000 1.460442 0.192174
v 0.000000 1.552603 0.185828
v -0.000000 1.506522 0.302209
v -0.000000 1.552603 0.298747
v -0.000000 1.460442 0.305093
v -0.000000 1.365669 0.212364
v 0.000000 1.319588 0.212364
v -0.000000 1.411749 0.209480
v 0.000000 1.365669 0.325284
v 0.000000 1.411749 0.322399
v 0.000000 1.319588 0.325284
v 0.000000 1.230109 0.218133
v 0.000000 1.199031 0.258468
v 0.000000 1.268267 0.213807
v 0.000000 1.230109 0.331052
v 0.000000 1.268267 0.326726
v 0.000000 1.203471 0.321264
v 0.063265 1.885703 -0.328137
v 0.000000 1.885703 -0.354342
v -0.063265 1.885703 -0.328137
v -0.089470 1.885703 -0.264873
v -0.063265 1.885703 -0.201608
v 0.000000 1.885703 -0.175403
v 0.063265 1.885703 -0.201608
v 0.089470 1.885703 -0.264873
v 0.000000 1.761340 -0.354342
v 0.063265 1.761340 -0.328137
v -0.063265 1.761340 -0.328137
v -0.089470 1.761340 -0.264873
v -0.063265 1.761340 -0.201608
v 0.000000 1.761340 -0.175403
v 0.063265 1.761340 -0.201608
v 0.089470 1.761340 -0.264873
v 0.060036 1.773316 -0.317114
v 0.000000 1.773316 -0.338753
v 0.000000 1.872977 -0.338753
v 0.060036 1.872977 -0.317114
v -0.060036 1.773316 -0.317114
v -0.060036 1.872977 -0.317114
v -0.081675 1.773316 -0.264873
v -0.081675 1.872977 -0.264873
v -0.060036 1.773316 -0.212632
v -0.060036 1.872977 -0.212632
v 0.000000 1.773316 -0.190993
v 0.000000 1.872977 -0.190993
v 0.060036 1.773316 -0.212632
v 0.060036 1.872977 -0.212632
v 0.081675 1.773316 -0.264873
v 0.081675 1.872977 -0.264873
v 0.063265 1.052071 -0.337996
v -0.000000 1.052071 -0.364201
v -0.063265 1.052071 -0.337996
v -0.089470 1.052071 -0.274731
v -0.063265 1.052071 -0.211467
v -0.000000 1.052071 -0.185262
v 0.063265 1.052071 -0.211467
v 0.089470 1.052071 -0.274731
v -0.000000 0.927708 -0.364201
v 0.063265 0.927708 -0.337996
v -0.063265 0.927708 -0.337996
v -0.089470 0.927708 -0.274731
v -0.063265 0.927708 -0.211467
v -0.000000 0.927708 -0.185262
v 0.063265 0.927708 -0.211467
v 0.089470 0.927708 -0.274731
v 0.060036 0.939684 -0.326972
v -0.000000 0.939684 -0.348611
v -0.000000 1.039345 -0.348611
v 0.060036 1.039345 -0.326972
v -0.060036 0.939684 -0.326972
v -0.060036 1.039345 -0.326972
v -0.081675 0.939684 -0.274731
v -0.081675 1.039345 -0.274731
v -0.060036 0.939684 -0.222491
v -0.060036 1.039345 -0.222491
v -0.000000 0.939684 -0.200852
v -0.000000 1.039345 -0.200852
v 0.060036 0.939684 -0.222491
v 0.060036 1.039345 -0.222491
v 0.081675 0.939684 -0.274731
v 0.081675 1.039345 -0.274731
v 0.275613 2.085817 0.465740
v 0.338626 2.018691 0.392675
v 0.415964 2.108282 0.392708
v 0.264831 2.355082 0.317269
v 0.263181 2.271116 0.320233
v 0.338058 2.265200 0.322027
v 0.342871 2.358040 0.320959
v 0.264780 2.198470 0.346773
v 0.323329 2.219906 0.345934
v 0.132072 2.261488 0.386487
v 0.194592 2.271709 0.343200
v 0.193371 2.354786 0.341671
v 0.128321 2.359896 0.387725
v 0.187075 2.199831 0.370902
v 0.146372 2.214564 0.402055
v 0.187075 2.454355 0.370902
v 0.146372 2.439623 0.402055
v 0.264780 2.455717 0.346773
v 0.323330 2.434281 0.345934
v 0.266590 2.732239 0.394056
v 0.271494 2.636624 0.435734
v 0.405377 2.601976 0.374926
v 0.380876 2.670464 0.359200
v 0.279169 2.554004 0.460687
v 0.424211 2.515724 0.390164
v 0.000000 2.674606 0.480342
v 0.113521 2.669164 0.471874
v 0.111037 2.782311 0.419844
v 0.000000 2.789596 0.427592
v 0.124714 2.569134 0.503268
v 0.000000 2.544356 0.524029
v 0.000000 2.877095 0.351048
v 0.113675 2.867450 0.344760
v 0.121474 2.941059 0.191366
v 0.000000 2.953167 0.194659
v 0.277284 2.806713 0.326008
v 0.301226 2.872993 0.181500
v 0.416610 2.702702 0.310008
v 0.462373 2.757005 0.172218
v 0.314404 2.895492 0.009799
v 0.483075 2.775533 0.009799
v 0.126674 2.965863 0.009799
v 0.000000 2.978539 0.009799
v 0.000000 2.969309 -0.116605
v 0.124074 2.956770 -0.114376
v 0.116275 2.891078 -0.298144
v 0.000000 2.901739 -0.303467
v 0.308195 2.887200 -0.107690
v 0.285771 2.829091 -0.278920
v 0.474061 2.768679 -0.101218
v 0.433647 2.723351 -0.259697
v 0.266590 2.723459 -0.423558
v 0.380876 2.667626 -0.375037
v 0.111037 2.769541 -0.457327
v 0.000000 2.776826 -0.465076
v 0.000000 2.666092 -0.521204
v 0.113521 2.660650 -0.512735
v 0.118409 2.544807 -0.537991
v 0.000000 2.548578 -0.546790
v 0.271494 2.630771 -0.471275
v 0.283657 2.530104 -0.491113
v 0.405377 2.600912 -0.395460
v 0.426620 2.517817 -0.404933
v 0.446154 2.376001 -0.402786
v 0.297376 2.377930 -0.492504
v 0.124085 2.380823 -0.542656
v 0.000000 2.381788 -0.551818
v 0.000000 2.217706 -0.528330
v 0.122981 2.219634 -0.519237
v 0.118566 2.119761 -0.485706
v 0.000000 2.115989 -0.494368
v 0.294740 2.225420 -0.469486
v 0.280459 2.131502 -0.439413
v 0.441076 2.229278 -0.382846
v 0.414196 2.139442 -0.359768
v 0.346379 2.042730 -0.320040
v 0.251103 2.023026 -0.371708
v 0.113048 2.002578 -0.406285
v 0.000000 1.996639 -0.413673
v 0.254651 1.941611 -0.226132
v 0.115189 1.916900 -0.243196
v 0.000000 1.910684 -0.247803
v 0.398250 2.017950 -0.217398
v 0.263453 1.913412 -0.060610
v 0.436797 1.995957 -0.062991
v 0.444495 1.978042 0.060663
v 0.000000 1.890185 -0.071750
v 0.113621 1.895962 -0.069821
v 0.109527 1.865270 0.041864
v 0.338707 1.759977 0.244589
v 0.240371 1.740974 0.254360
v 0.252983 1.754613 0.160920
v 0.343305 1.767905 0.167745
v 0.210537 1.782228 0.404649
v 0.221747 1.749926 0.352663
v 0.307046 1.767180 0.335053
v 0.285553 1.790457 0.374170
v 0.386824 2.014989 0.330212
v 0.480213 2.130512 0.311265
v 0.433366 1.992374 0.207694
v 0.542488 2.122741 0.172388
v 0.566963 2.114900 0.018172
v 0.594189 2.379859 0.170191
v 0.580435 2.221563 0.168766
v 0.606391 2.217706 0.009799
v 0.620925 2.381788 0.009799
v 0.457444 2.227165 0.388108
v 0.513209 2.227350 0.314404
v 0.522368 2.376966 0.317125
v 0.463061 2.374110 0.390923
v 0.557049 2.118453 -0.088953
v 0.504070 2.130439 -0.237309
v 0.550153 2.377930 -0.258528
v 0.539047 2.225420 -0.250327
v 0.595985 2.219634 -0.097660
v 0.610440 2.380823 -0.098625
v 0.591926 2.544807 -0.095667
v 0.602018 2.548578 0.009799
v 0.531241 2.530104 -0.256239
v 0.494895 2.630771 -0.255562
v 0.557134 2.666092 0.009799
v 0.547353 2.660650 -0.097403
v 0.502904 2.524300 0.306725
v 0.575752 2.540358 0.165564
v 0.532949 2.652497 0.167358
v 0.471244 2.617197 0.305457
v 0.350182 2.175078 0.448928
v 0.268646 2.145932 0.482696
v 0.385116 2.361703 0.444397
v 0.380102 2.253296 0.443701
v 0.000000 2.094135 0.413220
v 0.017630 2.088310 0.412334
v 0.014701 2.126451 0.429663
v 0.000000 2.133325 0.431365
v 0.033705 2.079111 0.424535
v 0.026843 2.109859 0.437482
v 0.023411 2.049894 0.422353
v 0.036881 2.052462 0.433452
v 0.000000 2.054993 0.422565
v 0.110006 2.465522 0.525774
v 0.168012 2.492607 0.512805
v 0.269096 2.490492 0.482820
v 0.000000 2.380452 0.551817
v 0.078733 2.364980 0.540502
v 0.350182 2.454392 0.448928
v 0.350182 2.175078 0.448928
v 0.268646 2.145932 0.482696
v 0.380102 2.253296 0.443701
v 0.385116 2.361703 0.444397
v 0.114724 2.187645 0.523186
v 0.164415 2.150116 0.511811
v 0.078733 2.364980 0.540502
v 0.081589 2.244849 0.534840
v 0.110006 2.465522 0.525774
v 0.168012 2.492607 0.512805
v 0.269096 2.490492 0.482820
v 0.350182 2.454392 0.448928
v 0.000000 1.766128 0.172175
v 0.021218 1.732370 0.163232
v 0.363562 1.857881 0.235784
v 0.364258 1.842897 0.138129
v 0.292061 1.878132 0.386969
v 0.327356 1.872615 0.336181
v 0.015600 1.768336 0.442224
v 0.000000 1.797942 0.434525
v 0.114724 2.187645 0.523186
v 0.081589 2.244849 0.534840
v 0.025289 2.169124 0.515567
v 0.049165 2.130762 0.508819
v 0.000000 2.238378 0.545333
v 0.000000 2.179744 0.518554
v 0.076158 2.083427 0.504242
v 0.164415 2.150116 0.511811
v 0.138685 2.066756 0.506693
v 0.077856 2.041506 0.501885
v 0.098028 1.982858 0.489966
v 0.051521 2.023384 0.499730
v 0.000000 2.022642 0.500715
v 0.183109 1.812777 0.400628
v 0.188936 1.793504 0.351850
v 0.200997 1.785071 0.258314
v 0.092101 1.853223 0.465694
v 0.092731 1.763546 0.435922
v 0.168578 1.777348 0.424170
v 0.018078 1.735388 0.381752
v 0.095085 1.729568 0.376166
v 0.170905 1.743905 0.367153
v 0.101200 1.716973 0.264461
v 0.180614 1.732219 0.260564
v 0.020675 1.722786 0.268190
v 0.106682 1.729420 0.160653
v 0.191329 1.743694 0.162043
v 0.108855 1.791493 0.108759
v 0.000000 1.758335 0.270386
v 0.000000 1.787124 0.386842
v 0.212556 1.779939 0.178027
v -0.275613 2.085817 0.465740
v -0.415964 2.108282 0.392708
v -0.338626 2.018691 0.392675
v -0.264831 2.355082 0.317269
v -0.342871 2.358040 0.320959
v -0.338058 2.265200 0.322027
v -0.263181 2.271116 0.320233
v -0.323330 2.219906 0.345933
v -0.264780 2.198470 0.346773
v -0.132072 2.261488 0.386487
v -0.128321 2.359896 0.387725
v -0.193371 2.354786 0.341671
v -0.194592 2.271709 0.343200
v -0.187075 2.199831 0.370902
v -0.146372 2.214564 0.402055
v -0.146372 2.439623 0.402055
v -0.187075 2.454355 0.370902
v -0.264780 2.455717 0.346773
v -0.323330 2.434281 0.345933
v -0.266590 2.732239 0.394056
v -0.380876 2.670463 0.359200
v -0.405377 2.601976 0.374926
v -0.271494 2.636624 0.435734
v -0.424211 2.515724 0.390164
v -0.279169 2.554004 0.460687
v -0.111037 2.782311 0.419844
v -0.113521 2.669164 0.471874
v -0.124714 2.569134 0.503268
v -0.121474 2.941059 0.191366
v -0.113675 2.867450 0.344760
v -0.301226 2.872993 0.181500
v -0.277284 2.806713 0.326008
v -0.462373 2.757005 0.172218
v -0.416610 2.702702 0.310008
v -0.314404 2.895492 0.009799
v -0.483075 2.775533 0.009799
v -0.126674 2.965863 0.009799
v -0.116275 2.891078 -0.298144
v -0.124074 2.956770 -0.114376
v -0.285771 2.829091 -0.278920
v -0.308195 2.887200 -0.107690
v -0.433647 2.723351 -0.259697
v -0.474061 2.768679 -0.101218
v -0.266590 2.723459 -0.423558
v -0.380876 2.667626 -0.375037
v -0.111037 2.769541 -0.457327
v -0.118409 2.544807 -0.537991
v -0.113521 2.660650 -0.512735
v -0.283657 2.530104 -0.491113
v -0.271494 2.630771 -0.471275
v -0.426620 2.517817 -0.404933
v -0.405377 2.600912 -0.395460
v -0.446154 2.376001 -0.402786
v -0.297376 2.377930 -0.492504
v -0.124085 2.380823 -0.542656
v -0.118566 2.119761 -0.485706
v -0.122981 2.219634 -0.519237
v -0.280459 2.131502 -0.439413
v -0.294740 2.225421 -0.469486
v -0.414196 2.139442 -0.359768
v -0.441076 2.229278 -0.382846
v -0.346379 2.042730 -0.320040
v -0.251104 2.023026 -0.371708
v -0.113048 2.002578 -0.406285
v -0.254651 1.941611 -0.226132
v -0.115189 1.916900 -0.243196
v -0.398250 2.017950 -0.217398
v -0.444495 1.978042 0.060663
v -0.436797 1.995957 -0.062991
v -0.263453 1.913412 -0.060610
v -0.109527 1.865270 0.041864
v -0.113621 1.895962 -0.069821
v -0.338707 1.759977 0.244589
v -0.343305 1.767905 0.167745
v -0.252983 1.754613 0.160920
v -0.240371 1.740974 0.254360
v -0.210537 1.782228 0.404649
v -0.285553 1.790457 0.374170
v -0.307046 1.767180 0.335053
v -0.221747 1.749926 0.352663
v -0.480213 2.130512 0.311265
v -0.386824 2.014989 0.330212
v -0.542488 2.122741 0.172388
v -0.433366 1.992374 0.207694
v -0.566963 2.114900 0.018172
v -0.594189 2.379859 0.170191
v -0.620925 2.381788 0.009799
v -0.606391 2.217706 0.009799
v -0.580435 2.221563 0.168766
v -0.457444 2.227165 0.388108
v -0.463061 2.374110 0.390923
v -0.522368 2.376966 0.317125
v -0.513209 2.227350 0.314404
v -0.557049 2.118453 -0.088953
v -0.504070 2.130439 -0.237309
v -0.550153 2.377930 -0.258528
v -0.539047 2.225421 -0.250327
v -0.610440 2.380823 -0.098625
v -0.595985 2.219634 -0.097660
v -0.602018 2.548578 0.009799
v -0.591926 2.544807 -0.095667
v -0.531241 2.530104 -0.256239
v -0.494895 2.630771 -0.255562
v -0.557134 2.666092 0.009799
v -0.547353 2.660650 -0.097403
v -0.502904 2.524300 0.306725
v -0.575752 2.540358 0.165564
v -0.532949 2.652497 0.167358
v -0.471244 2.617197 0.305457
v -0.350182 2.175078 0.448928
v -0.268646 2.145932 0.482696
v -0.385116 2.361703 0.444397
v -0.380102 2.253296 0.443701
v -0.014701 2.126451 0.429663
v -0.017630 2.088310 0.412334
v -0.026843 2.109859 0.437482
v -0.033705 2.079111 0.424535
v -0.036881 2.052462 0.433452
v -0.023411 2.049894 0.422353
v -0.110006 2.465522 0.525774
v -0.168012 2.492607 0.512805
v -0.269096 2.490492 0.482820
v -0.078733 2.364980 0.540502
v -0.350182 2.454392 0.448928
v -0.350182 2.175078 0.448928
v -0.268646 2.145932 0.482696
v -0.380102 2.253296 0.443701
v -0.385116 2.361703 0.444397
v -0.164415 2.150116 0.511811
v -0.114724 2.187645 0.523186
v -0.081589 2.244849 0.534840
v -0.078733 2.364980 0.540502
v -0.110006 2.465522 0.525774
v -0.168012 2.492607 0.512805
v -0.269096 2.490492 0.482820
v -0.350182 2.454392 0.448928
v -0.021218 1.732370 0.163232
v -0.364258 1.842897 0.138129
v -0.363562 1.857881 0.235784
v -0.292061 1.878132 0.386969
v -0.327356 1.872615 0.336181
v -0.015600 1.768336 0.442224
v -0.114724 2.187645 0.523186
v -0.049165 2.130762 0.508819
v -0.025289 2.169124 0.515567
v -0.081589 2.244849 0.534840
v -0.076158 2.083427 0.504242
v -0.164415 2.150116 0.511811
v -0.138685 2.066756 0.506693
v -0.077856 2.041506 0.501885
v -0.051521 2.023384 0.499730
v -0.098028 1.982858 0.489966
v -0.183109 1.812777 0.400628
v -0.188936 1.793504 0.351850
v -0.200997 1.785071 0.258314
v -0.092101 1.853223 0.465694
v -0.168578 1.777348 0.424170
v -0.092731 1.763546 0.435922
v -0.018078 1.735388 0.381752
v -0.095085 1.729568 0.376166
v -0.170905 1.743905 0.367153
v -0.180614 1.732219 0.260564
v -0.101200 1.716973 0.264461
v -0.020675 1.722786 0.268190
v -0.191329 1.743694 0.162043
v -0.106682 1.729420 0.160653
v -0.108855 1.791493 0.108759
v -0.212556 1.779939 0.178027
v -0.565310 1.084343 -0.155546
v -0.579964 1.085531 -0.120195
v -0.597994 1.131240 -0.122235
v -0.578060 1.129623 -0.170326
v -0.565310 1.086719 -0.084845
v -0.578060 1.132856 -0.074144
v -0.529933 1.087211 -0.070202
v -0.529933 1.133525 -0.054225
v -0.494556 1.086719 -0.084845
v -0.481806 1.132856 -0.074144
v -0.479902 1.085531 -0.120195
v -0.461871 1.131240 -0.122235
v -0.494556 1.084343 -0.155546
v -0.481806 1.129623 -0.170326
v -0.529933 1.083851 -0.170189
v -0.529933 1.128954 -0.190246
v -0.595301 1.182112 -0.124506
v -0.576155 1.180559 -0.170694
v -0.576155 1.183664 -0.078318
v -0.529933 1.184307 -0.059186
v -0.483710 1.183664 -0.078318
v -0.464564 1.182111 -0.124506
v -0.483710 1.180559 -0.170694
v -0.529933 1.179916 -0.189825
v -0.559850 0.882395 -0.079049
v -0.572241 0.881390 -0.108943
v -0.587489 0.842736 -0.107218
v -0.570631 0.844103 -0.066550
v -0.559850 0.880385 -0.138838
v -0.570631 0.841370 -0.147886
v -0.529933 0.879969 -0.151220
v -0.529933 0.840803 -0.164731
v -0.500016 0.880385 -0.138838
v -0.489234 0.841370 -0.147886
v -0.487624 0.881390 -0.108943
v -0.472377 0.842736 -0.107218
v -0.500016 0.882395 -0.079049
v -0.489234 0.844103 -0.066550
v -0.529933 0.882811 -0.066666
v -0.529933 0.844669 -0.049705
v -0.578727 0.793651 -0.105028
v -0.564435 0.794809 -0.070551
v -0.564435 0.792492 -0.139504
v -0.529933 0.792012 -0.153785
v -0.495430 0.792492 -0.139504
v -0.481139 0.793651 -0.105028
v -0.495430 0.794809 -0.070551
v -0.529933 0.795289 -0.056270
v -0.560182 1.029459 -0.147964
v -0.572711 1.030475 -0.117738
v -0.529933 1.029039 -0.160484
v -0.499684 1.029459 -0.147964
v -0.487155 1.030475 -0.117738
v -0.499684 1.031491 -0.087512
v -0.529933 1.031912 -0.074992
v -0.560182 1.031491 -0.087512
v -0.568182 0.952872 -0.112983
v -0.556979 0.953780 -0.085957
v -0.529933 0.954157 -0.074762
v -0.502886 0.953780 -0.085957
v -0.491684 0.952872 -0.112983
v -0.502886 0.951964 -0.140009
v -0.529933 0.951587 -0.151203
v -0.556979 0.951964 -0.140009
v -0.164706 0.642009 -0.155793
v -0.238261 0.642009 -0.186261
v -0.238261 0.679669 -0.223749
v -0.138198 0.679669 -0.182302
v -0.311815 0.642009 -0.155793
v -0.338323 0.679669 -0.182302
v -0.342282 0.642009 -0.082239
v -0.379771 0.679669 -0.082239
v -0.311815 0.642009 -0.008685
v -0.338323 0.679669 0.017823
v -0.238261 0.642009 0.021782
v -0.238261 0.679669 0.059271
v -0.164706 0.642009 -0.008685
v -0.138198 0.679669 0.017823
v -0.134239 0.642009 -0.082239
v -0.096751 0.679669 -0.082239
v -0.238261 0.721583 -0.218150
v -0.142157 0.721583 -0.178342
v -0.334364 0.721583 -0.178342
v -0.374172 0.721583 -0.082239
v -0.334364 0.721583 0.013864
v -0.238261 0.721583 0.053672
v -0.142157 0.721583 0.013864
v -0.102350 0.721583 -0.082239
v -0.300462 0.472742 -0.144440
v -0.238261 0.472742 -0.170205
v -0.238261 0.440895 -0.201907
v -0.322879 0.440895 -0.166857
v -0.176060 0.472742 -0.144440
v -0.153643 0.440895 -0.166857
v -0.150295 0.472742 -0.082239
v -0.118593 0.440895 -0.082239
v -0.176060 0.472742 -0.020038
v -0.153643 0.440895 0.002379
v -0.238261 0.472742 0.005727
v -0.238261 0.440895 0.037429
v -0.300462 0.472742 -0.020038
v -0.322879 0.440895 0.002379
v -0.326227 0.472742 -0.082239
v -0.357928 0.440895 -0.082239
v -0.238261 0.405450 -0.197172
v -0.319531 0.405450 -0.163509
v -0.156991 0.405450 -0.163509
v -0.123328 0.405450 -0.082239
v -0.156991 0.405450 -0.000969
v -0.238261 0.405450 0.032694
v -0.319531 0.405450 -0.000969
v -0.353194 0.405450 -0.082239
v -0.175369 0.605781 -0.145131
v -0.238261 0.605781 -0.171181
v -0.149319 0.605781 -0.082239
v -0.175369 0.605781 -0.019347
v -0.238261 0.605781 0.006703
v -0.301153 0.605781 -0.019347
v -0.327203 0.605781 -0.082239
v -0.301153 0.605781 -0.145131
v -0.238261 0.527744 -0.161765
v -0.294494 0.527744 -0.138472
v -0.317787 0.527744 -0.082239
v -0.294494 0.527744 -0.026006
v -0.238261 0.527744 -0.002713
v -0.182028 0.527744 -0.026006
v -0.158735 0.527744 -0.082239
v -0.182028 0.527744 -0.138472
v -0.263557 0.357930 0.076782
v -0.231210 0.349097 0.085078
v -0.231210 0.390301 0.095744
v -0.278115 0.390301 0.085078
v -0.198864 0.357930 0.076782
v -0.184306 0.390301 0.085078
v -0.194360 0.422673 0.076782
v -0.231210 0.431505 0.085078
v -0.268061 0.422673 0.076782
v -0.231210 0.453565 0.053078
v -0.285223 0.437749 0.053078
v -0.177198 0.437749 0.053078
v -0.188042 0.428223 0.040909
v -0.231210 0.443993 0.032613
v -0.274379 0.428223 0.040909
v -0.231210 0.390301 0.021946
v -0.292331 0.390301 0.032613
v -0.170090 0.390301 0.032613
v -0.193318 0.352380 0.040909
v -0.231210 0.336610 0.032613
v -0.269103 0.352380 0.040909
v -0.231210 0.327038 0.053078
v -0.278621 0.342853 0.053078
v -0.183799 0.342853 0.053078
v -0.159194 0.390301 0.053078
v -0.303227 0.390301 0.053078
v -0.551923 0.526812 -0.152421
v -0.561031 0.518654 -0.089972
v -0.551923 0.513565 -0.027522
v -0.529933 0.513565 -0.001655
v -0.507943 0.513565 -0.027522
v -0.498834 0.518654 -0.089972
v -0.507943 0.526812 -0.152421
v -0.529933 0.526812 -0.178289
v -0.556059 0.478442 -0.089972
v -0.560646 0.452649 -0.089972
v -0.551650 0.447560 -0.042259
v -0.548407 0.473353 -0.037220
v -0.548407 0.486601 -0.142724
v -0.551650 0.460808 -0.137685
v -0.529933 0.486601 -0.164574
v -0.529933 0.460808 -0.157448
v -0.511459 0.486601 -0.142724
v -0.508215 0.460808 -0.137685
v -0.503807 0.478442 -0.089972
v -0.499220 0.452649 -0.089972
v -0.511459 0.473353 -0.037220
v -0.508215 0.452649 -0.042259
v -0.529933 0.473353 -0.015369
v -0.529933 0.447560 -0.022495
v -0.325126 1.470611 -0.318788
v -0.331841 1.522066 -0.343202
v -0.206055 1.467618 -0.393066
v -0.203181 1.411666 -0.375229
v -0.334292 1.589973 -0.350293
v -0.205840 1.544776 -0.396137
v -0.085808 1.532623 -0.419833
v -0.099832 1.448005 -0.426020
v -0.129284 1.409553 -0.402620
v -0.066999 1.532787 -0.344208
v -0.183629 1.545752 -0.298847
v -0.182288 1.468086 -0.292988
v -0.081022 1.448170 -0.350395
v -0.303355 1.590560 -0.231078
v -0.302495 1.523792 -0.228321
v -0.304811 1.470775 -0.238208
v -0.184371 1.412563 -0.299604
v -0.116045 1.409675 -0.349181
v -0.326988 1.742062 -0.317157
v -0.316004 1.757160 -0.275778
v -0.204284 1.747015 -0.341839
v -0.211729 1.723709 -0.380934
v -0.305763 1.731425 -0.237798
v -0.193598 1.724569 -0.307264
v -0.110529 1.682408 -0.346859
v -0.099669 1.698547 -0.381914
v -0.126308 1.682696 -0.406438
v -0.045981 1.528932 -0.398508
v -0.060106 1.441956 -0.404889
v -0.098817 1.387904 -0.386677
v -0.193156 1.393093 -0.337329
v -0.314417 1.454284 -0.276677
v -0.438850 1.516274 -0.178402
v -0.463964 1.543918 -0.155296
v -0.495816 1.541249 -0.181882
v -0.461896 1.505119 -0.198438
v -0.481865 1.589840 -0.148279
v -0.514938 1.588116 -0.174627
v -0.497150 1.588704 -0.224146
v -0.480182 1.542135 -0.231161
v -0.454298 1.514479 -0.233502
v -0.405764 1.598611 -0.169967
v -0.397592 1.545233 -0.174047
v -0.397081 1.500652 -0.189526
v -0.407419 1.485902 -0.227230
v -0.421675 1.499243 -0.262433
v -0.431470 1.597645 -0.272859
v -0.428924 1.543016 -0.274344
v -0.471033 1.678647 -0.162301
v -0.406470 1.703774 -0.180907
v -0.414149 1.722957 -0.218461
v -0.496524 1.688423 -0.179913
v -0.423933 1.706757 -0.256296
v -0.483217 1.678938 -0.218073
v -0.527866 1.640965 -0.167942
v -0.509026 1.640491 -0.218388
v -0.492066 1.640522 -0.142924
v -0.429432 1.653452 -0.270587
v -0.333330 1.670499 -0.343107
v -0.208174 1.644570 -0.396841
v -0.090850 1.624672 -0.420554
v -0.072041 1.624837 -0.344929
v -0.051760 1.623350 -0.399324
v -0.302970 1.663184 -0.228244
v -0.186349 1.647299 -0.300256
v -0.406641 1.651097 -0.168769
v -0.556295 0.620073 -0.165327
v -0.567214 0.620073 -0.089972
v -0.556295 0.620073 -0.014617
v -0.529933 0.620073 0.016596
v -0.503571 0.620073 -0.014617
v -0.492651 0.620073 -0.089972
v -0.503571 0.620073 -0.165327
v -0.529933 0.620073 -0.196540
v -0.564217 0.554348 -0.089972
v -0.554175 0.549259 -0.022339
v -0.554175 0.562506 -0.157605
v -0.529933 0.562506 -0.185619
v -0.505690 0.562506 -0.157605
v -0.495648 0.554348 -0.089972
v -0.505690 0.549259 -0.022339
v -0.529933 0.549259 0.005675
v -0.560823 0.586161 -0.089972
v -0.551776 0.586161 -0.156463
v -0.529933 0.586161 -0.184005
v -0.508090 0.586161 -0.156463
v -0.499043 0.586161 -0.089972
v -0.508090 0.586161 -0.023481
v -0.529933 0.586161 0.004061
v -0.551776 0.586161 -0.023481
v -0.471903 0.693251 0.028519
v -0.453253 0.694543 -0.070827
v -0.459277 0.747255 -0.066142
v -0.476421 0.747255 0.030355
v -0.471903 0.695836 -0.170172
v -0.476421 0.747255 -0.162638
v -0.492019 0.780527 -0.135107
v -0.481514 0.792172 -0.066142
v -0.492019 0.780527 0.002823
v -0.527852 0.807144 -0.066142
v -0.527852 0.792172 0.024699
v -0.527852 0.792172 -0.156982
v -0.563685 0.780527 -0.135107
v -0.574189 0.792172 -0.066142
v -0.563685 0.780527 0.002823
v -0.596426 0.747255 -0.066142
v -0.579282 0.747255 0.030355
v -0.579282 0.747255 -0.162638
v -0.583801 0.695836 -0.170172
v -0.602450 0.694543 -0.070827
v -0.583801 0.693251 0.028519
v -0.566581 0.637576 -0.021548
v -0.578844 0.636874 -0.093658
v -0.527852 0.629080 -0.098342
v -0.527852 0.628259 -0.006824
v -0.566581 0.636084 -0.160825
v -0.527852 0.633277 -0.182836
v -0.489122 0.636084 -0.160825
v -0.476859 0.636874 -0.093658
v -0.489122 0.637576 -0.021548
v -0.527852 0.696267 -0.203286
v -0.527852 0.747255 -0.194803
v -0.527852 0.692820 0.061634
v -0.527852 0.747255 0.062520
v -0.600150 0.656187 -0.084881
v -0.582076 0.651018 0.006044
v -0.582076 0.661356 -0.175806
v -0.527852 0.663080 -0.206114
v -0.473628 0.661356 -0.175806
v -0.455553 0.656187 -0.084881
v -0.473628 0.651018 0.006044
v -0.527852 0.649295 0.036353
v -0.000000 0.916016 -0.188734
v -0.000000 0.882975 -0.172531
v 0.074789 0.881493 -0.188278
v 0.074789 0.924030 -0.205449
v -0.000000 0.858513 -0.199110
v 0.074789 0.849077 -0.214658
v -0.000000 0.926081 -0.296328
v -0.000000 0.928021 -0.237343
v 0.074789 0.939305 -0.256839
v 0.074789 0.935796 -0.317500
v -0.000000 0.908605 -0.345935
v 0.074789 0.910010 -0.363202
v -0.000000 0.872245 -0.278848
v 0.074789 0.864167 -0.293924
v 0.169413 0.808174 -0.292351
v 0.166327 0.807092 -0.220424
v 0.173658 0.868945 -0.379712
v 0.204927 0.955064 -0.373722
v 0.187031 0.974437 -0.302200
v 0.193565 0.976569 -0.217981
v 0.165298 0.871508 -0.196905
v -0.074789 0.910010 -0.363202
v -0.074789 0.864167 -0.293924
v -0.169413 0.808174 -0.292351
v -0.173658 0.868945 -0.379712
v -0.074789 0.849077 -0.214658
v -0.166327 0.807092 -0.220424
v -0.074789 0.881493 -0.188278
v -0.165298 0.871508 -0.196905
v -0.074789 0.924030 -0.205449
v -0.193565 0.976569 -0.217981
v -0.074789 0.939305 -0.256839
v -0.187031 0.974437 -0.302200
v -0.074789 0.935796 -0.317500
v -0.204927 0.955064 -0.373722
v 0.265538 0.763640 -0.252393
v 0.240846 0.772810 -0.201164
v 0.299495 0.827718 -0.323934
v 0.384660 0.806578 -0.233121
v 0.325171 0.742840 -0.189003
v 0.281339 0.754259 -0.156721
v 0.312755 0.937394 -0.342310
v 0.395530 0.924913 -0.244726
v 0.258817 0.995226 -0.322841
v 0.242737 1.010179 -0.278381
v 0.285926 1.021084 -0.247492
v 0.305375 0.999584 -0.303865
v 0.240179 1.014840 -0.226675
v 0.263440 1.024552 -0.197185
v 0.287309 1.025003 -0.156775
v 0.322768 1.024950 -0.189020
v 0.362169 1.002811 -0.223959
v 0.232615 0.857957 -0.184750
v 0.241364 0.982431 -0.183622
v 0.266728 0.846153 -0.146541
v 0.270014 0.979294 -0.146783
v -0.265538 0.763640 -0.252393
v -0.299495 0.827718 -0.323934
v -0.240846 0.772810 -0.201164
v -0.281339 0.754259 -0.156721
v -0.325171 0.742840 -0.189003
v -0.384660 0.806578 -0.233121
v -0.232615 0.857957 -0.184750
v -0.241364 0.982431 -0.183622
v -0.270014 0.979294 -0.146783
v -0.266728 0.846153 -0.146541
v -0.240179 1.014840 -0.226675
v -0.242737 1.010179 -0.278381
v -0.285926 1.021084 -0.247492
v -0.263440 1.024552 -0.197185
v -0.258817 0.995226 -0.322841
v -0.305375 0.999584 -0.303865
v -0.362169 1.002811 -0.223959
v -0.322768 1.024950 -0.189020
v -0.287309 1.025003 -0.156775
v -0.312755 0.937394 -0.342310
v -0.395530 0.924913 -0.244726
v 0.345048 0.723751 -0.081315
v 0.293181 0.736503 -0.063965
v 0.413216 0.789154 -0.104367
v 0.397049 0.779001 0.033737
v 0.334051 0.712494 0.032840
v 0.282655 0.724430 0.033031
v 0.422132 0.915591 -0.110334
v 0.403024 0.904513 0.034124
v 0.335049 1.025312 -0.082309
v 0.382713 1.002129 -0.100881
v 0.292947 1.023546 -0.064679
v 0.283572 1.008435 0.033492
v 0.326431 1.009323 0.032834
v 0.372118 0.986069 0.032873
v 0.275891 0.832395 -0.058513
v 0.277024 0.972587 -0.058870
v 0.264063 0.817875 0.034337
v 0.264926 0.956324 0.035035
v -0.345048 0.723751 -0.081315
v -0.413216 0.789154 -0.104367
v -0.293181 0.736503 -0.063965
v -0.282655 0.724430 0.033031
v -0.334051 0.712494 0.032840
v -0.397049 0.779001 0.033737
v -0.275891 0.832395 -0.058513
v -0.277024 0.972587 -0.058870
v -0.264926 0.956324 0.035035
v -0.264063 0.817875 0.034337
v -0.335049 1.025312 -0.082309
v -0.292947 1.023546 -0.064679
v -0.382713 1.002129 -0.100881
v -0.372118 0.986069 0.032873
v -0.326431 1.009323 0.032834
v -0.283572 1.008435 0.033492
v -0.422132 0.915591 -0.110334
v -0.403024 0.904513 0.034124
v 0.301060 0.715189 0.115631
v 0.256049 0.722928 0.090192
v 0.348044 0.779679 0.152602
v 0.263649 0.775182 0.230909
v 0.235935 0.716306 0.166211
v 0.202388 0.718457 0.120130
v 0.348669 0.886764 0.161904
v 0.271487 0.870754 0.240662
v 0.300579 0.964132 0.116603
v 0.335496 0.943166 0.144810
v 0.262401 0.967925 0.092129
v 0.248912 0.931033 0.131293
v 0.269214 0.915726 0.171398
v 0.297798 0.913663 0.189175
v 0.235202 0.803782 0.087014
v 0.236247 0.924516 0.089850
v 0.182441 0.782547 0.112723
v 0.204739 0.889472 0.134957
v -0.301060 0.715189 0.115631
v -0.348044 0.779679 0.152602
v -0.256049 0.722928 0.090192
v -0.202388 0.718457 0.120130
v -0.235935 0.716306 0.166211
v -0.263649 0.775182 0.230909
v -0.235202 0.803782 0.087014
v -0.236247 0.924516 0.089850
v -0.204739 0.889472 0.134957
v -0.182441 0.782547 0.112723
v -0.300579 0.964132 0.116603
v -0.262401 0.967925 0.092129
v -0.335496 0.943166 0.144810
v -0.297798 0.913663 0.189175
v -0.269214 0.915726 0.171398
v -0.248912 0.931033 0.131293
v -0.348669 0.886764 0.161904
v -0.271487 0.870754 0.240662
v 0.128536 0.700315 0.183729
v 0.110700 0.697477 0.135455
v 0.141310 0.749504 0.247340
v 0.000000 0.731371 0.240087
v -0.000000 0.688042 0.184223
v -0.000000 0.682860 0.139464
v 0.128843 0.798241 0.247911
v -0.000000 0.769557 0.236935
v 0.221918 0.876986 0.203356
v 0.111007 0.813777 0.199636
v 0.097554 0.800948 0.147385
v -0.000000 0.772264 0.145430
v -0.000000 0.782748 0.192177
v 0.098912 0.746601 0.124666
v 0.000000 0.724951 0.127196
v -0.128536 0.700315 0.183729
v -0.141310 0.749504 0.247340
v -0.110700 0.697477 0.135455
v -0.098912 0.746601 0.124666
v -0.097554 0.800948 0.147385
v -0.221918 0.876986 0.203356
v -0.111007 0.813777 0.199636
v -0.128843 0.798241 0.247911
v -0.123503 0.004842 -0.139979
v -0.156274 0.007969 -0.190894
v -0.154157 0.049788 -0.206134
v -0.120586 0.046037 -0.153264
v -0.220132 0.011356 -0.220847
v -0.219575 0.054108 -0.236818
v -0.288565 0.010873 -0.216568
v -0.289679 0.053491 -0.232435
v -0.345997 0.006405 -0.165437
v -0.348514 0.047912 -0.179699
v -0.383176 0.003202 -0.055700
v -0.386601 0.044655 -0.064792
v -0.393917 0.002729 0.033869
v -0.397604 0.044949 0.029099
v -0.388741 0.003518 0.147461
v -0.392554 0.047424 0.145938
v -0.347353 0.004162 0.191598
v -0.350262 0.046813 0.189188
v -0.244388 0.044733 0.231068
v -0.244530 0.001232 0.228535
v -0.168486 0.002968 0.210922
v -0.170322 0.044756 0.212381
v -0.096932 0.003460 0.147648
v -0.081208 0.003103 0.100651
v -0.077457 0.046223 0.098223
v -0.093153 0.047322 0.146195
v -0.091969 0.002729 0.033869
v -0.088281 0.044949 0.029099
v -0.102710 0.003202 -0.055700
v -0.099284 0.044655 -0.064792
v -0.167417 0.074282 -0.183948
v -0.138860 0.072177 -0.137125
v -0.223065 0.078980 -0.210050
v -0.282699 0.078309 -0.206321
v -0.332747 0.073229 -0.160536
v -0.365146 0.076604 -0.056318
v -0.374505 0.083126 0.029099
v -0.370532 0.089423 0.130173
v -0.244119 0.087287 0.203020
v -0.176846 0.086116 0.185063
v -0.100955 0.087309 0.089749
v -0.115123 0.089344 0.130373
v -0.111380 0.083126 0.029099
v -0.120740 0.076604 -0.056318
v -0.188070 0.084684 -0.149392
v -0.167322 0.084400 -0.111987
v -0.228500 0.088443 -0.168356
v -0.271827 0.087906 -0.165647
v -0.308189 0.084542 -0.130690
v -0.331728 0.092145 -0.043119
v -0.338529 0.101638 0.029099
v -0.335489 0.108419 0.106177
v -0.244031 0.107432 0.158450
v -0.176896 0.106418 0.140477
v -0.137554 0.106602 0.076550
v -0.150112 0.108422 0.106200
v -0.147357 0.101638 0.029099
v -0.154157 0.092145 -0.043119
v -0.212878 0.087252 -0.099630
v -0.202390 0.089892 -0.071728
v -0.235198 0.089269 -0.108360
v -0.258432 0.089300 -0.105214
v -0.278252 0.088572 -0.085679
v -0.291589 0.099253 -0.023137
v -0.294226 0.110051 0.030130
v -0.291497 0.115469 0.076777
v -0.268652 0.115633 0.098283
v -0.217508 0.115648 0.098432
v -0.243798 0.115059 0.121879
v -0.181515 0.114578 0.060696
v -0.194384 0.115472 0.076804
v -0.191659 0.110051 0.030130
v -0.194296 0.099253 -0.023137
v -0.134440 0.046092 0.191010
v -0.137457 0.003722 0.193115
v -0.147498 0.087212 0.167706
v -0.160857 0.014004 0.192074
v -0.165958 0.042927 0.189897
v -0.170731 0.075219 0.169978
v -0.324168 0.013854 0.191234
v -0.317828 0.042765 0.189572
v -0.315350 0.002262 0.211925
v -0.313308 0.043745 0.213792
v 0.123503 0.004842 -0.139979
v 0.120586 0.046037 -0.153264
v 0.154157 0.049788 -0.206134
v 0.156274 0.007969 -0.190894
v 0.219575 0.054108 -0.236818
v 0.220132 0.011356 -0.220847
v 0.289679 0.053491 -0.232435
v 0.288565 0.010873 -0.216568
v 0.348514 0.047912 -0.179699
v 0.345997 0.006405 -0.165437
v 0.386601 0.044655 -0.064792
v 0.383176 0.003202 -0.055700
v 0.397604 0.044949 0.029099
v 0.393917 0.002729 0.033869
v 0.388741 0.003518 0.147461
v 0.392554 0.047425 0.145938
v 0.350262 0.046813 0.189188
v 0.347353 0.004163 0.191598
v 0.244388 0.044733 0.231068
v 0.170322 0.044756 0.212381
v 0.168486 0.002968 0.210922
v 0.244530 0.001232 0.228535
v 0.096932 0.003460 0.147648
v 0.093153 0.047322 0.146195
v 0.077457 0.046223 0.098223
v 0.081208 0.003103 0.100651
v 0.088281 0.044949 0.029099
v 0.091969 0.002729 0.033869
v 0.099284 0.044655 -0.064792
v 0.102709 0.003202 -0.055700
v 0.138860 0.072177 -0.137125
v 0.167417 0.074282 -0.183948
v 0.223065 0.078980 -0.210050
v 0.282699 0.078309 -0.206321
v 0.332747 0.073229 -0.160536
v 0.365146 0.076604 -0.056318
v 0.374505 0.083126 0.029099
v 0.370532 0.089423 0.130173
v 0.244119 0.087287 0.203020
v 0.176846 0.086116 0.185063
v 0.115123 0.089344 0.130373
v 0.100955 0.087309 0.089749
v 0.111380 0.083126 0.029099
v 0.120740 0.076604 -0.056318
v 0.167322 0.084400 -0.111987
v 0.188070 0.084684 -0.149392
v 0.228500 0.088443 -0.168356
v 0.271827 0.087906 -0.165647
v 0.308189 0.084542 -0.130690
v 0.331728 0.092145 -0.043119
v 0.338529 0.101638 0.029099
v 0.335489 0.108419 0.106177
v 0.244031 0.107432 0.158450
v 0.176896 0.106418 0.140477
v 0.150112 0.108422 0.106200
v 0.137554 0.106602 0.076550
v 0.147357 0.101638 0.029099
v 0.154157 0.092145 -0.043119
v 0.202390 0.089892 -0.071728
v 0.212878 0.087252 -0.099630
v 0.235198 0.089269 -0.108360
v 0.258432 0.089300 -0.105214
v 0.278252 0.088572 -0.085679
v 0.291589 0.099253 -0.023137
v 0.294227 0.110051 0.030130
v 0.291497 0.115469 0.076777
v 0.268652 0.115633 0.098283
v 0.243798 0.115059 0.121879
v 0.217508 0.115648 0.098432
v 0.194384 0.115472 0.076804
v 0.181515 0.114578 0.060696
v 0.191659 0.110051 0.030130
v 0.194296 0.099253 -0.023137
v 0.134440 0.046092 0.191010
v 0.137457 0.003722 0.193115
v 0.147498 0.087212 0.167706
v 0.160857 0.014004 0.192074
v 0.165958 0.042927 0.189897
v 0.170731 0.075219 0.169978
v 0.317828 0.042765 0.189572
v 0.324168 0.013854 0.191234
v 0.313308 0.043745 0.213792
v 0.315350 0.002262 0.211925
v 0.325126 1.470611 -0.318788
v 0.203181 1.411666 -0.375229
v 0.206055 1.467618 -0.393066
v 0.331841 1.522066 -0.343202
v 0.205840 1.544776 -0.396137
v 0.334292 1.589973 -0.350293
v 0.099832 1.448005 -0.426020
v 0.085808 1.532623 -0.419833
v 0.129284 1.409553 -0.402620
v 0.066999 1.532787 -0.344208
v 0.081023 1.448170 -0.350395
v 0.182288 1.468086 -0.292988
v 0.183629 1.545752 -0.298847
v 0.302495 1.523792 -0.228321
v 0.303355 1.590560 -0.231078
v 0.184371 1.412563 -0.299604
v 0.304811 1.470775 -0.238208
v 0.116045 1.409675 -0.349181
v 0.326988 1.742061 -0.317157
v 0.211729 1.723709 -0.380934
v 0.204284 1.747015 -0.341839
v 0.316004 1.757160 -0.275778
v 0.193598 1.724569 -0.307264
v 0.305763 1.731425 -0.237798
v 0.099669 1.698547 -0.381914
v 0.110529 1.682408 -0.346859
v 0.126308 1.682696 -0.406438
v 0.060106 1.441956 -0.404889
v 0.045981 1.528932 -0.398508
v 0.098817 1.387904 -0.386677
v 0.193156 1.393093 -0.337329
v 0.314417 1.454284 -0.276677
v 0.438850 1.516274 -0.178402
v 0.461896 1.505118 -0.198438
v 0.495816 1.541248 -0.181882
v 0.463964 1.543918 -0.155296
v 0.514938 1.588116 -0.174627
v 0.481865 1.589840 -0.148279
v 0.480182 1.542135 -0.231160
v 0.497150 1.588704 -0.224146
v 0.454299 1.514479 -0.233502
v 0.397592 1.545233 -0.174047
v 0.405764 1.598611 -0.169967
v 0.397081 1.500652 -0.189526
v 0.421675 1.499243 -0.262433
v 0.407419 1.485902 -0.227230
v 0.428924 1.543016 -0.274344
v 0.431470 1.597645 -0.272859
v 0.471033 1.678647 -0.162301
v 0.496525 1.688423 -0.179913
v 0.414149 1.722957 -0.218461
v 0.406470 1.703774 -0.180906
v 0.423933 1.706757 -0.256296
v 0.483217 1.678938 -0.218073
v 0.509026 1.640491 -0.218388
v 0.527866 1.640965 -0.167942
v 0.492066 1.640522 -0.142924
v 0.429432 1.653452 -0.270587
v 0.333330 1.670499 -0.343107
v 0.090850 1.624672 -0.420554
v 0.208174 1.644570 -0.396841
v 0.051760 1.623350 -0.399324
v 0.072041 1.624837 -0.344929
v 0.186349 1.647299 -0.300256
v 0.302970 1.663184 -0.228244
v 0.406641 1.651097 -0.168769
v 0.263557 0.357930 0.076782
v 0.278115 0.390301 0.085078
v 0.231211 0.390301 0.095744
v 0.231211 0.349097 0.085078
v 0.184306 0.390301 0.085078
v 0.198864 0.357930 0.076782
v 0.231211 0.431505 0.085078
v 0.194360 0.422673 0.076782
v 0.268061 0.422673 0.076782
v 0.285223 0.437749 0.053078
v 0.231211 0.453565 0.053078
v 0.177198 0.437749 0.053078
v 0.231211 0.443993 0.032613
v 0.188042 0.428223 0.040909
v 0.274379 0.428223 0.040909
v 0.292331 0.390301 0.032613
v 0.231211 0.390301 0.021946
v 0.170090 0.390301 0.032613
v 0.231211 0.336610 0.032613
v 0.193318 0.352380 0.040909
v 0.269103 0.352380 0.040909
v 0.278622 0.342854 0.053078
v 0.231211 0.327038 0.053078
v 0.183799 0.342854 0.053078
v 0.159194 0.390301 0.053078
v 0.303227 0.390301 0.053078
v 0.556295 0.620073 -0.165326
v 0.567214 0.620073 -0.089972
v 0.556295 0.620073 -0.014617
v 0.529933 0.620073 0.016596
v 0.503571 0.620073 -0.014617
v 0.492651 0.620073 -0.089972
v 0.503571 0.620073 -0.165326
v 0.529933 0.620073 -0.196539
v 0.564217 0.554348 -0.089972
v 0.554175 0.549259 -0.022339
v 0.554175 0.562506 -0.157605
v 0.529933 0.562506 -0.185619
v 0.505690 0.562506 -0.157605
v 0.495648 0.554348 -0.089972
v 0.505690 0.549259 -0.022339
v 0.529933 0.549259 0.005676
v 0.560823 0.586161 -0.089972
v 0.551775 0.586161 -0.156463
v 0.529933 0.586161 -0.184005
v 0.508090 0.586161 -0.156463
v 0.499042 0.586161 -0.089972
v 0.508090 0.586161 -0.023481
v 0.529933 0.586161 0.004061
v 0.551775 0.586161 -0.023481
v 0.471902 0.693251 0.028519
v 0.476421 0.747255 0.030355
v 0.459277 0.747255 -0.066142
v 0.453253 0.694543 -0.070826
v 0.476421 0.747255 -0.162638
v 0.471902 0.695836 -0.170171
v 0.481514 0.792172 -0.066142
v 0.492018 0.780527 -0.135107
v 0.492018 0.780527 0.002824
v 0.527852 0.792172 0.024699
v 0.527852 0.807144 -0.066142
v 0.527852 0.792172 -0.156982
v 0.574189 0.792172 -0.066142
v 0.563685 0.780527 -0.135107
v 0.563685 0.780527 0.002824
v 0.579282 0.747255 0.030355
v 0.596426 0.747255 -0.066142
v 0.579282 0.747255 -0.162638
v 0.602450 0.694543 -0.070826
v 0.583801 0.695836 -0.170171
v 0.583801 0.693251 0.028519
v 0.566581 0.637576 -0.021548
v 0.527852 0.628259 -0.006824
v 0.527852 0.629080 -0.098342
v 0.578844 0.636874 -0.093657
v 0.527852 0.633277 -0.182836
v 0.566581 0.636084 -0.160825
v 0.476859 0.636874 -0.093657
v 0.489122 0.636084 -0.160825
v 0.489122 0.637576 -0.021548
v 0.527852 0.747255 -0.194803
v 0.527852 0.696267 -0.203286
v 0.527852 0.747255 0.062520
v 0.527852 0.692820 0.061634
v 0.582075 0.651018 0.006044
v 0.600150 0.656187 -0.084881
v 0.582075 0.661356 -0.175806
v 0.527852 0.663080 -0.206114
v 0.473628 0.661356 -0.175806
v 0.455553 0.656187 -0.084881
v 0.473628 0.651018 0.006044
v 0.527852 0.649295 0.036353
v 0.557866 0.583948 0.053874
v 0.549685 0.583948 0.034122
v 0.553959 0.590819 0.029848
v 0.563911 0.590819 0.053874
v 0.549685 0.583948 0.073626
v 0.553959 0.590819 0.077900
v 0.529933 0.583948 0.081808
v 0.529933 0.590819 0.087852
v 0.510181 0.583948 0.073626
v 0.505907 0.590819 0.077900
v 0.501999 0.583948 0.053874
v 0.495955 0.590819 0.053874
v 0.510181 0.583948 0.034122
v 0.505907 0.590819 0.029848
v 0.529933 0.583948 0.025940
v 0.529933 0.590819 0.019896
v 0.556295 0.547660 0.053874
v 0.548574 0.547660 0.072515
v 0.551550 0.537093 0.075492
v 0.560505 0.537093 0.053874
v 0.548574 0.547660 0.035233
v 0.551550 0.537093 0.032256
v 0.529933 0.547660 0.027511
v 0.529933 0.537093 0.023302
v 0.511291 0.547660 0.035233
v 0.508315 0.537093 0.032256
v 0.503570 0.547660 0.053874
v 0.499361 0.537093 0.053874
v 0.511291 0.547660 0.072515
v 0.508315 0.537093 0.075492
v 0.529933 0.547660 0.080237
v 0.529933 0.537093 0.084446
v 0.565310 1.084343 -0.155546
v 0.578059 1.129624 -0.170326
v 0.597994 1.131240 -0.122235
v 0.579964 1.085531 -0.120195
v 0.578059 1.132856 -0.074144
v 0.565310 1.086719 -0.084844
v 0.529933 1.133526 -0.054225
v 0.529933 1.087211 -0.070202
v 0.481806 1.132856 -0.074144
v 0.494555 1.086719 -0.084844
v 0.461871 1.131240 -0.122235
v 0.479902 1.085531 -0.120195
v 0.481806 1.129624 -0.170326
v 0.494555 1.084343 -0.155546
v 0.529933 1.128954 -0.190246
v 0.529933 1.083851 -0.170189
v 0.576155 1.180559 -0.170693
v 0.595301 1.182112 -0.124506
v 0.576155 1.183664 -0.078317
v 0.529933 1.184307 -0.059186
v 0.483710 1.183664 -0.078318
v 0.464564 1.182112 -0.124506
v 0.483710 1.180559 -0.170694
v 0.529933 1.179916 -0.189825
v 0.559849 0.882395 -0.079049
v 0.570631 0.844103 -0.066550
v 0.587489 0.842736 -0.107218
v 0.572241 0.881390 -0.108943
v 0.570631 0.841370 -0.147886
v 0.559849 0.880385 -0.138838
v 0.529933 0.840804 -0.164731
v 0.529933 0.879969 -0.151220
v 0.489234 0.841370 -0.147886
v 0.500016 0.880385 -0.138838
v 0.472376 0.842736 -0.107218
v 0.487624 0.881390 -0.108943
v 0.489234 0.844103 -0.066550
v 0.500016 0.882395 -0.079049
v 0.529933 0.844669 -0.049705
v 0.529933 0.882811 -0.066666
v 0.564435 0.794809 -0.070551
v 0.578726 0.793651 -0.105027
v 0.564435 0.792492 -0.139504
v 0.529933 0.792012 -0.153785
v 0.495430 0.792492 -0.139504
v 0.481139 0.793651 -0.105027
v 0.495430 0.794809 -0.070551
v 0.529933 0.795289 -0.056270
v 0.572711 1.030475 -0.117738
v 0.560181 1.029459 -0.147964
v 0.529933 1.029039 -0.160484
v 0.499684 1.029459 -0.147964
v 0.487154 1.030475 -0.117738
v 0.499684 1.031491 -0.087512
v 0.529933 1.031912 -0.074992
v 0.560181 1.031491 -0.087512
v 0.556979 0.953781 -0.085956
v 0.568182 0.952872 -0.112983
v 0.529933 0.954157 -0.074762
v 0.502886 0.953781 -0.085956
v 0.491683 0.952872 -0.112983
v 0.502886 0.951964 -0.140009
v 0.529933 0.951588 -0.151203
v 0.556979 0.951964 -0.140009
v 0.474439 1.546399 -0.124558
v 0.455403 1.593622 -0.143595
v 0.527261 1.593622 -0.173359
v 0.527261 1.546399 -0.146438
v 0.599120 1.593622 -0.143595
v 0.580083 1.546399 -0.124558
v 0.628885 1.593622 -0.071736
v 0.601963 1.546399 -0.071736
v 0.599120 1.593622 0.000122
v 0.580083 1.546399 -0.018914
v 0.527261 1.593622 0.029887
v 0.527261 1.546399 0.002966
v 0.455403 1.593622 0.000122
v 0.474439 1.546399 -0.018914
v 0.425638 1.593622 -0.071736
v 0.452560 1.546399 -0.071736
v 0.458246 1.646179 -0.140752
v 0.527261 1.646179 -0.169339
v 0.596277 1.646179 -0.140752
v 0.624864 1.646179 -0.071736
v 0.596277 1.646179 -0.002721
v 0.527261 1.646179 0.025866
v 0.458246 1.646179 -0.002721
v 0.429659 1.646179 -0.071736
v 0.571930 1.292906 -0.116405
v 0.585624 1.267788 -0.130099
v 0.527261 1.267788 -0.154274
v 0.527261 1.292906 -0.134908
v 0.468898 1.267788 -0.130099
v 0.482592 1.292906 -0.116405
v 0.444724 1.267788 -0.071736
v 0.464090 1.292906 -0.071736
v 0.468898 1.267788 -0.013373
v 0.482592 1.292906 -0.027067
v 0.527261 1.267788 0.010801
v 0.527261 1.292906 -0.008565
v 0.585624 1.267788 -0.013373
v 0.571930 1.292906 -0.027067
v 0.609799 1.267788 -0.071736
v 0.590433 1.292906 -0.071736
v 0.590433 1.238158 -0.134908
v 0.527261 1.238158 -0.161074
v 0.464090 1.238158 -0.134908
v 0.437923 1.238158 -0.071736
v 0.464090 1.238158 -0.008565
v 0.527261 1.238158 0.017602
v 0.590433 1.238158 -0.008565
v 0.616599 1.238158 -0.071736
v 0.578777 1.202261 -0.123252
v 0.527261 1.202261 -0.144591
v 0.475745 1.202261 -0.123252
v 0.454407 1.202261 -0.071736
v 0.475745 1.202261 -0.020220
v 0.527261 1.202261 0.001118
v 0.578777 1.202261 -0.020220
v 0.600116 1.202261 -0.071736
v 0.527261 1.491091 -0.135609
v 0.482097 1.491091 -0.116901
v 0.463389 1.491091 -0.071736
v 0.482097 1.491091 -0.026571
v 0.527261 1.491091 -0.007863
v 0.572426 1.491091 -0.026571
v 0.591134 1.491091 -0.071736
v 0.572426 1.491091 -0.116901
v 0.567150 1.415093 -0.111625
v 0.527261 1.415093 -0.128147
v 0.583673 1.415093 -0.071736
v 0.567150 1.415093 -0.031847
v 0.527261 1.415093 -0.015325
v 0.487373 1.415093 -0.031847
v 0.470850 1.415093 -0.071736
v 0.487373 1.415093 -0.111625
v 0.568139 1.351632 -0.112614
v 0.527261 1.351632 -0.129546
v 0.585071 1.351632 -0.071736
v 0.568139 1.351632 -0.030859
v 0.527261 1.351632 -0.013927
v 0.486384 1.351632 -0.030859
v 0.469452 1.351632 -0.071736
v 0.486384 1.351632 -0.112614
v 0.164706 0.642009 -0.155793
v 0.138198 0.679669 -0.182302
v 0.238261 0.679669 -0.223749
v 0.238261 0.642009 -0.186261
v 0.338323 0.679669 -0.182302
v 0.311815 0.642009 -0.155793
v 0.379771 0.679669 -0.082239
v 0.342282 0.642009 -0.082239
v 0.338323 0.679669 0.017823
v 0.311815 0.642009 -0.008685
v 0.238261 0.679669 0.059271
v 0.238261 0.642009 0.021782
v 0.138198 0.679669 0.017823
v 0.164706 0.642009 -0.008685
v 0.096751 0.679669 -0.082239
v 0.134239 0.642009 -0.082239
v 0.142157 0.721583 -0.178342
v 0.238261 0.721583 -0.218150
v 0.334364 0.721583 -0.178342
v 0.374172 0.721583 -0.082239
v 0.334364 0.721583 0.013864
v 0.238261 0.721583 0.053672
v 0.142157 0.721583 0.013864
v 0.102350 0.721583 -0.082239
v 0.300462 0.472742 -0.144440
v 0.322879 0.440895 -0.166857
v 0.238261 0.440895 -0.201907
v 0.238261 0.472742 -0.170205
v 0.153643 0.440895 -0.166857
v 0.176060 0.472742 -0.144440
v 0.118593 0.440895 -0.082239
v 0.150295 0.472742 -0.082239
v 0.153643 0.440895 0.002379
v 0.176060 0.472742 -0.020038
v 0.238261 0.440895 0.037429
v 0.238261 0.472742 0.005727
v 0.322879 0.440895 0.002379
v 0.300462 0.472742 -0.020038
v 0.357928 0.440895 -0.082239
v 0.326227 0.472742 -0.082239
v 0.319531 0.405450 -0.163509
v 0.238261 0.405450 -0.197172
v 0.156991 0.405450 -0.163509
v 0.123328 0.405450 -0.082239
v 0.156991 0.405450 -0.000969
v 0.238261 0.405450 0.032694
v 0.319531 0.405450 -0.000969
v 0.353194 0.405450 -0.082239
v 0.238261 0.605781 -0.171181
v 0.175369 0.605781 -0.145131
v 0.149319 0.605781 -0.082239
v 0.175369 0.605781 -0.019347
v 0.238261 0.605781 0.006703
v 0.301153 0.605781 -0.019347
v 0.327203 0.605781 -0.082239
v 0.301153 0.605781 -0.145131
v 0.294494 0.527744 -0.138472
v 0.238261 0.527744 -0.161765
v 0.317787 0.527744 -0.082239
v 0.294494 0.527744 -0.026006
v 0.238261 0.527744 -0.002713
v 0.182028 0.527744 -0.026006
v 0.158735 0.527744 -0.082239
v 0.182028 0.527744 -0.138472
v 0.551923 0.526812 -0.152421
v 0.561031 0.518654 -0.089972
v 0.551923 0.513565 -0.027522
v 0.529933 0.513565 -0.001655
v 0.507943 0.513565 -0.027522
v 0.498834 0.518654 -0.089972
v 0.507943 0.526812 -0.152421
v 0.529933 0.526812 -0.178289
v 0.556058 0.478442 -0.089972
v 0.548406 0.473353 -0.037220
v 0.551650 0.447560 -0.042259
v 0.560646 0.452649 -0.089972
v 0.548406 0.486601 -0.142724
v 0.551650 0.460808 -0.137685
v 0.529933 0.486601 -0.164574
v 0.529933 0.460808 -0.157448
v 0.511459 0.486601 -0.142724
v 0.508215 0.460808 -0.137685
v 0.503807 0.478442 -0.089972
v 0.499220 0.452649 -0.089972
v 0.511459 0.473353 -0.037220
v 0.508215 0.452649 -0.042259
v 0.529933 0.473353 -0.015369
v 0.529933 0.447560 -0.022495
v 0.563420 0.664415 0.053874
v 0.553612 0.664415 0.030195
v 0.558735 0.672652 0.025071
v 0.570666 0.672652 0.053874
v 0.553612 0.664415 0.077553
v 0.558735 0.672652 0.082677
v 0.529933 0.664415 0.087361
v 0.529933 0.672652 0.094607
v 0.506254 0.664415 0.077553
v 0.501130 0.672652 0.082677
v 0.496445 0.664415 0.053874
v 0.489199 0.672652 0.053874
v 0.506254 0.664415 0.030195
v 0.501130 0.672652 0.025071
v 0.529933 0.664415 0.020387
v 0.529933 0.672652 0.013141
v 0.561536 0.620913 0.053874
v 0.552280 0.620913 0.076221
v 0.555848 0.608245 0.079790
v 0.566583 0.608245 0.053874
v 0.552280 0.620913 0.031527
v 0.555848 0.608245 0.027958
v 0.529933 0.620913 0.022270
v 0.529933 0.608245 0.017224
v 0.507585 0.620913 0.031527
v 0.504017 0.608245 0.027958
v 0.498329 0.620913 0.053874
v 0.493282 0.608245 0.053874
v 0.507585 0.620913 0.076221
v 0.504017 0.608245 0.079790
v 0.529933 0.620913 0.085478
v 0.529933 0.608245 0.090524
v 0.174566 0.318771 -0.140234
v 0.156787 0.334423 -0.158013
v 0.232561 0.334423 -0.189400
v 0.232561 0.318771 -0.164256
v 0.308335 0.334423 -0.158013
v 0.290556 0.318771 -0.140234
v 0.339722 0.334423 -0.082239
v 0.314579 0.318771 -0.082239
v 0.308335 0.334423 -0.006465
v 0.290556 0.318771 -0.024244
v 0.232561 0.334423 0.024922
v 0.232561 0.318771 -0.000222
v 0.156787 0.334423 -0.006465
v 0.174566 0.318771 -0.024244
v 0.125400 0.334423 -0.082239
v 0.150544 0.318771 -0.082239
v 0.150544 0.358867 -0.164256
v 0.232561 0.358867 -0.198229
v 0.314579 0.358867 -0.164256
v 0.348551 0.358867 -0.082239
v 0.314579 0.358867 -0.000222
v 0.232561 0.358867 0.033751
v 0.150544 0.358867 -0.000222
v 0.116571 0.358867 -0.082239
v 0.165677 0.389276 -0.149124
v 0.232561 0.389276 -0.176828
v 0.299446 0.389276 -0.149124
v 0.327150 0.389276 -0.082239
v 0.299446 0.389276 -0.015355
v 0.232561 0.389276 0.012350
v 0.165677 0.389276 -0.015355
v 0.137972 0.389276 -0.082239
v 0.281604 0.172813 -0.131283
v 0.299279 0.144206 -0.148957
v 0.232561 0.144206 -0.176593
v 0.232561 0.172813 -0.151597
v 0.165843 0.144206 -0.148957
v 0.183518 0.172813 -0.131283
v 0.138208 0.144206 -0.082239
v 0.163203 0.172813 -0.082239
v 0.165843 0.144206 -0.015521
v 0.183518 0.172813 -0.033196
v 0.232561 0.144206 0.012115
v 0.232561 0.172813 -0.012881
v 0.299279 0.144206 -0.015521
v 0.281604 0.172813 -0.033196
v 0.326915 0.144206 -0.082239
v 0.301919 0.172813 -0.082239
v 0.289122 0.107879 -0.138800
v 0.232561 0.107879 -0.162228
v 0.176000 0.107879 -0.138800
v 0.152572 0.107879 -0.082239
v 0.176000 0.107879 -0.025678
v 0.232561 0.107879 -0.002250
v 0.289122 0.107879 -0.025678
v 0.312550 0.107879 -0.082239
v 0.232561 0.281277 -0.152367
v 0.182973 0.281277 -0.131827
v 0.162433 0.281277 -0.082239
v 0.182973 0.281277 -0.032651
v 0.232561 0.281277 -0.012111
v 0.282149 0.281277 -0.032651
v 0.302689 0.281277 -0.082239
v 0.282149 0.281277 -0.131827
v 0.276899 0.220065 -0.126577
v 0.232561 0.220065 -0.144942
v 0.295264 0.220065 -0.082239
v 0.276899 0.220065 -0.037901
v 0.232561 0.220065 -0.019536
v 0.188223 0.220065 -0.037901
v 0.169858 0.220065 -0.082239
v 0.188223 0.220065 -0.126577
v 0.556542 1.091811 -0.042293
v 0.566132 1.129155 -0.051263
v 0.581127 1.128702 -0.015067
v 0.567564 1.091478 -0.015687
v 0.566132 1.128248 0.021129
v 0.556542 1.091144 0.010920
v 0.529933 1.128060 0.036121
v 0.529933 1.091006 0.021942
v 0.493733 1.128248 0.021129
v 0.503323 1.091144 0.010920
v 0.478739 1.128702 -0.015067
v 0.492301 1.091478 -0.015687
v 0.493733 1.129155 -0.051263
v 0.503323 1.091811 -0.042293
v 0.529933 1.129343 -0.066256
v 0.529933 1.091949 -0.053314
v 0.564700 1.178062 -0.049017
v 0.579101 1.177627 -0.014253
v 0.564700 1.177191 0.020511
v 0.529933 1.177011 0.034910
v 0.495165 1.177191 0.020511
v 0.480764 1.177627 -0.014253
v 0.495165 1.178062 -0.049017
v 0.529933 1.178243 -0.063416
v 0.552435 0.883233 0.002555
v 0.560545 0.852693 0.010157
v 0.573225 0.853076 -0.020452
v 0.561756 0.883515 -0.019945
v 0.560545 0.853460 -0.051061
v 0.552435 0.883797 -0.042445
v 0.529933 0.853619 -0.063739
v 0.529933 0.883914 -0.051765
v 0.499320 0.853460 -0.051061
v 0.507430 0.883797 -0.042445
v 0.486640 0.853076 -0.020452
v 0.498109 0.883515 -0.019945
v 0.499320 0.852693 0.010157
v 0.507430 0.883233 0.002555
v 0.529933 0.852534 0.022836
v 0.529933 0.883117 0.011875
v 0.555884 0.805544 0.004712
v 0.566634 0.805869 -0.021237
v 0.555884 0.806194 -0.047186
v 0.529933 0.806329 -0.057935
v 0.503981 0.806194 -0.047186
v 0.493231 0.805869 -0.021237
v 0.503981 0.805544 0.004712
v 0.529933 0.805409 0.015460
v 0.562109 1.035588 -0.016616
v 0.552685 1.035873 -0.039366
v 0.529933 1.035991 -0.048790
v 0.507180 1.035873 -0.039366
v 0.497756 1.035588 -0.016616
v 0.507180 1.035303 0.006134
v 0.529933 1.035185 0.015557
v 0.552685 1.035303 0.006134
v 0.550276 0.956115 0.001925
v 0.558703 0.956369 -0.018416
v 0.529933 0.956009 0.010351
v 0.509589 0.956115 0.001925
v 0.501163 0.956369 -0.018416
v 0.509589 0.956624 -0.038758
v 0.529933 0.956730 -0.047183
v 0.550276 0.956624 -0.038758
vn -0.5352 0.8447 -0.0000
vn -0.0000 1.0000 -0.0000
vn -0.3785 0.8447 -0.3785
vn -0.3785 0.8447 0.3785
vn -0.0000 0.8447 0.5352
vn 0.3785 0.8447 0.3785
vn 0.5352 0.8447 -0.0000
vn 0.3785 0.8447 -0.3785
vn -0.0000 0.8447 -0.5352
vn -0.4113 -0.9115 -0.0000
vn -0.0000 -1.0000 -0.0000
vn -0.2909 -0.9115 0.2909
vn -0.2909 -0.9115 -0.2909
vn -0.0000 -0.9115 -0.4113
vn 0.2909 -0.9115 -0.2909
vn 0.4113 -0.9115 -0.0000
vn 0.2908 -0.9115 0.2909
vn -0.0000 -0.9115 0.4113
vn 0.2673 0.9258 -0.2673
vn -0.0000 0.9258 -0.3780
vn -0.2673 0.9258 -0.2673
vn -0.3780 0.9258 -0.0000
vn -0.2673 0.9258 0.2673
vn -0.0000 0.9258 0.3780
vn 0.2673 0.9258 0.2673
vn 0.3780 0.9258 -0.0000
vn -0.2253 -0.9479 -0.2253
vn -0.0000 -0.9479 -0.3186
vn 0.2253 -0.9479 -0.2253
vn 0.3186 -0.9479 -0.0000
vn 0.2253 -0.9479 0.2253
vn -0.0000 -0.9479 0.3186
vn -0.2253 -0.9479 0.2253
vn -0.3186 -0.9479 -0.0000
vn 0.2909 -0.9115 0.2909
vn -0.4236 0.8061 -0.4133
vn -0.5997 0.8002 0.0103
vn -0.0000 0.9999 0.0128
vn -0.4245 0.7942 0.4348
vn -0.0000 0.7918 0.6108
vn 0.4245 0.7942 0.4348
vn 0.5997 0.8002 0.0103
vn 0.4236 0.8061 -0.4133
vn -0.0000 0.8086 -0.5884
vn -0.3719 -0.8552 0.3610
vn -0.5265 -0.8501 -0.0109
vn -0.0000 -0.9999 -0.0126
vn -0.3726 -0.8450 -0.3835
vn -0.0000 -0.8429 -0.5381
vn 0.3726 -0.8450 -0.3835
vn 0.5265 -0.8501 -0.0109
vn 0.3719 -0.8552 0.3610
vn -0.0000 -0.8573 0.5148
vn 0.1516 0.9768 -0.1516
vn -0.0000 0.9768 -0.2144
vn -0.1516 0.9768 -0.1516
vn -0.2144 0.9768 -0.0000
vn -0.1516 0.9768 0.1516
vn -0.0000 0.9768 0.2144
vn 0.1516 0.9768 0.1516
vn 0.2144 0.9768 -0.0000
vn -0.1516 -0.9768 -0.1516
vn -0.0000 -0.9768 -0.2144
vn 0.1516 -0.9768 -0.1516
vn 0.2144 -0.9768 -0.0000
vn 0.1516 -0.9768 0.1516
vn -0.0000 -0.9768 0.2144
vn -0.1516 -0.9768 0.1516
vn -0.2144 -0.9768 -0.0000
vn 0.2568 -0.8084 -0.5297
vn -0.0028 -0.9997 -0.0246
vn 0.0049 -0.6084 -0.7936
vn -0.2818 -0.8097 -0.5148
vn -0.0950 -0.9755 0.1983
vn 0.0019 -0.8617 0.5074
vn 0.0911 -0.9782 0.1866
vn 0.2635 0.7921 -0.5505
vn 0.0017 0.5578 -0.8300
vn -0.0020 0.9995 -0.0309
vn -0.2877 0.7917 -0.5389
vn -0.0440 0.9769 0.2093
vn -0.0018 0.8278 0.5610
vn 0.0443 0.9788 0.2001
vn -0.0000 -0.9325 -0.3611
vn 0.2554 -0.9325 -0.2554
vn -0.2553 -0.9325 -0.2554
vn -0.3611 -0.9325 -0.0000
vn -0.2554 -0.9325 0.2553
vn -0.0000 -0.9325 0.3611
vn 0.2553 -0.9325 0.2554
vn 0.3611 -0.9325 -0.0000
vn 0.3822 0.8414 -0.3822
vn -0.0000 0.8414 -0.5405
vn -0.3822 0.8414 -0.3822
vn -0.5405 0.8414 -0.0000
vn -0.3822 0.8414 0.3822
vn -0.0000 0.8414 0.5405
vn 0.3822 0.8414 0.3822
vn 0.5405 0.8414 -0.0000
vn -0.1557 -0.6625 -0.7328
vn -0.0000 -0.7848 -0.6198
vn -0.0000 -0.8658 -0.5004
vn -0.0000 -0.3621 0.9321
vn -0.0794 -0.2447 0.9664
vn -0.0000 -0.1747 0.9846
vn 0.5184 -0.3379 0.7856
vn 0.3958 -0.2667 0.8788
vn 0.3518 -0.2148 0.9111
vn 0.0283 -0.7131 -0.7005
vn 0.2905 -0.8372 -0.4633
vn 0.1585 -0.5752 -0.8025
vn 0.1557 -0.6624 -0.7328
vn 0.0794 -0.2447 0.9663
vn -0.5184 -0.3379 0.7856
vn -0.3958 -0.2667 0.8788
vn -0.3502 -0.2171 0.9112
vn -0.0283 -0.7131 -0.7005
vn -0.2905 -0.8372 -0.4633
vn -0.3026 -0.6182 -0.7254
vn -0.3518 -0.2147 0.9111
vn 0.3502 -0.2171 0.9112
vn -0.1585 -0.5752 -0.8025
vn 0.3026 -0.6183 -0.7254
vn -0.3596 0.8482 -0.3889
vn -0.5072 0.8613 -0.0295
vn -0.0000 0.9994 -0.0341
vn -0.3577 0.8743 0.3280
vn -0.0000 0.8797 0.4756
vn 0.3577 0.8743 0.3280
vn 0.5072 0.8613 -0.0295
vn 0.3595 0.8482 -0.3889
vn -0.0000 0.8427 -0.5383
vn -0.3095 -0.8880 0.3401
vn -0.4367 -0.8991 0.0307
vn -0.0000 -0.9994 0.0338
vn -0.3081 -0.9100 -0.2773
vn -0.0000 -0.9146 -0.4044
vn 0.3081 -0.9100 -0.2773
vn 0.4367 -0.8991 0.0307
vn 0.3095 -0.8880 0.3400
vn -0.0000 -0.8834 0.4686
vn 0.1614 0.9736 -0.1614
vn -0.0000 0.9736 -0.2282
vn -0.1614 0.9736 -0.1614
vn -0.2282 0.9736 -0.0000
vn -0.1614 0.9736 0.1614
vn -0.0000 0.9736 0.2282
vn 0.1614 0.9736 0.1614
vn 0.2282 0.9736 -0.0000
vn -0.1614 -0.9736 -0.1614
vn -0.0000 -0.9736 -0.2282
vn 0.1614 -0.9736 -0.1614
vn 0.2282 -0.9736 -0.0000
vn 0.1614 -0.9736 0.1614
vn -0.0000 -0.9736 0.2282
vn -0.1614 -0.9736 0.1614
vn -0.2282 -0.9736 -0.0000
vn -0.7599 0.6469 0.0640
vn -0.0000 0.9947 0.1031
vn -0.5926 0.7892 -0.1614
vn -0.6637 0.6997 0.2644
vn -0.0000 0.7985 0.6020
vn 0.6637 0.6997 0.2643
vn 0.7599 0.6469 0.0640
vn 0.5926 0.7892 -0.1614
vn -0.0000 0.8474 -0.5310
vn -0.4594 -0.8775 -0.1377
vn 0.0228 -0.9883 -0.1508
vn -0.4049 -0.9116 0.0711
vn -0.3883 -0.8803 -0.2724
vn -0.0000 -0.9425 -0.3343
vn 0.3883 -0.8803 -0.2724
vn 0.4368 -0.8955 -0.0858
vn 0.4907 -0.8641 0.1122
vn 0.1154 -0.9609 0.2515
vn -0.7549 0.6559 -0.0000
vn -0.6379 0.7357 -0.2276
vn -0.6379 0.7357 0.2276
vn -0.0000 0.8148 0.5797
vn 0.6379 0.7357 0.2276
vn 0.7549 0.6559 -0.0000
vn 0.6379 0.7357 -0.2276
vn -0.0000 0.8148 -0.5797
vn -0.7138 -0.6969 -0.0690
vn -0.0000 -0.9939 -0.1100
vn -0.6388 -0.7543 0.1516
vn -0.6630 -0.7042 -0.2541
vn -0.0000 -0.8256 -0.5643
vn 0.6630 -0.7042 -0.2541
vn 0.7138 -0.6969 -0.0690
vn 0.6389 -0.7542 0.1516
vn -0.0000 -0.8488 0.5288
vn -0.1607 0.9438 0.2888
vn -0.3629 0.7094 0.6042
vn -0.4214 0.5448 0.7249
vn -0.3211 0.7340 0.5984
vn 0.0033 -0.9995 -0.0320
vn 0.0199 -0.9998 -0.0055
vn 0.0013 -1.0000 -0.0076
vn 0.0109 -0.9999 0.0079
vn 0.0140 -0.9999 0.0084
vn 0.0090 -0.9999 0.0069
vn 0.0247 -0.9996 0.0118
vn 0.0013 -1.0000 0.0005
vn -0.0242 -0.9997 0.0103
vn -0.0160 -0.9998 0.0086
vn -0.0108 -0.9999 0.0085
vn -0.0137 -0.9998 -0.0126
vn 0.0044 -0.9991 -0.0433
vn 0.0208 -0.9983 -0.0538
vn -0.0152 -0.9986 -0.0501
vn -0.0286 -0.9982 -0.0523
vn 0.0916 0.9876 -0.1278
vn 0.1356 0.9835 -0.1195
vn -0.0144 0.9932 -0.1157
vn -0.1237 0.9884 -0.0886
vn 0.0234 0.9863 -0.1635
vn 0.0398 0.9797 -0.1966
vn 0.0710 0.9903 -0.1192
vn 0.0900 0.9906 -0.1031
vn 0.1121 0.9892 -0.0940
vn -0.0937 0.9871 -0.1297
vn -0.1189 0.9872 -0.1067
vn -0.0633 0.9787 -0.1953
vn -0.0516 0.9822 -0.1806
vn -0.1071 0.9867 -0.1226
vn -0.1282 0.9846 -0.1191
vn 0.1607 0.9438 0.2888
vn 0.4214 0.5449 0.7249
vn 0.3629 0.7094 0.6042
vn 0.3211 0.7341 0.5984
vn -0.0033 -0.9995 -0.0320
vn -0.0014 -1.0000 -0.0076
vn -0.0199 -0.9998 -0.0055
vn -0.0109 -0.9999 0.0079
vn -0.0140 -0.9999 0.0084
vn -0.0090 -0.9999 0.0069
vn -0.0247 -0.9996 0.0118
vn -0.0014 -1.0000 0.0005
vn 0.0242 -0.9997 0.0103
vn 0.0160 -0.9998 0.0086
vn 0.0108 -0.9999 0.0085
vn 0.0137 -0.9998 -0.0126
vn -0.0044 -0.9991 -0.0433
vn -0.0208 -0.9983 -0.0539
vn 0.0152 -0.9986 -0.0501
vn 0.0286 -0.9982 -0.0523
vn -0.0916 0.9876 -0.1278
vn -0.1356 0.9835 -0.1195
vn 0.0144 0.9932 -0.1157
vn 0.1237 0.9884 -0.0886
vn -0.0234 0.9863 -0.1635
vn -0.0398 0.9797 -0.1966
vn -0.0710 0.9903 -0.1192
vn -0.0900 0.9906 -0.1031
vn -0.1121 0.9892 -0.0941
vn 0.0937 0.9871 -0.1297
vn 0.1189 0.9872 -0.1067
vn 0.0633 0.9787 -0.1953
vn 0.0516 0.9822 -0.1806
vn 0.1071 0.9867 -0.1226
vn 0.1282 0.9846 -0.1191
vn 0.6388 -0.7543 0.1516
vn -0.6389 -0.7542 0.1516
vn -0.2908 -0.9115 0.2909
vn 0.3596 0.8482 -0.3889
vn -0.3577 0.8743 0.3281
vn -0.3595 0.8482 -0.3889
vn 0.3095 -0.8880 0.3401
vn -0.0000 -0.9736 -0.2283
vn -0.0000 -0.9736 0.2283
vn 0.6637 0.6997 0.2644
vn -0.6637 0.6997 0.2643
vn -0.5925 0.7892 -0.1614
vn 0.4594 -0.8775 -0.1377
vn 0.4049 -0.9116 0.0711
vn -0.0228 -0.9883 -0.1506
vn -0.4368 -0.8955 -0.0858
vn -0.4907 -0.8641 0.1122
vn -0.1154 -0.9609 0.2515
vn 0.3720 -0.8552 0.3610
vn -0.9781 -0.2080 -0.0000
vn -0.9796 -0.2009 -0.0000
vn -0.6927 -0.2009 -0.6927
vn -0.6916 -0.2079 -0.6917
vn -0.6916 -0.2080 0.6916
vn -0.6927 -0.2009 0.6927
vn -0.0000 -0.2079 0.9781
vn -0.0000 -0.2009 0.9796
vn 0.6917 -0.2080 0.6916
vn 0.6927 -0.2009 0.6927
vn 0.9781 -0.2079 -0.0000
vn 0.9796 -0.2009 -0.0000
vn 0.6916 -0.2079 -0.6917
vn 0.6927 -0.2009 -0.6927
vn -0.0000 -0.2079 -0.9781
vn -0.0000 -0.2009 -0.9796
vn -0.9978 0.0660 -0.0000
vn -0.9821 -0.1884 -0.0000
vn -0.6944 -0.1884 0.6945
vn -0.7056 0.0660 0.7056
vn -0.7056 0.0660 -0.7056
vn -0.6945 -0.1884 -0.6944
vn -0.0000 0.0660 -0.9978
vn -0.0000 -0.1884 -0.9821
vn 0.7056 0.0660 -0.7056
vn 0.6944 -0.1884 -0.6945
vn 0.9978 0.0660 -0.0000
vn 0.9821 -0.1884 -0.0000
vn 0.7056 0.0660 0.7056
vn 0.6945 -0.1884 0.6944
vn -0.0000 0.0660 0.9978
vn -0.0000 -0.1884 0.9821
vn 0.6552 -0.3760 -0.6552
vn -0.0000 -0.3760 -0.9266
vn -0.0000 -0.1889 -0.9820
vn 0.6944 -0.1889 -0.6944
vn -0.6552 -0.3760 -0.6552
vn -0.6944 -0.1890 -0.6944
vn -0.9266 -0.3760 -0.0000
vn -0.9820 -0.1889 -0.0000
vn -0.6552 -0.3760 0.6552
vn -0.6944 -0.1889 0.6944
vn -0.0000 -0.3760 0.9266
vn -0.0000 -0.1889 0.9820
vn 0.6552 -0.3760 0.6552
vn 0.6944 -0.1889 0.6944
vn 0.9266 -0.3760 -0.0000
vn 0.9820 -0.1889 -0.0000
vn -0.0000 0.3969 -0.9179
vn 0.6490 0.3969 -0.6490
vn -0.6490 0.3969 -0.6490
vn -0.9179 0.3969 -0.0000
vn -0.6490 0.3969 0.6490
vn -0.0000 0.3969 0.9179
vn 0.6490 0.3969 0.6490
vn 0.9179 0.3969 -0.0000
vn -0.6679 0.3285 -0.6679
vn -0.0000 0.3285 -0.9445
vn -0.0000 0.3936 -0.9193
vn -0.6500 0.3936 -0.6500
vn 0.6679 0.3285 -0.6679
vn 0.6500 0.3936 -0.6500
vn 0.9445 0.3285 -0.0000
vn 0.9193 0.3936 -0.0000
vn 0.6679 0.3285 0.6679
vn 0.6500 0.3936 0.6500
vn -0.0000 0.3285 0.9445
vn -0.0000 0.3936 0.9193
vn -0.6679 0.3285 0.6679
vn -0.6500 0.3936 0.6500
vn -0.9445 0.3285 -0.0000
vn -0.9193 0.3936 -0.0000
vn -0.0000 -0.1279 -0.9918
vn -0.7013 -0.1279 -0.7013
vn 0.7013 -0.1279 -0.7013
vn 0.9918 -0.1279 -0.0000
vn 0.7013 -0.1279 0.7013
vn -0.0000 -0.1279 0.9918
vn -0.7013 -0.1279 0.7013
vn -0.9918 -0.1279 -0.0000
vn -0.0000 -0.6263 -0.7796
vn -0.5513 -0.6263 -0.5513
vn 0.5513 -0.6263 -0.5513
vn 0.7796 -0.6263 -0.0000
vn 0.5513 -0.6263 0.5513
vn -0.0000 -0.6263 0.7796
vn -0.5513 -0.6263 0.5513
vn -0.7796 -0.6263 -0.0000
vn 0.6998 -0.1429 -0.6998
vn -0.0000 -0.1429 -0.9897
vn 0.9897 -0.1429 -0.0000
vn 0.6998 -0.1429 0.6998
vn -0.0000 -0.1429 0.9897
vn -0.6998 -0.1429 0.6998
vn -0.9897 -0.1429 -0.0000
vn -0.6998 -0.1429 -0.6998
vn -0.0000 -0.0455 -0.9990
vn -0.7064 -0.0455 -0.7064
vn -0.9990 -0.0455 -0.0000
vn -0.7064 -0.0455 0.7064
vn -0.0000 -0.0455 0.9990
vn 0.7064 -0.0455 0.7064
vn 0.9990 -0.0455 -0.0000
vn 0.7064 -0.0455 -0.7064
vn -0.0000 0.0570 -0.9984
vn -0.7060 0.0565 -0.7060
vn -0.9984 0.0570 -0.0000
vn -0.7060 0.0570 0.7060
vn -0.0000 0.0570 0.9984
vn 0.7060 0.0570 0.7060
vn 0.9984 0.0570 -0.0000
vn 0.7060 0.0570 -0.7060
vn -0.9781 -0.2079 -0.0000
vn -0.9796 -0.2010 -0.0000
vn -0.6916 -0.2079 0.6917
vn -0.0000 -0.2010 0.9796
vn 0.6917 -0.2079 0.6916
vn -0.0000 -0.2010 -0.9796
vn -0.9821 -0.1883 -0.0000
vn -0.6945 -0.1883 0.6945
vn -0.6945 -0.1883 -0.6944
vn 0.6944 -0.1883 -0.6945
vn 0.9821 -0.1883 -0.0000
vn 0.6945 -0.1883 0.6944
vn -0.0000 -0.1883 0.9821
vn -0.6901 -0.2098 -0.6927
vn -0.9752 -0.2212 -0.0027
vn -0.9935 -0.1136 -0.0016
vn -0.7026 -0.1021 -0.7042
vn -0.6891 -0.2326 0.6863
vn -0.7024 -0.1251 0.7007
vn -0.0000 -0.2374 0.9714
vn -0.0000 -0.1299 0.9915
vn 0.6891 -0.2326 0.6863
vn 0.7024 -0.1251 0.7007
vn 0.9752 -0.2212 -0.0027
vn 0.9935 -0.1136 -0.0016
vn 0.6901 -0.2098 -0.6927
vn 0.7026 -0.1021 -0.7042
vn -0.0000 -0.2051 -0.9787
vn -0.0000 -0.0973 -0.9953
vn -0.9716 0.2366 0.0036
vn -0.6865 0.2477 -0.6837
vn -0.6871 0.2255 0.6906
vn -0.0000 0.2208 0.9753
vn 0.6872 0.2254 0.6906
vn 0.9716 0.2366 0.0036
vn 0.6869 0.2477 -0.6833
vn -0.0000 0.2523 -0.9677
vn -0.6989 0.1476 0.6998
vn -0.9869 0.1611 0.0014
vn -0.9988 0.0484 0.0009
vn -0.7062 0.0367 0.7070
vn -0.6970 0.1746 -0.6955
vn -0.7063 0.0600 -0.7054
vn -0.0000 0.1803 -0.9836
vn -0.0000 0.0647 -0.9979
vn 0.6970 0.1747 -0.6955
vn 0.7063 0.0600 -0.7054
vn 0.9869 0.1611 0.0014
vn 0.9988 0.0484 0.0009
vn 0.6987 0.1475 0.7000
vn 0.7062 0.0368 0.7070
vn -0.0000 0.1419 0.9899
vn -0.0000 0.0320 0.9995
vn -0.9557 -0.2942 -0.0044
vn -0.6751 -0.3051 0.6717
vn -0.6760 -0.2833 -0.6803
vn -0.0000 -0.2787 -0.9604
vn 0.6760 -0.2833 -0.6803
vn 0.9557 -0.2942 -0.0044
vn 0.6756 -0.3051 0.6712
vn -0.0000 -0.3096 0.9509
vn -0.7062 -0.0536 -0.7060
vn -0.9977 -0.0678 0.0001
vn -0.0000 -0.0478 -0.9989
vn 0.7062 -0.0536 -0.7060
vn 0.9977 -0.0678 0.0001
vn 0.7048 -0.0818 0.7047
vn -0.0000 -0.0876 0.9962
vn -0.7048 -0.0818 0.7047
vn -1.0000 -0.0024 -0.0003
vn -0.7072 -0.0179 0.7068
vn -0.0000 -0.0244 0.9997
vn 0.7072 -0.0180 0.7068
vn 1.0000 -0.0024 -0.0003
vn 0.7069 0.0132 -0.7072
vn -0.0000 0.0195 -0.9998
vn -0.7069 0.0131 -0.7072
vn 0.5419 -0.6424 -0.5419
vn -0.0000 -0.6424 -0.7663
vn -0.0000 -0.5812 -0.8138
vn 0.5754 -0.5812 -0.5754
vn -0.5419 -0.6424 -0.5419
vn -0.5754 -0.5812 -0.5754
vn -0.7663 -0.6424 -0.0000
vn -0.8138 -0.5812 -0.0000
vn -0.5419 -0.6424 0.5419
vn -0.5754 -0.5812 0.5754
vn -0.0000 -0.6424 0.7663
vn -0.0000 -0.5812 0.8138
vn 0.5419 -0.6424 0.5419
vn 0.5754 -0.5812 0.5754
vn 0.7663 -0.6424 -0.0000
vn 0.8138 -0.5812 -0.0000
vn -0.0000 0.1927 -0.9813
vn 0.6938 0.1927 -0.6939
vn -0.6938 0.1927 -0.6939
vn -0.9813 0.1927 -0.0000
vn -0.6938 0.1927 0.6939
vn -0.0000 0.1927 0.9813
vn 0.6938 0.1927 0.6939
vn 0.9813 0.1927 -0.0000
vn -0.0000 0.7710 -0.6369
vn 0.4503 0.7710 -0.4504
vn -0.4503 0.7710 -0.4503
vn -0.6369 0.7710 -0.0000
vn -0.4503 0.7710 0.4504
vn -0.0000 0.7710 0.6369
vn 0.4504 0.7710 0.4503
vn 0.6369 0.7710 -0.0000
vn -0.6353 0.4390 -0.6353
vn -0.0000 0.4390 -0.8985
vn -0.0000 0.1178 -0.9930
vn -0.7022 0.1178 -0.7022
vn 0.6353 0.4390 -0.6353
vn 0.7022 0.1178 -0.7022
vn 0.8985 0.4390 -0.0000
vn 0.9930 0.1178 -0.0000
vn 0.6353 0.4390 0.6353
vn 0.7022 0.1178 0.7022
vn -0.0000 0.4390 0.8985
vn -0.0000 0.1178 0.9930
vn -0.6353 0.4390 0.6353
vn -0.7022 0.1178 0.7022
vn -0.8985 0.4390 -0.0000
vn -0.9930 0.1178 -0.0000
vn -0.0000 -0.6389 -0.7693
vn -0.5439 -0.6389 -0.5439
vn 0.5439 -0.6389 -0.5440
vn 0.7693 -0.6389 -0.0000
vn 0.5439 -0.6389 0.5440
vn -0.0000 -0.6389 0.7693
vn -0.5439 -0.6389 0.5440
vn -0.7693 -0.6389 -0.0000
vn 0.6924 -0.2026 -0.6924
vn -0.0000 -0.2026 -0.9793
vn 0.9793 -0.2026 -0.0000
vn 0.6924 -0.2026 0.6924
vn -0.0000 -0.2026 0.9793
vn -0.6924 -0.2026 0.6924
vn -0.9793 -0.2026 -0.0000
vn -0.6924 -0.2026 -0.6924
vn -0.0000 -0.0072 -1.0000
vn -0.7071 -0.0072 -0.7071
vn -1.0000 -0.0072 -0.0000
vn -0.7071 -0.0072 0.7071
vn -0.0000 -0.0072 1.0000
vn 0.7071 -0.0072 0.7071
vn 1.0000 -0.0072 -0.0000
vn 0.7071 -0.0072 -0.7071
vn 0.5584 -0.5052 -0.6580
vn -0.0000 -0.1983 -0.9801
vn -0.0013 -0.0260 -0.9997
vn 0.4327 -0.0317 -0.9010
vn -0.5971 -0.5262 -0.6054
vn -0.4693 -0.0288 -0.8826
vn -0.2268 0.1715 0.9587
vn -0.5422 -0.7153 0.4408
vn -0.0000 -0.2171 0.9762
vn -0.0000 0.1583 0.9874
vn 0.5422 -0.7153 0.4408
vn 0.2268 0.1715 0.9587
vn -0.0012 0.0143 -0.9999
vn 0.4010 0.0283 -0.9157
vn -0.0002 0.1450 -0.9894
vn 0.5806 0.4700 -0.6648
vn -0.4365 0.0257 -0.8993
vn -0.6221 0.4937 -0.6076
vn -0.2611 -0.1540 0.9529
vn 0.0001 -0.1848 0.9828
vn -0.0000 0.2270 0.9739
vn -0.5883 0.6673 0.4568
vn 0.2611 -0.1540 0.9530
vn 0.5883 0.6673 0.4568
vn -0.0003 0.0091 -1.0000
vn 0.7598 -0.0243 -0.6497
vn -0.0000 -0.1001 -0.9950
vn 0.4869 -0.5303 -0.6941
vn -0.8304 -0.0300 -0.5563
vn -0.5162 -0.5593 -0.6486
vn -0.9076 -0.0680 0.4142
vn -0.3949 -0.8075 0.4383
vn -0.0000 -0.0538 0.9986
vn -0.0000 -0.3317 0.9434
vn 0.9076 -0.0680 0.4142
vn 0.3949 -0.8074 0.4383
vn -0.0000 -0.0000 -1.0000
vn 0.3695 -0.0000 -0.9292
vn -0.0000 0.0875 -0.9962
vn 0.5341 0.4830 -0.6939
vn -0.3980 -0.0000 -0.9174
vn -0.5682 0.5113 -0.6448
vn -0.2245 -0.0000 0.9745
vn -0.0000 -0.0000 1.0000
vn -0.0000 0.2927 0.9562
vn -0.4812 0.7471 0.4586
vn 0.2244 -0.0000 0.9745
vn 0.4812 0.7471 0.4586
vn -0.0000 0.0023 -1.0000
vn 0.7415 0.0064 -0.6710
vn -0.0000 -0.1049 -0.9945
vn 0.4701 -0.5420 -0.6966
vn -0.8145 0.0069 -0.5801
vn -0.4981 -0.5713 -0.6523
vn -0.9074 -0.0069 0.4203
vn -0.3546 -0.8297 0.4312
vn -0.0000 0.0026 1.0000
vn -0.0000 -0.3546 0.9350
vn 0.9074 -0.0069 0.4203
vn 0.3546 -0.8296 0.4312
vn 0.3781 -0.0000 -0.9258
vn -0.0002 0.0759 -0.9971
vn 0.5091 0.5076 -0.6950
vn -0.4082 -0.0000 -0.9129
vn -0.5401 0.5373 -0.6478
vn -0.2251 -0.0000 0.9743
vn -0.0000 0.3419 0.9397
vn -0.4093 0.7954 0.4469
vn 0.2250 -0.0000 0.9744
vn 0.4094 0.7954 0.4470
vn -0.0005 -0.0718 -0.9974
vn 0.7558 -0.0198 -0.6545
vn -0.8277 -0.0086 -0.5612
vn -0.9077 0.1003 0.4075
vn -0.0000 0.1291 0.9916
vn 0.9077 0.1003 0.4075
vn -0.3288 -0.8725 -0.3613
vn -0.3536 -0.8405 -0.4104
vn 0.0158 -0.9848 0.1731
vn 0.2059 -0.9763 0.0668
vn -0.5923 -0.0547 -0.8038
vn -0.3249 0.8543 -0.4058
vn -0.7593 -0.0514 -0.6487
vn -0.3881 0.8820 -0.2672
vn 0.4330 0.1316 0.8917
vn 0.0462 0.9852 0.1654
vn 0.1322 0.9725 0.1915
vn 0.7491 0.0939 0.6558
vn -0.0158 -0.9848 0.1731
vn 0.3538 -0.8405 -0.4104
vn -0.2059 -0.9763 0.0667
vn 0.3288 -0.8725 -0.3613
vn -0.4330 0.1316 0.8917
vn -0.0462 0.9852 0.1654
vn -0.7491 0.0938 0.6558
vn -0.1322 0.9725 0.1915
vn 0.5923 -0.0547 -0.8038
vn 0.3249 0.8543 -0.4058
vn 0.3882 0.8820 -0.2672
vn 0.7593 -0.0514 -0.6487
vn -0.3350 -0.8794 -0.3383
vn -0.2841 -0.8665 -0.4105
vn 0.0660 -0.9899 0.1257
vn 0.1841 -0.9816 0.0499
vn -0.5716 0.0596 -0.8183
vn -0.3456 0.8592 -0.3772
vn -0.7889 0.0583 -0.6118
vn -0.3689 0.9021 -0.2237
vn 0.4446 -0.0867 0.8915
vn -0.0157 0.9832 0.1820
vn 0.1287 0.9773 0.1680
vn 0.7979 -0.0450 0.6011
vn -0.0660 -0.9899 0.1257
vn 0.2832 -0.8665 -0.4110
vn -0.1841 -0.9816 0.0499
vn 0.3350 -0.8794 -0.3383
vn -0.4445 -0.0867 0.8916
vn 0.0157 0.9832 0.1820
vn -0.7979 -0.0450 0.6011
vn -0.1287 0.9773 0.1680
vn 0.5716 0.0596 -0.8183
vn 0.3456 0.8592 -0.3772
vn 0.3689 0.9021 -0.2237
vn 0.7889 0.0583 -0.6118
vn -0.3578 -0.8365 -0.4150
vn -0.3067 -0.8158 -0.4903
vn 0.0310 -0.9745 0.2222
vn 0.1990 -0.9744 0.1041
vn -0.4964 0.0028 -0.8681
vn -0.3229 0.8221 -0.4690
vn -0.7312 0.0066 -0.6822
vn -0.3951 0.8595 -0.3244
vn 0.3154 0.0094 0.9489
vn 0.0073 0.9701 0.2425
vn 0.1427 0.9675 0.2090
vn 0.6830 0.0150 0.7302
vn -0.0310 -0.9745 0.2222
vn 0.3069 -0.8158 -0.4901
vn -0.1990 -0.9745 0.1040
vn 0.3578 -0.8365 -0.4150
vn -0.3154 0.0094 0.9489
vn -0.0073 0.9701 0.2425
vn -0.6830 0.0150 0.7302
vn -0.1426 0.9675 0.2090
vn 0.4964 0.0028 -0.8681
vn 0.3229 0.8221 -0.4690
vn 0.3950 0.8595 -0.3244
vn 0.7311 0.0066 -0.6822
vn -0.3752 -0.8281 -0.4166
vn -0.3227 -0.8092 -0.4909
vn 0.0317 -0.9734 0.2267
vn 0.2076 -0.9727 0.1037
vn -0.5113 0.0028 -0.8594
vn -0.3388 0.8148 -0.4704
vn -0.7404 0.0064 -0.6721
vn -0.4133 0.8494 -0.3281
vn 0.3258 0.0093 0.9454
vn 0.0066 0.9692 0.2462
vn 0.1477 0.9668 0.2086
vn 0.7044 0.0152 0.7096
vn -0.0317 -0.9735 0.2266
vn 0.3227 -0.8092 -0.4909
vn -0.2076 -0.9727 0.1037
vn 0.3752 -0.8281 -0.4166
vn -0.3258 0.0093 0.9454
vn -0.0065 0.9692 0.2462
vn -0.7044 0.0152 0.7096
vn -0.1477 0.9668 0.2086
vn 0.5113 0.0028 -0.8594
vn 0.3388 0.8148 -0.4704
vn 0.4133 0.8494 -0.3281
vn 0.7404 0.0064 -0.6721
vn -0.4685 -0.8829 -0.0326
vn -0.3801 -0.8826 -0.2768
vn 0.2194 -0.9754 0.0195
vn 0.1820 -0.9831 0.0216
vn -0.8931 -0.0407 -0.4480
vn -0.4302 0.8912 -0.1437
vn -0.9975 -0.0290 -0.0637
vn -0.5022 0.8638 -0.0408
vn 0.8626 0.0352 0.5047
vn 0.1752 0.9644 0.1979
vn 0.1862 0.9818 0.0385
vn 0.9774 -0.0091 0.2112
vn -0.2194 -0.9754 0.0195
vn 0.3801 -0.8826 -0.2768
vn -0.1820 -0.9831 0.0216
vn 0.4685 -0.8829 -0.0327
vn -0.8626 0.0351 0.5047
vn -0.1753 0.9644 0.1979
vn -0.9774 -0.0092 0.2112
vn -0.1861 0.9818 0.0385
vn 0.8931 -0.0407 -0.4480
vn 0.4302 0.8912 -0.1437
vn 0.5021 0.8638 -0.0408
vn 0.9975 -0.0290 -0.0637
vn -0.4325 -0.9011 -0.0299
vn -0.3771 -0.8984 -0.2249
vn 0.2100 -0.9776 0.0136
vn 0.1767 -0.9840 0.0211
vn -0.9255 0.0201 -0.3783
vn -0.4077 0.9071 -0.1052
vn -0.9983 -0.0156 -0.0567
vn -0.4663 0.8840 -0.0334
vn 0.9047 -0.0435 0.4239
vn 0.1792 0.9702 0.1630
vn 0.1681 0.9852 0.0324
vn 0.9811 -0.0556 0.1854
vn -0.2100 -0.9776 0.0136
vn 0.3772 -0.8984 -0.2249
vn -0.1767 -0.9840 0.0211
vn 0.4325 -0.9011 -0.0299
vn -0.9047 -0.0436 0.4239
vn -0.1792 0.9702 0.1630
vn -0.9811 -0.0556 0.1854
vn -0.1681 0.9852 0.0324
vn 0.9255 0.0201 -0.3783
vn 0.4077 0.9070 -0.1052
vn 0.4663 0.8840 -0.0334
vn 0.9983 -0.0156 -0.0567
vn -0.4818 -0.8758 -0.0299
vn -0.4266 -0.8677 -0.2551
vn 0.2284 -0.9721 0.0541
vn 0.2286 -0.9730 0.0320
vn -0.9123 -0.0028 -0.4095
vn -0.4689 0.8688 -0.1589
vn -0.9988 -0.0151 -0.0459
vn -0.5316 0.8463 -0.0335
vn 0.8601 -0.0082 0.5100
vn 0.1994 0.9607 0.1929
vn 0.2126 0.9763 0.0415
vn 0.9784 -0.0374 0.2031
vn -0.2284 -0.9721 0.0541
vn 0.4266 -0.8677 -0.2551
vn -0.2285 -0.9730 0.0320
vn 0.4818 -0.8758 -0.0299
vn -0.8601 -0.0082 0.5100
vn -0.1994 0.9607 0.1929
vn -0.9784 -0.0374 0.2031
vn -0.2126 0.9763 0.0415
vn 0.9123 -0.0028 -0.4095
vn 0.4690 0.8688 -0.1589
vn 0.5316 0.8463 -0.0335
vn 0.9988 -0.0151 -0.0459
vn -0.5011 -0.8649 -0.0306
vn -0.4450 -0.8550 -0.2665
vn 0.2407 -0.9696 0.0437
vn 0.2223 -0.9746 0.0260
vn -0.9131 -0.0025 -0.4076
vn -0.4829 0.8605 -0.1621
vn -0.9988 -0.0156 -0.0467
vn -0.5419 0.8397 -0.0344
vn 0.8790 -0.0077 0.4768
vn 0.2079 0.9596 0.1897
vn 0.2117 0.9767 0.0359
vn 0.9835 -0.0373 0.1769
vn -0.2407 -0.9696 0.0437
vn 0.4450 -0.8550 -0.2664
vn -0.2223 -0.9746 0.0259
vn 0.5011 -0.8648 -0.0306
vn -0.8790 -0.0077 0.4768
vn -0.2079 0.9596 0.1897
vn -0.9835 -0.0374 0.1768
vn -0.2117 0.9767 0.0360
vn 0.9131 -0.0025 -0.4076
vn 0.4829 0.8605 -0.1621
vn 0.5419 0.8397 -0.0344
vn 0.9988 -0.0156 -0.0467
vn -0.3835 -0.8667 0.3189
vn -0.4074 -0.8754 0.2603
vn 0.2052 -0.9779 0.0400
vn 0.0433 -0.9892 -0.1402
vn -0.9125 0.0041 0.4091
vn -0.4537 0.8808 0.1356
vn -0.7236 0.0333 0.6895
vn -0.2806 0.8943 0.3485
vn 0.8866 0.0428 -0.4605
vn 0.1812 0.9748 -0.1304
vn 0.2204 0.9693 -0.1087
vn 0.6808 0.0310 -0.7318
vn -0.2051 -0.9779 0.0400
vn 0.4074 -0.8753 0.2603
vn -0.0433 -0.9892 -0.1402
vn 0.3835 -0.8667 0.3189
vn -0.8866 0.0428 -0.4605
vn -0.1812 0.9748 -0.1304
vn -0.6808 0.0309 -0.7318
vn -0.2204 0.9693 -0.1087
vn 0.9125 0.0041 0.4091
vn 0.4537 0.8808 0.1356
vn 0.2806 0.8943 0.3485
vn 0.7236 0.0333 0.6894
vn -0.1613 -0.8757 0.4551
vn -0.3532 -0.9023 0.2471
vn 0.2311 -0.9703 0.0713
vn 0.3078 -0.9465 0.0972
vn -0.9385 -0.0163 0.3449
vn -0.4746 0.8786 0.0538
vn -0.7219 -0.0002 0.6920
vn -0.4624 0.8714 0.1642
vn 0.9618 -0.0419 -0.2706
vn 0.1079 0.9778 -0.1794
vn -0.0656 0.9525 -0.2975
vn 0.7595 -0.0545 -0.6482
vn -0.2311 -0.9703 0.0713
vn 0.3532 -0.9023 0.2471
vn -0.3078 -0.9465 0.0972
vn 0.1627 -0.8762 0.4537
vn -0.9618 -0.0419 -0.2706
vn -0.1079 0.9778 -0.1794
vn -0.7595 -0.0545 -0.6482
vn 0.0656 0.9525 -0.2975
vn 0.9385 -0.0163 0.3449
vn 0.4746 0.8786 0.0538
vn 0.4623 0.8714 0.1642
vn 0.7219 -0.0002 0.6920
vn -0.2677 -0.8317 0.4864
vn -0.4315 -0.8698 0.2392
vn 0.2554 -0.9668 0.0046
vn 0.2496 -0.9683 -0.0082
vn -0.9350 -0.0091 0.3546
vn -0.5212 0.8460 0.1124
vn -0.6673 -0.0034 0.7447
vn -0.4257 0.8421 0.3312
vn 0.9512 -0.0206 -0.3079
vn 0.1701 0.9717 -0.1641
vn 0.0217 0.9679 -0.2503
vn 0.6439 -0.0061 -0.7651
vn -0.2554 -0.9668 0.0046
vn 0.4315 -0.8698 0.2392
vn -0.2496 -0.9683 -0.0082
vn 0.2677 -0.8317 0.4864
vn -0.9512 -0.0206 -0.3079
vn -0.1701 0.9717 -0.1641
vn -0.6439 -0.0061 -0.7651
vn -0.0216 0.9679 -0.2503
vn 0.9350 -0.0091 0.3546
vn 0.5212 0.8460 0.1125
vn 0.4257 0.8421 0.3311
vn 0.6673 -0.0034 0.7448
vn -0.3021 -0.8315 0.4662
vn -0.4447 -0.8614 0.2456
vn 0.2441 -0.9697 -0.0016
vn 0.1951 -0.9785 -0.0671
vn -0.9286 -0.0051 0.3711
vn -0.5127 0.8483 0.1325
vn -0.6563 0.0058 0.7544
vn -0.3794 0.8472 0.3718
vn 0.9420 -0.0113 -0.3355
vn 0.1704 0.9728 -0.1568
vn 0.0759 0.9776 -0.1963
vn 0.6171 0.0117 -0.7868
vn -0.2441 -0.9697 -0.0016
vn 0.4447 -0.8614 0.2457
vn -0.1950 -0.9785 -0.0670
vn 0.3021 -0.8315 0.4662
vn -0.9420 -0.0113 -0.3355
vn -0.1704 0.9728 -0.1568
vn -0.6171 0.0117 -0.7868
vn -0.0759 0.9776 -0.1963
vn 0.9286 -0.0051 0.3712
vn 0.5128 0.8482 0.1325
vn 0.3794 0.8472 0.3718
vn 0.6563 0.0058 0.7545
vn -0.6452 -0.4918 0.5847
vn -0.4345 -0.8462 0.3084
vn -0.1808 -0.9317 -0.3150
vn -0.3780 -0.7860 -0.4892
vn -0.4398 0.0450 0.8970
vn 0.0144 0.8579 0.5137
vn -0.2582 0.0861 0.9623
vn 0.0912 0.8425 0.5310
vn 0.4789 0.0103 -0.8778
vn 0.3768 0.9240 -0.0658
vn 0.3031 0.9440 -0.1307
vn 0.1738 0.0179 -0.9846
vn 0.1808 -0.9317 -0.3151
vn 0.4345 -0.8462 0.3084
vn 0.3780 -0.7860 -0.4892
vn 0.6452 -0.4918 0.5847
vn -0.4790 0.0104 -0.8778
vn -0.3768 0.9240 -0.0658
vn -0.1738 0.0179 -0.9846
vn -0.3031 0.9440 -0.1307
vn 0.4398 0.0450 0.8970
vn -0.0144 0.8579 0.5137
vn -0.0912 0.8424 0.5310
vn 0.2582 0.0861 0.9623
vn 0.2783 -0.7899 0.5464
vn 0.1899 -0.8097 0.5553
vn 0.4655 -0.8822 0.0710
vn 0.4457 -0.8934 -0.0558
vn -0.3185 0.0219 0.9477
vn -0.4780 0.8391 0.2595
vn -0.1835 0.0774 0.9800
vn -0.6614 0.5614 0.4974
vn 0.4343 -0.1234 -0.8923
vn -0.3535 0.8422 -0.4072
vn -0.6283 0.5389 -0.5610
vn 0.0500 -0.0864 -0.9950
vn -0.4656 -0.8822 0.0710
vn -0.1899 -0.8097 0.5553
vn -0.4457 -0.8934 -0.0558
vn -0.2783 -0.7899 0.5464
vn -0.4343 -0.1234 -0.8923
vn 0.3534 0.8422 -0.4072
vn -0.0500 -0.0864 -0.9950
vn 0.6283 0.5389 -0.5611
vn 0.3185 0.0219 0.9477
vn 0.4780 0.8392 0.2594
vn 0.6614 0.5613 0.4974
vn 0.1835 0.0775 0.9800
vn -0.1327 -0.6062 0.7842
vn 0.0351 -0.7935 0.6075
vn 0.2059 -0.9645 -0.1655
vn -0.2255 -0.7741 -0.5915
vn -0.1747 0.0066 0.9846
vn -0.2240 0.8386 0.4965
vn -0.0370 0.0311 0.9988
vn -0.3146 0.6840 0.6582
vn 0.1014 -0.0110 -0.9948
vn -0.1555 0.9176 -0.3658
vn -0.5139 0.5937 -0.6192
vn -0.1361 0.0313 -0.9902
vn -0.2058 -0.9645 -0.1655
vn -0.0351 -0.7935 0.6075
vn 0.2255 -0.7741 -0.5915
vn 0.1326 -0.6062 0.7842
vn -0.1014 -0.0110 -0.9948
vn 0.1554 0.9176 -0.3658
vn 0.1361 0.0314 -0.9902
vn 0.5139 0.5937 -0.6193
vn 0.1747 0.0066 0.9846
vn 0.2240 0.8387 0.4964
vn 0.3147 0.6839 0.6582
vn 0.0370 0.0311 0.9988
vn -0.3583 -0.5489 0.7552
vn -0.0925 -0.8102 0.5788
vn 0.0041 -0.9596 -0.2812
vn -0.3324 -0.7389 -0.5862
vn -0.1697 0.0240 0.9852
vn -0.0891 0.8337 0.5450
vn -0.0358 0.0269 0.9990
vn -0.1108 0.6831 0.7219
vn 0.0906 0.0102 -0.9958
vn 0.0350 0.9628 -0.2680
vn -0.3690 0.6256 -0.6873
vn -0.1303 -0.0662 -0.9893
vn -0.0041 -0.9596 -0.2812
vn 0.0925 -0.8102 0.5788
vn 0.3324 -0.7389 -0.5861
vn 0.3583 -0.5489 0.7552
vn -0.0906 0.0102 -0.9958
vn -0.0350 0.9628 -0.2680
vn 0.1303 -0.0662 -0.9893
vn 0.3690 0.6256 -0.6873
vn 0.1697 0.0240 0.9852
vn 0.0891 0.8336 0.5451
vn 0.1108 0.6831 0.7219
vn 0.0358 0.0269 0.9990
vn -0.0000 0.1992 -0.9799
vn -0.0000 -0.5064 -0.8623
vn -0.0000 0.9818 -0.1899
vn -0.0000 0.8817 0.4718
vn -0.0000 0.1922 0.9814
vn -0.0000 0.2982 0.9545
vn -0.0000 -0.0556 -0.9985
vn -0.0000 -0.3536 -0.9354
vn -0.0000 -0.2136 -0.9769
vn -0.0000 0.0565 0.9984
vn -0.0000 0.3527 0.9357
vn -0.0000 0.1635 0.9865
vn -0.0000 -0.0095 -1.0000
vn -0.0000 -0.1646 -0.9864
vn -0.0000 -0.0795 -0.9968
vn -0.0000 0.0309 0.9995
vn -0.0000 0.2529 0.9675
vn -0.0000 -0.0570 0.9984
vn -0.0000 -0.3198 -0.9475
vn -0.0000 -0.9805 -0.1963
vn -0.0000 0.1118 -0.9937
vn -0.0000 -0.0067 1.0000
vn -0.0000 0.0759 0.9971
vn -0.0000 -0.8793 0.4762
vn 0.6646 -0.2366 -0.7087
vn -0.0000 -0.2740 -0.9617
vn -0.6646 -0.2366 -0.7087
vn -0.9873 -0.1586 -0.0000
vn -0.6646 -0.2366 0.7087
vn -0.0000 -0.2740 0.9617
vn 0.6646 -0.2366 0.7087
vn 0.9873 -0.1586 -0.0000
vn -0.0000 0.3494 -0.9370
vn 0.6455 0.3040 -0.7006
vn -0.6455 0.3040 -0.7006
vn -0.9787 0.2055 -0.0000
vn -0.6455 0.3040 0.7006
vn -0.0000 0.3494 0.9370
vn 0.6455 0.3040 0.7006
vn 0.9787 0.2055 -0.0000
vn 0.6758 0.1141 -0.7282
vn -0.0000 0.1456 -0.9893
vn -0.0000 -0.1440 -0.9896
vn 0.6762 -0.1129 -0.7280
vn -0.6759 0.1141 -0.7281
vn -0.6762 -0.1129 -0.7280
vn -0.9964 0.0850 -0.0000
vn -0.9965 -0.0839 -0.0000
vn -0.6759 0.1141 0.7281
vn -0.6762 -0.1129 0.7280
vn -0.0000 0.1456 0.9893
vn -0.0000 -0.1440 0.9896
vn 0.6759 0.1141 0.7281
vn 0.6762 -0.1129 0.7280
vn 0.9964 0.0850 -0.0000
vn 0.9965 -0.0839 -0.0000
vn 0.6758 0.1142 -0.7282
vn -0.0000 -0.1441 0.9896
vn 0.4082 -0.2986 0.8627
vn 0.6046 -0.3560 0.7125
vn 0.6433 -0.3649 0.6731
vn 0.1398 -0.1342 0.9811
vn 0.1439 0.1677 0.9753
vn -0.7280 0.1790 0.6618
vn -0.7412 -0.1377 0.6570
vn 0.0267 0.8099 0.5859
vn -0.5065 0.6577 0.5576
vn 0.8621 0.1304 0.4897
vn 0.4355 0.1461 0.8883
vn 0.4399 -0.1179 0.8903
vn 0.8723 -0.0984 0.4790
vn 0.3082 0.7815 0.5425
vn 0.7191 0.5470 0.4286
vn 0.3059 -0.7597 0.5739
vn 0.7689 -0.4615 0.4425
vn -0.0016 -0.7920 0.6105
vn -0.5750 -0.6099 0.5454
vn 0.3644 0.4951 0.7887
vn 0.3553 0.3426 0.8697
vn 0.5496 0.3057 0.7775
vn 0.5090 0.4368 0.7417
vn 0.3796 0.2774 0.8826
vn 0.6073 0.2164 0.7645
vn -0.0000 0.3664 0.9304
vn 0.1899 0.3652 0.9113
vn 0.2110 0.5330 0.8194
vn -0.0000 0.5403 0.8415
vn 0.1849 0.2816 0.9416
vn -0.0000 0.2375 0.9714
vn -0.0000 0.8218 0.5698
vn 0.2425 0.7969 0.5533
vn 0.2537 0.9262 0.2789
vn -0.0000 0.9598 0.2808
vn 0.4333 0.7279 0.5315
vn 0.4636 0.8398 0.2826
vn 0.6179 0.5937 0.5155
vn 0.6656 0.6868 0.2921
vn 0.4718 0.8800 0.0541
vn 0.6866 0.7248 0.0577
vn 0.2558 0.9653 0.0518
vn -0.0000 0.9987 0.0512
vn -0.0000 0.9718 -0.2357
vn 0.2539 0.9383 -0.2348
vn 0.2469 0.8495 -0.4662
vn -0.0000 0.8780 -0.4787
vn 0.4645 0.8531 -0.2376
vn 0.4435 0.7780 -0.4450
vn 0.6711 0.6997 -0.2449
vn 0.6395 0.6381 -0.4288
vn 0.4125 0.6199 -0.6675
vn 0.5873 0.5372 -0.6054
vn 0.2335 0.6674 -0.7071
vn -0.0000 0.6813 -0.7321
vn -0.0000 0.3383 -0.9410
vn 0.2075 0.3387 -0.9177
vn 0.1944 0.1093 -0.9748
vn -0.0000 0.1074 -0.9942
vn 0.3889 0.3224 -0.8630
vn 0.3907 0.1126 -0.9136
vn 0.6518 0.3229 -0.6862
vn 0.6758 0.1447 -0.7227
vn 0.6807 -0.0179 -0.7324
vn 0.3954 -0.0491 -0.9172
vn 0.1939 -0.0555 -0.9794
vn -0.0000 -0.0562 -0.9984
vn -0.0000 -0.2119 -0.9773
vn 0.1941 -0.2132 -0.9575
vn 0.1913 -0.4556 -0.8694
vn -0.0000 -0.4596 -0.8881
vn 0.3903 -0.2139 -0.8955
vn 0.3703 -0.4551 -0.8098
vn 0.6630 -0.2053 -0.7199
vn 0.5944 -0.4870 -0.6399
vn 0.4975 -0.6874 -0.5290
vn 0.3266 -0.7198 -0.6126
vn 0.1716 -0.7483 -0.6408
vn -0.0000 -0.7655 -0.6435
vn 0.3099 -0.9031 -0.2974
vn 0.1358 -0.9415 -0.3084
vn -0.0000 -0.9533 -0.3020
vn 0.5476 -0.7727 -0.3210
vn 0.3254 -0.9323 -0.1578
vn 0.5566 -0.8110 -0.1802
vn 0.6740 -0.7336 -0.0871
vn -0.0000 -0.9839 -0.1788
vn 0.1132 -0.9784 -0.1729
vn 0.1099 -0.8902 -0.4422
vn 0.7154 -0.6829 0.1477
vn -0.1475 -0.9890 -0.0107
vn -0.0480 -0.8913 -0.4509
vn 0.6287 -0.7047 -0.3290
vn 0.1159 -0.5304 0.8398
vn -0.1956 -0.9530 0.2313
vn 0.6641 -0.6471 0.3745
vn 0.5637 -0.3806 0.7331
vn 0.7818 -0.4472 0.4346
vn 0.7907 -0.4260 0.4397
vn 0.8210 -0.5147 0.2470
vn 0.8329 -0.4928 0.2519
vn 0.8326 -0.5532 0.0286
vn 0.9527 0.0216 0.3031
vn 0.9403 -0.1799 0.2888
vn 0.9792 -0.1952 0.0557
vn 0.9981 0.0142 0.0600
vn 0.6968 -0.1295 0.7055
vn 0.8584 -0.1588 0.4877
vn 0.8540 0.0433 0.5185
vn 0.6828 0.0685 0.7274
vn 0.7843 -0.5780 -0.2254
vn 0.7330 -0.5482 -0.4027
vn 0.8812 0.0110 -0.4726
vn 0.8627 -0.1966 -0.4659
vn 0.9479 -0.1986 -0.2492
vn 0.9672 0.0156 -0.2537
vn 0.9437 0.2118 -0.2540
vn 0.9736 0.2198 0.0614
vn 0.8657 0.1892 -0.4633
vn 0.8062 0.3933 -0.4421
vn 0.8841 0.4634 0.0606
vn 0.8602 0.4434 -0.2519
vn 0.8200 0.2029 0.5351
vn 0.9285 0.2108 0.3056
vn 0.8492 0.4329 0.3024
vn 0.7642 0.3658 0.5312
vn 0.1762 0.2554 0.9507
vn 0.2510 0.5044 0.8262
vn -0.1949 -0.0397 0.9800
vn -0.1600 0.0519 0.9857
vn -0.0000 -0.1294 0.9916
vn -0.3234 -0.0886 0.9421
vn -0.5677 -0.6301 0.5298
vn -0.0000 -0.8254 0.5646
vn -0.8239 -0.2162 0.5238
vn -0.7866 -0.4543 0.4181
vn -0.0906 0.8445 0.5279
vn -0.7789 0.3235 0.5373
vn -0.0000 0.8452 0.5344
vn 0.4848 -0.0858 0.8704
vn 0.3212 -0.3673 0.8729
vn 0.2377 -0.5016 0.8318
vn -0.0000 0.0723 0.9974
vn 0.6473 -0.0244 0.7619
vn 0.0748 -0.2478 0.9659
vn 0.1762 0.2554 0.9506
vn 0.2510 0.5043 0.8263
vn -0.1600 0.0519 0.9858
vn 0.5256 0.2758 0.8048
vn 0.3251 0.4502 0.8317
vn 0.6472 -0.0244 0.7619
vn 0.6977 0.0310 0.7157
vn 0.4847 -0.0858 0.8705
vn 0.3211 -0.3673 0.8729
vn 0.2378 -0.5015 0.8318
vn -0.0000 -0.9528 -0.3034
vn -0.2720 -0.8800 -0.3893
vn 0.9060 -0.3488 0.2397
vn 0.6774 -0.5685 -0.4669
vn 0.6079 -0.2273 0.7608
vn 0.8484 -0.2786 0.4502
vn -0.2192 -0.5938 0.7742
vn -0.0000 -0.5800 0.8146
vn 0.5256 0.2759 0.8048
vn -0.1522 -0.4349 0.8875
vn -0.3436 -0.3395 0.8756
vn -0.0000 -0.1364 0.9907
vn -0.0000 -0.5148 0.8573
vn -0.3576 -0.1832 0.9157
vn 0.3251 0.4502 0.8316
vn 0.2174 -0.2277 0.9492
vn -0.2770 -0.0357 0.9602
vn 0.1906 -0.1945 0.9622
vn -0.0480 0.2293 0.9722
vn -0.0000 0.4334 0.9012
vn 0.4812 -0.4920 0.7255
vn 0.3087 -0.9296 0.2013
vn 0.1731 -0.9846 0.0249
vn 0.1589 -0.2206 0.9623
vn 0.1245 -0.6015 0.7891
vn 0.4477 -0.5232 0.7251
vn -0.4135 -0.8809 0.2303
vn 0.0734 -0.9628 0.2600
vn 0.5122 -0.8213 0.2511
vn 0.0609 -0.9981 0.0070
vn 0.4999 -0.8647 0.0480
vn -0.3840 -0.9233 0.0099
vn 0.0593 -0.9078 -0.4153
vn 0.4338 -0.8218 -0.3695
vn 0.0683 -0.6473 -0.7591
vn -0.0000 -0.9990 0.0439
vn -0.0000 -0.9748 0.2229
vn 0.1428 -0.9180 -0.3700
vn -0.4082 -0.2986 0.8627
vn -0.6433 -0.3649 0.6731
vn -0.6046 -0.3560 0.7125
vn -0.1398 -0.1342 0.9811
vn 0.7412 -0.1377 0.6570
vn 0.7280 0.1790 0.6618
vn -0.1439 0.1677 0.9753
vn 0.5065 0.6577 0.5576
vn -0.0267 0.8099 0.5859
vn -0.8621 0.1304 0.4897
vn -0.8723 -0.0984 0.4790
vn -0.4399 -0.1179 0.8903
vn -0.4355 0.1461 0.8883
vn -0.3082 0.7815 0.5425
vn -0.7191 0.5470 0.4286
vn -0.7689 -0.4616 0.4425
vn -0.3059 -0.7597 0.5739
vn 0.0016 -0.7920 0.6105
vn 0.5750 -0.6099 0.5454
vn -0.3644 0.4951 0.7887
vn -0.5090 0.4368 0.7417
vn -0.5496 0.3057 0.7775
vn -0.3553 0.3426 0.8697
vn -0.6073 0.2164 0.7645
vn -0.3796 0.2775 0.8826
vn -0.2110 0.5330 0.8194
vn -0.1899 0.3652 0.9113
vn -0.1849 0.2816 0.9416
vn -0.2537 0.9262 0.2789
vn -0.2425 0.7969 0.5533
vn -0.4636 0.8398 0.2826
vn -0.4333 0.7279 0.5315
vn -0.6656 0.6868 0.2921
vn -0.6179 0.5937 0.5155
vn -0.4718 0.8800 0.0541
vn -0.6866 0.7248 0.0577
vn -0.2558 0.9653 0.0518
vn -0.2469 0.8495 -0.4662
vn -0.2539 0.9383 -0.2348
vn -0.4435 0.7780 -0.4450
vn -0.4645 0.8531 -0.2376
vn -0.6395 0.6381 -0.4288
vn -0.6711 0.6997 -0.2449
vn -0.4125 0.6199 -0.6675
vn -0.5873 0.5372 -0.6054
vn -0.2335 0.6674 -0.7071
vn -0.1944 0.1093 -0.9748
vn -0.2075 0.3387 -0.9177
vn -0.3907 0.1126 -0.9136
vn -0.3889 0.3224 -0.8630
vn -0.6758 0.1447 -0.7227
vn -0.6518 0.3229 -0.6862
vn -0.6807 -0.0179 -0.7324
vn -0.3954 -0.0491 -0.9172
vn -0.1939 -0.0555 -0.9794
vn -0.1913 -0.4556 -0.8694
vn -0.1941 -0.2132 -0.9575
vn -0.3703 -0.4551 -0.8098
vn -0.3903 -0.2139 -0.8955
vn -0.5944 -0.4870 -0.6399
vn -0.6630 -0.2053 -0.7199
vn -0.4975 -0.6874 -0.5290
vn -0.3266 -0.7198 -0.6126
vn -0.1716 -0.7483 -0.6408
vn -0.3099 -0.9031 -0.2974
vn -0.1358 -0.9415 -0.3084
vn -0.5476 -0.7727 -0.3210
vn -0.6740 -0.7336 -0.0871
vn -0.5566 -0.8110 -0.1802
vn -0.3254 -0.9323 -0.1578
vn -0.1099 -0.8902 -0.4422
vn -0.1132 -0.9784 -0.1729
vn -0.7154 -0.6829 0.1477
vn -0.6287 -0.7047 -0.3290
vn 0.0480 -0.8913 -0.4509
vn 0.1475 -0.9890 -0.0107
vn -0.1159 -0.5305 0.8397
vn -0.5637 -0.3806 0.7331
vn -0.6641 -0.6471 0.3745
vn 0.1956 -0.9530 0.2314
vn -0.7907 -0.4260 0.4397
vn -0.7818 -0.4472 0.4346
vn -0.8329 -0.4928 0.2519
vn -0.8210 -0.5147 0.2470
vn -0.8326 -0.5532 0.0286
vn -0.9527 0.0216 0.3031
vn -0.9981 0.0142 0.0600
vn -0.9792 -0.1952 0.0557
vn -0.9403 -0.1799 0.2888
vn -0.6968 -0.1295 0.7055
vn -0.6828 0.0685 0.7274
vn -0.8540 0.0433 0.5185
vn -0.8584 -0.1588 0.4877
vn -0.7843 -0.5780 -0.2254
vn -0.7330 -0.5482 -0.4027
vn -0.8812 0.0110 -0.4726
vn -0.8627 -0.1966 -0.4659
vn -0.9672 0.0156 -0.2537
vn -0.9479 -0.1986 -0.2492
vn -0.9736 0.2198 0.0614
vn -0.9437 0.2118 -0.2540
vn -0.8657 0.1892 -0.4633
vn -0.8062 0.3933 -0.4421
vn -0.8841 0.4634 0.0606
vn -0.8602 0.4434 -0.2519
vn -0.8200 0.2029 0.5351
vn -0.9285 0.2108 0.3056
vn -0.8492 0.4329 0.3024
vn -0.7642 0.3658 0.5312
vn -0.1762 0.2554 0.9506
vn -0.2510 0.5044 0.8262
vn 0.1949 -0.0397 0.9800
vn 0.1600 0.0519 0.9857
vn 0.5677 -0.6301 0.5298
vn 0.3234 -0.0886 0.9421
vn 0.7866 -0.4543 0.4180
vn 0.8239 -0.2162 0.5238
vn 0.7789 0.3235 0.5373
vn 0.0906 0.8445 0.5279
vn -0.4847 -0.0859 0.8704
vn -0.3211 -0.3673 0.8729
vn -0.2378 -0.5016 0.8318
vn -0.6473 -0.0244 0.7619
vn -0.0748 -0.2478 0.9659
vn -0.2510 0.5043 0.8263
vn 0.1600 0.0519 0.9858
vn -0.3250 0.4502 0.8317
vn -0.5255 0.2758 0.8048
vn -0.6977 0.0310 0.7157
vn -0.6472 -0.0244 0.7619
vn -0.4847 -0.0858 0.8704
vn 0.2720 -0.8800 -0.3893
vn -0.6774 -0.5685 -0.4669
vn -0.9060 -0.3488 0.2397
vn -0.6079 -0.2273 0.7608
vn -0.8484 -0.2786 0.4502
vn 0.2192 -0.5938 0.7742
vn -0.5256 0.2759 0.8048
vn 0.3436 -0.3395 0.8756
vn 0.1522 -0.4349 0.8875
vn 0.3576 -0.1831 0.9158
vn -0.3251 0.4502 0.8316
vn -0.2174 -0.2277 0.9492
vn 0.2770 -0.0358 0.9602
vn 0.0480 0.2293 0.9722
vn -0.1906 -0.1945 0.9622
vn -0.4812 -0.4920 0.7255
vn -0.3087 -0.9296 0.2012
vn -0.1731 -0.9846 0.0249
vn -0.1589 -0.2206 0.9623
vn -0.4477 -0.5232 0.7251
vn -0.1245 -0.6015 0.7891
vn 0.4135 -0.8809 0.2303
vn -0.0734 -0.9628 0.2600
vn -0.5122 -0.8213 0.2511
vn -0.4999 -0.8647 0.0480
vn -0.0609 -0.9981 0.0070
vn 0.3840 -0.9233 0.0099
vn -0.4338 -0.8218 -0.3695
vn -0.0593 -0.9078 -0.4153
vn -0.0682 -0.6473 -0.7592
vn -0.1427 -0.9180 -0.3701
vn -0.6805 -0.2942 -0.6711
vn -0.9644 -0.2643 0.0089
vn -0.9908 -0.1349 0.0049
vn -0.7001 -0.1656 -0.6946
vn -0.6833 -0.2341 0.6916
vn -0.7011 -0.1042 0.7055
vn -0.0000 -0.2216 0.9751
vn -0.0000 -0.0914 0.9958
vn 0.6833 -0.2341 0.6916
vn 0.7011 -0.1041 0.7055
vn 0.9644 -0.2643 0.0089
vn 0.9908 -0.1349 0.0049
vn 0.6805 -0.2942 -0.6711
vn 0.7001 -0.1656 -0.6946
vn -0.0000 -0.3066 -0.9518
vn -0.0000 -0.1783 -0.9840
vn -0.9563 0.2920 -0.0115
vn -0.6778 0.2629 -0.6866
vn -0.6756 0.3211 0.6637
vn -0.0000 0.3331 0.9429
vn 0.6756 0.3211 0.6636
vn 0.9563 0.2920 -0.0115
vn 0.6767 0.2629 -0.6877
vn -0.0000 0.2508 -0.9680
vn -0.6904 0.2317 0.6853
vn -0.9805 0.1964 -0.0044
vn -0.9983 0.0579 -0.0024
vn -0.7058 0.0888 0.7028
vn -0.6961 0.1606 -0.6998
vn -0.7059 0.0269 -0.7078
vn -0.0000 0.0141 -0.9999
vn 0.6961 0.1606 -0.6998
vn 0.7059 0.0269 -0.7078
vn 0.9805 0.1964 -0.0044
vn 0.9983 0.0579 -0.0024
vn 0.6904 0.2317 0.6853
vn 0.7058 0.0888 0.7028
vn -0.0000 0.2463 0.9692
vn -0.0000 0.1017 0.9948
vn -0.9322 -0.3616 0.0140
vn -0.6612 -0.3334 0.6721
vn -0.6584 -0.3897 -0.6440
vn -0.0000 -0.4013 -0.9160
vn 0.6584 -0.3897 -0.6439
vn 0.9322 -0.3616 0.0140
vn 0.6598 -0.3334 0.6734
vn -0.0000 -0.3217 0.9468
vn -0.7018 -0.1293 -0.7005
vn -0.9958 -0.0917 0.0006
vn -0.0000 -0.1446 -0.9895
vn 0.7018 -0.1292 -0.7005
vn 0.9958 -0.0917 0.0006
vn 0.7062 -0.0538 0.7060
vn -0.0000 -0.0381 0.9993
vn -0.7062 -0.0539 0.7060
vn -1.0000 -0.0032 0.0009
vn -0.7065 0.0386 0.7066
vn -0.0000 0.0559 0.9984
vn 0.7065 0.0386 0.7066
vn 1.0000 -0.0032 0.0009
vn 0.7073 -0.0452 -0.7055
vn -0.0000 -0.0625 -0.9980
vn -0.7073 -0.0452 -0.7055
vn 0.5570 -0.6160 -0.5570
vn -0.0000 -0.6160 -0.7877
vn -0.0000 -0.3073 -0.9516
vn 0.6729 -0.3073 -0.6729
vn -0.5570 -0.6160 -0.5570
vn -0.6729 -0.3073 -0.6729
vn -0.7877 -0.6160 -0.0000
vn -0.9516 -0.3073 -0.0000
vn -0.5570 -0.6160 0.5570
vn -0.6729 -0.3073 0.6729
vn -0.0000 -0.6160 0.7877
vn -0.0000 -0.3073 0.9516
vn 0.5570 -0.6160 0.5570
vn 0.6729 -0.3073 0.6729
vn 0.7877 -0.6160 -0.0000
vn 0.9516 -0.3073 -0.0000
vn -0.0000 0.5934 -0.8049
vn 0.5692 0.5934 -0.5692
vn -0.5692 0.5934 -0.5692
vn -0.8049 0.5934 -0.0000
vn -0.5692 0.5934 0.5692
vn -0.0000 0.5934 0.8049
vn 0.5692 0.5934 0.5692
vn 0.8049 0.5934 -0.0000
vn -0.6205 0.4795 -0.6205
vn -0.0000 0.4795 -0.8775
vn -0.0000 0.3073 -0.9516
vn -0.6729 0.3073 -0.6729
vn 0.6205 0.4795 -0.6205
vn 0.6729 0.3073 -0.6729
vn 0.8775 0.4795 -0.0000
vn 0.9516 0.3073 -0.0000
vn 0.6205 0.4795 0.6205
vn 0.6729 0.3073 0.6729
vn -0.0000 0.4795 0.8775
vn -0.0000 0.3073 0.9516
vn -0.6205 0.4795 0.6205
vn -0.6729 0.3073 0.6729
vn -0.8775 0.4795 -0.0000
vn -0.9516 0.3073 -0.0000
vn -0.0000 -0.5934 -0.8049
vn -0.5692 -0.5934 -0.5692
vn 0.5692 -0.5934 -0.5692
vn 0.8049 -0.5934 -0.0000
vn 0.5692 -0.5934 0.5692
vn -0.0000 -0.5934 0.8049
vn -0.5692 -0.5934 0.5692
vn -0.8049 -0.5934 -0.0000
vn 0.6889 -0.2254 -0.6889
vn -0.0000 -0.2254 -0.9743
vn 0.9743 -0.2254 -0.0000
vn 0.6889 -0.2254 0.6889
vn -0.0000 -0.2254 0.9743
vn -0.6889 -0.2254 0.6889
vn -0.9743 -0.2254 -0.0000
vn -0.6889 -0.2254 -0.6889
vn -0.4328 -0.5002 0.7500
vn -0.0000 -0.5715 0.8206
vn -0.5470 -0.0284 0.8366
vn 0.4328 -0.5003 0.7499
vn 0.5470 -0.0284 0.8366
vn 0.4218 0.4894 0.7633
vn -0.0000 0.5725 0.8199
vn -0.4218 0.4894 0.7633
vn -0.0000 0.9825 0.1864
vn -0.6612 0.7177 0.2185
vn 0.6612 0.7177 0.2185
vn 0.3475 0.4032 -0.8466
vn -0.0000 0.4536 -0.8912
vn -0.3475 0.4032 -0.8466
vn -0.4382 -0.0148 -0.8987
vn 0.4382 -0.0148 -0.8988
vn 0.3574 -0.4118 -0.8383
vn -0.0000 -0.4570 -0.8895
vn -0.3575 -0.4118 -0.8382
vn -0.0000 -0.9827 0.1850
vn -0.6557 -0.7270 0.2036
vn 0.6557 -0.7270 0.2036
vn 0.9773 -0.0562 0.2043
vn -0.9773 -0.0562 0.2043
vn -0.9212 -0.1041 -0.3748
vn -0.9955 -0.0937 -0.0142
vn -0.9297 -0.1073 0.3524
vn -0.0000 -0.1791 0.9838
vn 0.9297 -0.1073 0.3524
vn 0.9955 -0.0937 -0.0142
vn 0.9212 -0.1041 -0.3748
vn -0.0000 -0.1791 -0.9838
vn -0.9996 -0.0280 0.0026
vn -0.9939 -0.1106 -0.0057
vn -0.9078 -0.2108 0.3627
vn -0.9363 -0.0898 0.3396
vn -0.9340 -0.1014 -0.3426
vn -0.9177 -0.1753 -0.3566
vn -0.0000 -0.2759 -0.9612
vn -0.0000 -0.4213 -0.9069
vn 0.9340 -0.1014 -0.3426
vn 0.9177 -0.1753 -0.3566
vn 0.9996 -0.0285 -0.0015
vn 0.9916 -0.1291 -0.0093
vn 0.9362 -0.0947 0.3386
vn 0.9170 -0.1905 0.3504
vn -0.0114 -0.2797 0.9600
vn -0.0243 -0.4569 0.8892
vn -0.5415 -0.6088 -0.5798
vn -0.4969 -0.1870 -0.8474
vn -0.3708 -0.1547 -0.9157
vn -0.4622 -0.6232 -0.6309
vn -0.4684 -0.0009 -0.8835
vn -0.2922 -0.0086 -0.9563
vn -0.0054 0.0093 -0.9999
vn -0.0480 -0.1210 -0.9915
vn -0.2165 -0.5698 -0.7928
vn 0.6180 -0.0208 0.7859
vn 0.4472 0.0161 0.8943
vn 0.4475 -0.0758 0.8911
vn 0.6479 -0.1875 0.7383
vn 0.5065 0.0134 0.8621
vn 0.4716 -0.0455 0.8807
vn 0.2025 -0.5549 0.8069
vn 0.2196 -0.5952 0.7729
vn 0.4956 -0.5387 0.6813
vn -0.4265 0.5883 -0.6870
vn -0.0457 0.9946 0.0929
vn 0.2182 0.9745 -0.0520
vn -0.2135 0.5069 -0.8351
vn 0.4062 0.4819 0.7764
vn 0.5062 0.4606 0.7291
vn 0.5797 0.4377 0.6873
vn 0.6034 0.7796 -0.1675
vn 0.0227 0.4190 -0.9077
vn 0.9767 -0.0454 -0.2099
vn 0.9011 -0.3396 -0.2695
vn 0.3976 -0.9105 -0.1133
vn -0.2554 -0.9646 0.0664
vn -0.3448 -0.9330 0.1028
vn -0.0407 -0.6714 0.7400
vn -0.0306 -0.3045 0.9520
vn -0.8244 -0.5293 0.2005
vn -0.5051 -0.8476 0.1629
vn -0.0388 -0.1391 0.9895
vn -0.9332 -0.3035 0.1926
vn -0.7526 -0.1104 -0.6491
vn -0.7499 -0.2823 -0.5983
vn -0.6383 -0.6323 -0.4390
vn 0.4228 -0.0143 0.9061
vn 0.4133 -0.0979 0.9053
vn 0.2018 -0.5924 0.7800
vn -0.2800 -0.9540 0.1072
vn -0.5520 -0.6356 -0.5398
vn -0.6038 0.0009 -0.7972
vn -0.6085 -0.1785 -0.7732
vn -0.0270 0.5614 0.8271
vn 0.2541 0.5005 0.8276
vn -0.2686 0.9504 0.1570
vn -0.5843 0.7959 0.1583
vn -0.5822 0.5688 -0.5809
vn -0.6331 0.5554 -0.5391
vn -0.9637 0.1395 0.2279
vn -0.7646 0.1297 -0.6313
vn -0.0782 0.1061 0.9913
vn -0.6010 0.1681 -0.7813
vn -0.4762 0.1649 -0.8637
vn -0.2934 0.0905 -0.9517
vn 0.0166 0.0990 -0.9950
vn 0.6064 0.1395 0.7828
vn 0.9367 0.2522 -0.2428
vn 0.5065 0.0686 0.8595
vn 0.4663 0.0766 0.8813
vn 0.4072 0.0811 0.9098
vn -0.9276 -0.1232 -0.3526
vn -0.9925 -0.1222 -0.0000
vn -0.9276 -0.1232 0.3526
vn -0.0000 -0.1758 0.9844
vn 0.9276 -0.1233 0.3526
vn 0.9925 -0.1222 -0.0000
vn 0.9276 -0.1232 -0.3526
vn -0.0000 -0.1758 -0.9844
vn -0.9960 -0.0892 0.0010
vn -0.9319 -0.1086 0.3461
vn -0.9343 -0.1112 -0.3386
vn -0.0000 -0.2286 -0.9735
vn 0.9344 -0.1111 -0.3386
vn 0.9960 -0.0892 0.0010
vn 0.9319 -0.1086 0.3461
vn -0.0000 -0.1657 0.9862
vn -0.9986 -0.0519 0.0091
vn -0.9513 -0.0799 -0.2978
vn -0.0000 -0.2016 -0.9795
vn 0.9513 -0.0799 -0.2977
vn 0.9986 -0.0519 0.0091
vn 0.9466 -0.0707 0.3146
vn -0.0000 -0.1695 0.9855
vn -0.9466 -0.0707 0.3146
vn 0.8486 -0.1063 0.5182
vn 0.9996 0.0247 0.0168
vn 0.9657 0.2596 0.0079
vn 0.8284 0.2623 0.4949
vn 0.8758 0.0982 -0.4726
vn 0.8288 0.3143 -0.4630
vn 0.6246 0.7220 -0.2977
vn 0.6598 0.7515 -0.0000
vn 0.6246 0.7220 0.2977
vn -0.0000 0.8756 0.4830
vn -0.0000 0.8756 -0.4830
vn -0.6246 0.7220 -0.2977
vn -0.6598 0.7515 -0.0000
vn -0.6246 0.7220 0.2977
vn -0.9657 0.2595 0.0079
vn -0.8284 0.2624 0.4949
vn -0.8288 0.3143 -0.4630
vn -0.8758 0.0982 -0.4726
vn -0.9996 0.0246 0.0168
vn -0.8487 -0.1063 0.5181
vn -0.3551 -0.9271 0.1203
vn -0.4189 -0.9075 -0.0320
vn -0.0000 -1.0000 -0.0098
vn -0.0000 -0.9834 0.1816
vn -0.4044 -0.8842 -0.2338
vn -0.0000 -0.9140 -0.4057
vn 0.4044 -0.8842 -0.2338
vn 0.4189 -0.9075 -0.0320
vn 0.3551 -0.9271 0.1203
vn -0.0000 0.1507 -0.9886
vn -0.0000 0.3954 -0.9185
vn -0.0000 -0.2242 0.9746
vn -0.0000 0.2911 0.9567
vn -0.9460 -0.3233 -0.0242
vn -0.7779 -0.4799 0.4056
vn -0.8191 -0.2431 -0.5196
vn -0.0000 -0.2250 -0.9744
vn 0.8191 -0.2431 -0.5196
vn 0.9460 -0.3233 -0.0242
vn 0.7779 -0.4799 0.4056
vn -0.0000 -0.6592 0.7519
vn -0.0000 0.7499 0.6616
vn -0.0000 -0.1256 0.9921
vn 0.0602 -0.0586 0.9965
vn -0.0847 0.7232 0.6855
vn -0.0000 -0.9811 0.1937
vn -0.2503 -0.9310 0.2657
vn -0.0000 0.9812 -0.1929
vn -0.0000 0.9922 0.1250
vn -0.2548 0.9668 0.0195
vn -0.2511 0.8761 -0.4116
vn -0.0000 -0.3111 -0.9504
vn -0.3919 -0.2215 -0.8930
vn -0.0000 -0.9420 -0.3357
vn -0.3368 -0.8653 -0.3712
vn -0.2730 -0.8573 -0.4365
vn -0.4257 -0.8149 0.3934
vn -0.0752 -0.4065 -0.9105
vn 0.0664 0.3815 -0.9220
vn -0.3573 0.9247 -0.1317
vn -0.4091 0.6726 0.6167
vn -0.1624 -0.0327 0.9862
vn 0.3918 -0.2215 -0.8930
vn 0.3368 -0.8653 -0.3712
vn 0.2730 -0.8573 -0.4365
vn 0.0752 -0.4065 -0.9105
vn 0.2503 -0.9310 0.2657
vn 0.4257 -0.8149 0.3934
vn -0.0602 -0.0586 0.9965
vn 0.1624 -0.0328 0.9862
vn 0.0847 0.7232 0.6855
vn 0.4091 0.6726 0.6167
vn 0.2548 0.9668 0.0195
vn 0.3574 0.9246 -0.1317
vn 0.2511 0.8761 -0.4116
vn -0.0664 0.3815 -0.9220
vn 0.0302 -0.8834 -0.4676
vn -0.5593 -0.7387 0.3761
vn 0.4047 -0.4755 -0.7811
vn 0.8011 -0.3962 -0.4485
vn 0.3472 -0.8789 -0.3271
vn -0.7603 -0.6409 0.1061
vn 0.5724 0.0554 -0.8181
vn 0.9000 0.0924 -0.4260
vn 0.0406 0.7828 -0.6210
vn -0.3451 0.9142 -0.2125
vn 0.1208 0.9684 -0.2180
vn 0.5150 0.6419 -0.5680
vn -0.4966 0.8621 0.1004
vn -0.3731 0.9022 0.2162
vn -0.4613 0.8792 0.1194
vn 0.2716 0.9579 -0.0932
vn 0.7400 0.6099 -0.2837
vn -0.5590 -0.0612 0.8269
vn -0.6209 0.2346 0.7480
vn -0.9550 -0.0693 0.2885
vn -0.9495 0.1338 0.2838
vn -0.0302 -0.8834 -0.4676
vn -0.4047 -0.4755 -0.7811
vn 0.5593 -0.7387 0.3761
vn 0.7603 -0.6409 0.1061
vn -0.3472 -0.8789 -0.3271
vn -0.8011 -0.3962 -0.4485
vn 0.5589 -0.0612 0.8270
vn 0.6209 0.2346 0.7480
vn 0.9495 0.1338 0.2838
vn 0.9550 -0.0693 0.2885
vn 0.4967 0.8621 0.1004
vn 0.3451 0.9142 -0.2125
vn -0.1208 0.9684 -0.2180
vn 0.3731 0.9022 0.2162
vn -0.0406 0.7828 -0.6210
vn -0.5151 0.6419 -0.5680
vn -0.7400 0.6099 -0.2837
vn -0.2716 0.9579 -0.0932
vn 0.4613 0.8792 0.1194
vn -0.5723 0.0554 -0.8181
vn -0.9000 0.0924 -0.4260
vn 0.4432 -0.8893 -0.1125
vn -0.8116 -0.5775 -0.0883
vn 0.9334 -0.3514 -0.0726
vn 0.9240 -0.3167 0.2141
vn 0.4892 -0.8676 0.0894
vn -0.7542 -0.6142 -0.2321
vn 0.9916 0.1251 -0.0333
vn 0.9620 0.1149 0.2476
vn 0.2857 0.9560 0.0666
vn 0.8052 0.5929 0.0107
vn -0.5836 0.8090 0.0701
vn -0.5763 0.7999 0.1673
vn 0.2267 0.9273 0.2978
vn 0.7736 0.5724 0.2718
vn -0.9972 -0.0682 -0.0290
vn -0.9943 0.1061 -0.0084
vn -0.9602 -0.0738 -0.2693
vn -0.9753 0.1200 -0.1856
vn -0.4432 -0.8893 -0.1126
vn -0.9334 -0.3514 -0.0726
vn 0.8116 -0.5775 -0.0883
vn 0.7542 -0.6142 -0.2321
vn -0.4892 -0.8676 0.0894
vn -0.9240 -0.3167 0.2141
vn 0.9973 -0.0682 -0.0290
vn 0.9943 0.1061 -0.0084
vn 0.9753 0.1200 -0.1856
vn 0.9602 -0.0738 -0.2693
vn -0.2857 0.9560 0.0666
vn 0.5836 0.8090 0.0700
vn -0.8052 0.5929 0.0107
vn -0.7736 0.5724 0.2718
vn -0.2267 0.9273 0.2978
vn 0.5763 0.7999 0.1673
vn -0.9916 0.1252 -0.0333
vn -0.9620 0.1149 0.2476
vn 0.4597 -0.8307 0.3139
vn -0.5066 -0.7180 -0.4772
vn 0.7975 -0.3183 0.5126
vn 0.4251 -0.3885 0.8175
vn 0.2855 -0.8630 0.4169
vn -0.1009 -0.7430 -0.6616
vn 0.8424 0.0672 0.5346
vn 0.3609 0.2004 0.9108
vn 0.0333 0.8555 0.5168
vn 0.6515 0.5464 0.5263
vn -0.5763 0.7678 0.2799
vn -0.5466 0.7499 0.3726
vn -0.3381 0.8007 0.4945
vn 0.2309 0.6736 0.7022
vn -0.7699 -0.0313 -0.6374
vn -0.8891 0.2030 -0.4103
vn -0.3738 0.0796 -0.9241
vn -0.7115 0.6224 -0.3262
vn -0.4597 -0.8307 0.3139
vn -0.7975 -0.3183 0.5126
vn 0.5066 -0.7180 -0.4772
vn 0.1009 -0.7430 -0.6616
vn -0.2855 -0.8630 0.4169
vn -0.4251 -0.3885 0.8175
vn 0.7699 -0.0313 -0.6374
vn 0.8891 0.2030 -0.4103
vn 0.7115 0.6224 -0.3262
vn 0.3738 0.0797 -0.9241
vn -0.0333 0.8555 0.5168
vn 0.5763 0.7678 0.2800
vn -0.6515 0.5463 0.5263
vn -0.2309 0.6735 0.7022
vn 0.3381 0.8007 0.4945
vn 0.5466 0.7499 0.3726
vn -0.8424 0.0672 0.5346
vn -0.3609 0.2004 0.9108
vn 0.1506 -0.8983 0.4128
vn 0.0651 -0.8025 -0.5931
vn 0.1229 -0.5005 0.8570
vn -0.0000 -0.5747 0.8184
vn -0.0000 -0.9048 0.4258
vn -0.0000 -0.8557 -0.5175
vn -0.1398 0.3859 0.9119
vn -0.0000 0.5417 0.8406
vn -0.4607 0.7985 0.3876
vn -0.4146 0.8794 0.2339
vn -0.3918 0.7014 -0.5954
vn -0.0000 0.7261 -0.6876
vn -0.0000 0.9966 0.0821
vn -0.1347 0.0751 -0.9880
vn -0.0000 0.0373 -0.9993
vn -0.1506 -0.8983 0.4128
vn -0.1229 -0.5005 0.8570
vn -0.0651 -0.8024 -0.5932
vn 0.1347 0.0751 -0.9880
vn 0.3918 0.7014 -0.5954
vn 0.4607 0.7985 0.3876
vn 0.4146 0.8794 0.2339
vn 0.1399 0.3859 0.9119
vn 0.6871 -0.6711 -0.2784
vn 0.3792 -0.7862 -0.4879
vn 0.6177 0.1388 -0.7740
vn 0.9064 0.1935 -0.3754
vn 0.1000 -0.8044 -0.5856
vn 0.1828 0.1333 -0.9741
vn -0.2372 -0.7834 -0.5744
vn -0.3803 0.1362 -0.9148
vn -0.6165 -0.6951 -0.3698
vn -0.8366 0.1678 -0.5214
vn -0.7304 -0.6595 -0.1774
vn -0.9501 0.2064 -0.2338
vn -0.8056 -0.5923 -0.0146
vn -0.9754 0.2174 -0.0370
vn -0.8002 -0.5443 0.2518
vn -0.9337 0.2293 0.2748
vn -0.4626 -0.6247 0.6291
vn -0.5212 0.2827 0.8052
vn 0.0067 0.2803 0.9599
vn 0.0083 -0.5397 0.8418
vn 0.2986 -0.6067 0.7367
vn 0.3810 0.2820 0.8805
vn 0.6932 -0.5762 0.4331
vn 0.8220 -0.5674 0.0488
vn 0.9755 0.2164 0.0400
vn 0.8265 0.2564 0.5012
vn 0.7698 -0.6300 -0.1027
vn 0.9663 0.2150 -0.1418
vn 0.7626 -0.6319 -0.1382
vn 0.9585 0.2201 -0.1811
vn 0.3952 0.8378 -0.3766
vn 0.5791 0.7873 -0.2117
vn 0.1216 0.8661 -0.4848
vn -0.2502 0.8532 -0.4576
vn -0.5541 0.7854 -0.2760
vn -0.6321 0.7563 -0.1688
vn -0.7139 0.6976 -0.0607
vn -0.7027 0.6878 0.1821
vn 0.0020 0.7366 0.6763
vn 0.2750 0.7394 0.6146
vn 0.7379 0.6749 -0.0027
vn 0.5989 0.7140 0.3625
vn 0.6922 0.7068 -0.1459
vn 0.6402 0.7536 -0.1491
vn 0.1705 0.9792 -0.1102
vn 0.2093 0.9698 -0.1252
vn 0.0626 0.9895 -0.1303
vn -0.1094 0.9858 -0.1272
vn -0.2172 0.9685 -0.1218
vn -0.2403 0.9600 -0.1438
vn -0.3315 0.9376 -0.1051
vn -0.3287 0.9431 0.0504
vn -0.0023 0.9423 0.3348
vn 0.1653 0.9426 0.2900
vn 0.3682 0.9277 -0.0615
vn 0.2537 0.9543 0.1577
vn 0.3152 0.9358 -0.1581
vn 0.2486 0.9570 -0.1494
vn 0.0679 0.9971 -0.0337
vn 0.0446 0.9906 -0.1297
vn 0.0415 0.9991 -0.0110
vn -0.0539 0.9984 -0.0164
vn -0.0509 0.9938 -0.0987
vn -0.0942 0.9839 -0.1518
vn -0.1699 0.9774 -0.1258
vn -0.1585 0.9873 -0.0063
vn -0.0896 0.9854 0.1448
vn 0.0859 0.9858 0.1441
vn -0.0014 0.9854 0.1701
vn 0.1871 0.9780 -0.0918
vn 0.1137 0.9898 0.0854
vn 0.1616 0.9723 -0.1690
vn 0.1033 0.9813 -0.1623
vn 0.5357 0.2766 0.7978
vn 0.4736 -0.6225 0.6231
vn 0.4117 0.6978 0.5861
vn 0.4900 -0.0381 0.8709
vn 0.5223 0.3312 0.7858
vn 0.3771 0.5600 0.7377
vn -0.5202 -0.0360 0.8533
vn -0.5558 0.3294 0.7633
vn -0.3129 -0.6181 0.7212
vn -0.4008 0.2796 0.8724
vn -0.6871 -0.6711 -0.2784
vn -0.9064 0.1935 -0.3754
vn -0.6177 0.1388 -0.7740
vn -0.3792 -0.7862 -0.4879
vn -0.1828 0.1333 -0.9741
vn -0.1000 -0.8044 -0.5856
vn 0.3803 0.1362 -0.9148
vn 0.2372 -0.7834 -0.5744
vn 0.8366 0.1678 -0.5214
vn 0.6165 -0.6951 -0.3698
vn 0.9501 0.2064 -0.2338
vn 0.7304 -0.6595 -0.1774
vn 0.9754 0.2174 -0.0370
vn 0.8056 -0.5923 -0.0146
vn 0.8002 -0.5443 0.2518
vn 0.9337 0.2293 0.2748
vn 0.5212 0.2827 0.8052
vn 0.4626 -0.6247 0.6291
vn -0.0067 0.2803 0.9599
vn -0.3810 0.2820 0.8805
vn -0.2986 -0.6067 0.7367
vn -0.0083 -0.5397 0.8418
vn -0.6932 -0.5762 0.4331
vn -0.8265 0.2564 0.5012
vn -0.9755 0.2164 0.0400
vn -0.8220 -0.5674 0.0487
vn -0.9663 0.2150 -0.1418
vn -0.7698 -0.6300 -0.1027
vn -0.9585 0.2201 -0.1811
vn -0.7626 -0.6319 -0.1382
vn -0.5791 0.7873 -0.2117
vn -0.3952 0.8378 -0.3766
vn -0.1216 0.8661 -0.4848
vn 0.2502 0.8532 -0.4576
vn 0.5541 0.7854 -0.2760
vn 0.6321 0.7563 -0.1687
vn 0.7139 0.6976 -0.0607
vn 0.7027 0.6878 0.1821
vn -0.0020 0.7366 0.6763
vn -0.2750 0.7394 0.6146
vn -0.5989 0.7140 0.3625
vn -0.7379 0.6749 -0.0027
vn -0.6922 0.7068 -0.1459
vn -0.6402 0.7536 -0.1491
vn -0.2093 0.9698 -0.1252
vn -0.1705 0.9792 -0.1102
vn -0.0626 0.9895 -0.1303
vn 0.1094 0.9858 -0.1272
vn 0.2172 0.9685 -0.1218
vn 0.2403 0.9600 -0.1438
vn 0.3315 0.9376 -0.1051
vn 0.3287 0.9431 0.0504
vn 0.0023 0.9423 0.3348
vn -0.1653 0.9426 0.2900
vn -0.2537 0.9543 0.1577
vn -0.3682 0.9277 -0.0615
vn -0.3152 0.9358 -0.1581
vn -0.2486 0.9570 -0.1494
vn -0.0446 0.9906 -0.1297
vn -0.0679 0.9971 -0.0337
vn -0.0415 0.9991 -0.0110
vn 0.0539 0.9984 -0.0164
vn 0.0509 0.9938 -0.0987
vn 0.0942 0.9839 -0.1518
vn 0.1699 0.9774 -0.1258
vn 0.1585 0.9873 -0.0063
vn 0.0896 0.9854 0.1448
vn 0.0014 0.9854 0.1701
vn -0.0859 0.9858 0.1441
vn -0.1137 0.9898 0.0854
vn -0.1871 0.9780 -0.0918
vn -0.1616 0.9723 -0.1690
vn -0.1033 0.9813 -0.1623
vn -0.5357 0.2767 0.7978
vn -0.4736 -0.6225 0.6231
vn -0.4117 0.6978 0.5861
vn -0.4900 -0.0381 0.8709
vn -0.5223 0.3312 0.7858
vn -0.3771 0.5600 0.7377
vn 0.5558 0.3294 0.7633
vn 0.5202 -0.0360 0.8533
vn 0.4008 0.2796 0.8724
vn 0.3129 -0.6181 0.7211
vn 0.5415 -0.6088 -0.5798
vn 0.4622 -0.6232 -0.6309
vn 0.3708 -0.1547 -0.9157
vn 0.4969 -0.1870 -0.8474
vn 0.2922 -0.0086 -0.9563
vn 0.4684 -0.0009 -0.8835
vn 0.0480 -0.1209 -0.9915
vn 0.0054 0.0093 -0.9999
vn 0.2165 -0.5698 -0.7928
vn -0.6180 -0.0208 0.7859
vn -0.6479 -0.1875 0.7383
vn -0.4475 -0.0758 0.8911
vn -0.4472 0.0161 0.8943
vn -0.4716 -0.0455 0.8807
vn -0.5065 0.0134 0.8621
vn -0.2196 -0.5952 0.7729
vn -0.2025 -0.5549 0.8069
vn -0.4956 -0.5387 0.6813
vn 0.4265 0.5883 -0.6870
vn 0.2135 0.5069 -0.8351
vn -0.2182 0.9745 -0.0520
vn 0.0457 0.9946 0.0930
vn -0.5062 0.4606 0.7291
vn -0.4062 0.4819 0.7764
vn -0.6034 0.7796 -0.1675
vn -0.5797 0.4377 0.6873
vn -0.0227 0.4190 -0.9077
vn -0.9011 -0.3396 -0.2695
vn -0.9767 -0.0454 -0.2099
vn -0.3976 -0.9105 -0.1133
vn 0.2554 -0.9646 0.0664
vn 0.3448 -0.9330 0.1028
vn 0.0407 -0.6714 0.7400
vn 0.5051 -0.8476 0.1629
vn 0.8244 -0.5293 0.2005
vn 0.0306 -0.3045 0.9520
vn 0.9332 -0.3035 0.1926
vn 0.0388 -0.1391 0.9895
vn 0.7499 -0.2823 -0.5983
vn 0.7526 -0.1104 -0.6491
vn 0.6383 -0.6323 -0.4390
vn -0.4133 -0.0979 0.9053
vn -0.4228 -0.0143 0.9061
vn -0.2017 -0.5924 0.7800
vn 0.5520 -0.6356 -0.5398
vn 0.2800 -0.9540 0.1072
vn 0.6085 -0.1785 -0.7732
vn 0.6038 0.0009 -0.7972
vn 0.0270 0.5614 0.8271
vn 0.5843 0.7959 0.1583
vn 0.2686 0.9504 0.1570
vn -0.2541 0.5005 0.8276
vn 0.5822 0.5688 -0.5809
vn 0.6331 0.5554 -0.5391
vn 0.7646 0.1297 -0.6313
vn 0.9637 0.1395 0.2279
vn 0.0782 0.1061 0.9913
vn 0.6010 0.1681 -0.7813
vn 0.4762 0.1649 -0.8637
vn -0.0166 0.0990 -0.9950
vn 0.2934 0.0905 -0.9517
vn -0.9367 0.2522 -0.2428
vn -0.6064 0.1395 0.7828
vn -0.4663 0.0766 0.8813
vn -0.5065 0.0686 0.8595
vn -0.4072 0.0811 0.9098
vn 0.4328 -0.5002 0.7500
vn -0.4328 -0.5003 0.7499
vn 0.4382 -0.0148 -0.8987
vn -0.4382 -0.0148 -0.8988
vn -0.3574 -0.4118 -0.8383
vn 0.3575 -0.4118 -0.8382
vn 0.9276 -0.1232 0.3526
vn 0.9343 -0.1112 -0.3386
vn -0.9344 -0.1111 -0.3386
vn 0.9513 -0.0799 -0.2978
vn -0.9513 -0.0799 -0.2977
vn -0.8486 -0.1063 0.5182
vn -0.8284 0.2623 0.4949
vn -0.9657 0.2596 0.0079
vn 0.9657 0.2595 0.0079
vn 0.9996 0.0246 0.0168
vn 0.8487 -0.1063 0.5181
vn 0.9781 -0.2080 -0.0000
vn 0.6917 -0.2079 -0.6916
vn -0.6916 -0.2080 0.6917
vn -0.6917 -0.2080 -0.6916
vn 0.6944 -0.1884 0.6945
vn 0.6945 -0.1884 -0.6944
vn -0.6944 -0.1884 -0.6945
vn -0.6945 -0.1884 0.6944
vn 0.7011 -0.1042 0.7055
vn -0.7011 -0.1041 0.7055
vn 0.6756 0.3211 0.6637
vn -0.6756 0.3211 0.6636
vn -0.6767 0.2629 -0.6877
vn -0.9983 0.0578 -0.0024
vn 0.6584 -0.3897 -0.6440
vn -0.6584 -0.3897 -0.6439
vn -0.6598 -0.3334 0.6734
vn 0.7062 -0.0539 0.7060
vn -0.6944 -0.1889 -0.6944
vn -0.7060 0.0570 -0.7060
vn 0.8776 0.4795 -0.0000
vn -0.9955 -0.0938 -0.0143
vn 0.9996 -0.0279 0.0026
vn 0.9363 -0.0898 0.3396
vn 0.9078 -0.2108 0.3627
vn 0.9939 -0.1106 -0.0057
vn 0.9177 -0.1753 -0.3565
vn -0.9996 -0.0285 -0.0015
vn -0.9916 -0.1291 -0.0094
vn -0.9362 -0.0947 0.3386
vn -0.9170 -0.1905 0.3504
vn 0.0114 -0.2797 0.9600
vn 0.0242 -0.4569 0.8892
vn 0.6917 -0.2079 -0.6917
vn 0.6927 -0.2010 -0.6927
vn 0.9796 -0.2010 -0.0000
vn 0.6927 -0.2010 0.6927
vn -0.6917 -0.2079 -0.6916
vn 0.6944 -0.1883 0.6945
vn 0.6945 -0.1883 -0.6944
vn -0.0000 -0.1883 -0.9821
vn -0.6944 -0.1883 -0.6945
vn -0.6945 -0.1883 0.6944
vn -0.6939 0.1927 -0.6938
vn 0.4503 0.7710 0.4503
vn -0.4504 0.7710 0.4503
vn 0.5440 -0.6389 -0.5439
vn -0.5439 -0.6389 -0.5440
vn 0.6900 -0.2098 -0.6927
vn 0.9935 -0.1136 -0.0017
vn 0.6869 0.2477 -0.6832
vn 0.6871 0.2255 0.6906
vn -0.6872 0.2254 0.6906
vn -0.6869 0.2477 -0.6833
vn 0.7062 0.0367 0.7070
vn 0.9869 0.1611 0.0010
vn 0.6968 0.1747 -0.6957
vn -0.7063 0.0599 -0.7054
vn -0.6968 0.1747 -0.6957
vn -0.9869 0.1611 0.0010
vn -0.7062 0.0368 0.7070
vn -0.6989 0.1475 0.6998
vn -0.6756 -0.3051 0.6712
vn 0.9977 -0.0677 0.0001
vn 0.7062 -0.0537 -0.7060
vn 0.7072 -0.0179 0.7068
vn 0.7069 0.0131 -0.7072
vt 0.431364 0.272088
vt 0.431364 0.272086
vt 0.431395 0.272088
vt 0.431332 0.272088
vt 0.431319 0.272088
vt 0.431408 0.272088
vt 0.431364 0.272123
vt 0.431364 0.272124
vt 0.431342 0.272123
vt 0.431385 0.272123
vt 0.431394 0.272123
vt 0.431333 0.272123
vt 0.431600 0.271525
vt 0.431624 0.271525
vt 0.431542 0.271520
vt 0.431542 0.271525
vt 0.431484 0.271525
vt 0.431460 0.271525
vt 0.431577 0.271777
vt 0.431591 0.271777
vt 0.431542 0.271779
vt 0.431542 0.271777
vt 0.431508 0.271777
vt 0.431494 0.271777
vt 0.431364 0.272044
vt 0.431364 0.272042
vt 0.431402 0.272044
vt 0.431326 0.272044
vt 0.431310 0.272044
vt 0.431417 0.272044
vt 0.431364 0.272087
vt 0.431364 0.272087
vt 0.431338 0.272087
vt 0.431390 0.272087
vt 0.431401 0.272087
vt 0.431327 0.272087
vt 0.431489 0.271773
vt 0.431460 0.271773
vt 0.431460 0.271769
vt 0.431431 0.271773
vt 0.431419 0.271773
vt 0.431501 0.271773
vt 0.431454 0.271986
vt 0.431471 0.271986
vt 0.431471 0.271987
vt 0.431488 0.271986
vt 0.431495 0.271986
vt 0.431446 0.271986
vt 0.431602 0.272192
vt 0.431621 0.272192
vt 0.431557 0.272190
vt 0.431557 0.272192
vt 0.431513 0.272192
vt 0.431494 0.272192
vt 0.431595 0.272352
vt 0.431611 0.272352
vt 0.431557 0.272353
vt 0.431557 0.272352
vt 0.431520 0.272352
vt 0.431504 0.272352
vt 0.431934 0.271835
vt 0.431895 0.271839
vt 0.431981 0.271837
vt 0.431802 0.271837
vt 0.431727 0.271839
vt 0.431941 0.271488
vt 0.431988 0.271491
vt 0.431902 0.271484
vt 0.431809 0.271486
vt 0.431733 0.271492
vt 0.431945 0.271485
vt 0.431907 0.271485
vt 0.431817 0.271476
vt 0.431817 0.271485
vt 0.431727 0.271485
vt 0.431690 0.271485
vt 0.431907 0.271394
vt 0.431945 0.271394
vt 0.431817 0.271404
vt 0.431817 0.271394
vt 0.431727 0.271394
vt 0.431690 0.271394
vt 0.431959 0.271925
vt 0.431921 0.271925
vt 0.431831 0.271915
vt 0.431831 0.271925
vt 0.431741 0.271925
vt 0.431704 0.271925
vt 0.431921 0.271834
vt 0.431959 0.271834
vt 0.431831 0.271843
vt 0.431831 0.271834
vt 0.431741 0.271834
vt 0.431704 0.271834
vt 0.431280 0.271461
vt 0.431263 0.271453
vt 0.431358 0.271426
vt 0.430796 0.271415
vt 0.430769 0.271428
vt 0.430737 0.271366
vt 0.430843 0.271420
vt 0.430796 0.271345
vt 0.430797 0.271422
vt 0.431241 0.271443
vt 0.431358 0.271408
vt 0.431278 0.271456
vt 0.430826 0.271418
vt 0.431280 0.271453
vt 0.431657 0.271770
vt 0.431619 0.271770
vt 0.431619 0.271766
vt 0.431580 0.271770
vt 0.431564 0.271769
vt 0.431674 0.271771
vt 0.431566 0.271992
vt 0.431589 0.271992
vt 0.431589 0.271994
vt 0.431612 0.271993
vt 0.431621 0.271993
vt 0.431556 0.271992
vt 0.431638 0.272015
vt 0.431671 0.272015
vt 0.431557 0.272011
vt 0.431557 0.272015
vt 0.431477 0.272015
vt 0.431443 0.272015
vt 0.431626 0.272197
vt 0.431654 0.272197
vt 0.431557 0.272200
vt 0.431557 0.272197
vt 0.431489 0.272197
vt 0.431461 0.272197
vt 0.431568 0.272123
vt 0.431568 0.272120
vt 0.431653 0.272118
vt 0.431484 0.272125
vt 0.431448 0.272125
vt 0.431688 0.272118
vt 0.431568 0.272169
vt 0.431568 0.272170
vt 0.431520 0.272172
vt 0.431616 0.272165
vt 0.431636 0.272165
vt 0.431520 0.272169
vt 0.431501 0.272172
vt 0.431568 0.272068
vt 0.431568 0.272065
vt 0.431671 0.272068
vt 0.431465 0.272068
vt 0.431423 0.272068
vt 0.431714 0.272068
vt 0.431568 0.272120
vt 0.431568 0.272122
vt 0.431489 0.272123
vt 0.431648 0.272116
vt 0.431681 0.272116
vt 0.431456 0.272123
vt 0.431240 0.272347
vt 0.431204 0.272357
vt 0.431199 0.272364
vt 0.431175 0.272358
vt 0.431568 0.272403
vt 0.431479 0.272403
vt 0.431422 0.272402
vt 0.431381 0.272403
vt 0.431306 0.272402
vt 0.431257 0.272402
vt 0.431186 0.272402
vt 0.431154 0.272403
vt 0.431186 0.272403
vt 0.431257 0.272402
vt 0.431599 0.272402
vt 0.431651 0.272400
vt 0.431659 0.272400
vt 0.431629 0.272401
vt 0.431542 0.272356
vt 0.431582 0.272357
vt 0.431432 0.272349
vt 0.431595 0.272356
vt 0.431590 0.272356
vt 0.431562 0.272357
vt 0.431473 0.272351
vt 0.431397 0.272345
vt 0.431331 0.272342
vt 0.431300 0.272342
vt 0.431267 0.272343
vt 0.431331 0.272342
vt 0.431354 0.272343
vt 0.431300 0.272342
vt 0.431364 0.272095
vt 0.431364 0.272092
vt 0.431398 0.272092
vt 0.431392 0.272095
vt 0.431336 0.272095
vt 0.431329 0.272092
vt 0.431324 0.272095
vt 0.431315 0.272092
vt 0.431403 0.272095
vt 0.431412 0.272092
vt 0.431364 0.272115
vt 0.431364 0.272120
vt 0.431333 0.272120
vt 0.431337 0.272115
vt 0.431390 0.272115
vt 0.431394 0.272120
vt 0.431401 0.272115
vt 0.431407 0.272120
vt 0.431326 0.272115
vt 0.431320 0.272120
vt 0.431618 0.271588
vt 0.431649 0.271588
vt 0.431687 0.271563
vt 0.431645 0.271563
vt 0.431542 0.271588
vt 0.431542 0.271563
vt 0.431467 0.271588
vt 0.431440 0.271563
vt 0.431436 0.271588
vt 0.431398 0.271563
vt 0.431440 0.271563
vt 0.431681 0.271535
vt 0.431641 0.271535
vt 0.431542 0.271535
vt 0.431444 0.271535
vt 0.431404 0.271535
vt 0.431606 0.271722
vt 0.431632 0.271722
vt 0.431660 0.271735
vt 0.431625 0.271735
vt 0.431542 0.271722
vt 0.431542 0.271735
vt 0.431479 0.271722
vt 0.431459 0.271735
vt 0.431453 0.271722
vt 0.431425 0.271735
vt 0.431670 0.271751
vt 0.431632 0.271751
vt 0.431542 0.271751
vt 0.431453 0.271751
vt 0.431415 0.271751
vt 0.431646 0.271770
vt 0.431616 0.271770
vt 0.431542 0.271770
vt 0.431469 0.271770
vt 0.431439 0.271770
vt 0.431607 0.271617
vt 0.431633 0.271617
vt 0.431542 0.271617
vt 0.431478 0.271617
vt 0.431452 0.271617
vt 0.431623 0.271657
vt 0.431599 0.271657
vt 0.431542 0.271657
vt 0.431486 0.271657
vt 0.431462 0.271657
vt 0.431625 0.271691
vt 0.431601 0.271691
vt 0.431542 0.271691
vt 0.431484 0.271691
vt 0.431460 0.271691
vt 0.431364 0.272053
vt 0.431364 0.272049
vt 0.431405 0.272049
vt 0.431397 0.272053
vt 0.431330 0.272053
vt 0.431323 0.272049
vt 0.431316 0.272053
vt 0.431306 0.272049
vt 0.431411 0.272053
vt 0.431422 0.272049
vt 0.431364 0.272076
vt 0.431364 0.272083
vt 0.431327 0.272083
vt 0.431332 0.272076
vt 0.431395 0.272076
vt 0.431401 0.272083
vt 0.431409 0.272076
vt 0.431416 0.272083
vt 0.431319 0.272076
vt 0.431312 0.272083
vt 0.431501 0.271828
vt 0.431463 0.271828
vt 0.431462 0.271808
vt 0.431513 0.271808
vt 0.431425 0.271828
vt 0.431410 0.271809
vt 0.431409 0.271828
vt 0.431389 0.271809
vt 0.431516 0.271828
vt 0.431535 0.271808
vt 0.431461 0.271783
vt 0.431510 0.271782
vt 0.431411 0.271783
vt 0.431391 0.271783
vt 0.431531 0.271782
vt 0.431437 0.271938
vt 0.431469 0.271937
vt 0.431469 0.271954
vt 0.431426 0.271954
vt 0.431501 0.271937
vt 0.431513 0.271953
vt 0.431514 0.271937
vt 0.431531 0.271953
vt 0.431423 0.271938
vt 0.431408 0.271954
vt 0.431471 0.271978
vt 0.431434 0.271979
vt 0.431507 0.271978
vt 0.431523 0.271978
vt 0.431418 0.271979
vt 0.431496 0.271857
vt 0.431464 0.271857
vt 0.431510 0.271857
vt 0.431432 0.271858
vt 0.431418 0.271858
vt 0.431467 0.271899
vt 0.431438 0.271899
vt 0.431426 0.271899
vt 0.431495 0.271899
vt 0.431507 0.271899
vt 0.431640 0.272235
vt 0.431674 0.272235
vt 0.431710 0.272227
vt 0.431665 0.272227
vt 0.431557 0.272235
vt 0.431557 0.272227
vt 0.431475 0.272235
vt 0.431450 0.272227
vt 0.431441 0.272235
vt 0.431405 0.272227
vt 0.431722 0.272214
vt 0.431674 0.272214
vt 0.431557 0.272214
vt 0.431441 0.272214
vt 0.431392 0.272214
vt 0.431692 0.272198
vt 0.431653 0.272198
vt 0.431557 0.272198
vt 0.431462 0.272198
vt 0.431423 0.272198
vt 0.431627 0.272312
vt 0.431656 0.272312
vt 0.431692 0.272327
vt 0.431652 0.272327
vt 0.431557 0.272312
vt 0.431557 0.272327
vt 0.431488 0.272312
vt 0.431462 0.272327
vt 0.431459 0.272312
vt 0.431423 0.272327
vt 0.431671 0.272346
vt 0.431638 0.272346
vt 0.431557 0.272346
vt 0.431477 0.272346
vt 0.431444 0.272346
vt 0.431628 0.272255
vt 0.431657 0.272255
vt 0.431557 0.272255
vt 0.431487 0.272255
vt 0.431458 0.272255
vt 0.431647 0.272287
vt 0.431620 0.272287
vt 0.431557 0.272287
vt 0.431494 0.272287
vt 0.431468 0.272287
vt 0.431934 0.271534
vt 0.431987 0.271535
vt 0.431995 0.271509
vt 0.431952 0.271509
vt 0.431737 0.271509
vt 0.431791 0.271538
vt 0.431705 0.271535
vt 0.431713 0.271510
vt 0.431987 0.271818
vt 0.431945 0.271815
vt 0.431980 0.271790
vt 0.431928 0.271790
vt 0.431728 0.271815
vt 0.431705 0.271819
vt 0.431698 0.271791
vt 0.431786 0.271787
vt 0.431977 0.271762
vt 0.431929 0.271762
vt 0.431977 0.271741
vt 0.431925 0.271741
vt 0.431796 0.271762
vt 0.431783 0.271744
vt 0.431695 0.271762
vt 0.431695 0.271741
vt 0.431977 0.271711
vt 0.431936 0.271711
vt 0.431977 0.271682
vt 0.431925 0.271682
vt 0.431719 0.271711
vt 0.431695 0.271711
vt 0.431695 0.271682
vt 0.431783 0.271679
vt 0.431977 0.271653
vt 0.431929 0.271653
vt 0.431977 0.271636
vt 0.431925 0.271636
vt 0.431796 0.271653
vt 0.431783 0.271640
vt 0.431695 0.271653
vt 0.431695 0.271636
vt 0.431977 0.271607
vt 0.431936 0.271607
vt 0.431977 0.271578
vt 0.431925 0.271578
vt 0.431719 0.271607
vt 0.431695 0.271607
vt 0.431695 0.271578
vt 0.431783 0.271574
vt 0.431980 0.271556
vt 0.431933 0.271556
vt 0.431799 0.271556
vt 0.431698 0.271556
vt 0.431749 0.271529
vt 0.431854 0.271527
vt 0.431769 0.271531
vt 0.431703 0.271532
vt 0.431879 0.271509
vt 0.431864 0.271490
vt 0.431766 0.271510
vt 0.431760 0.271492
vt 0.431730 0.271509
vt 0.431781 0.271487
vt 0.431714 0.271489
vt 0.431683 0.271510
vt 0.431757 0.271834
vt 0.431864 0.271832
vt 0.431775 0.271835
vt 0.431703 0.271837
vt 0.431880 0.271814
vt 0.431856 0.271797
vt 0.431764 0.271816
vt 0.431747 0.271799
vt 0.431720 0.271814
vt 0.431765 0.271794
vt 0.431694 0.271796
vt 0.431667 0.271816
vt 0.431736 0.271735
vt 0.431846 0.271733
vt 0.431758 0.271737
vt 0.431683 0.271739
vt 0.431865 0.271711
vt 0.431846 0.271690
vt 0.431748 0.271713
vt 0.431736 0.271691
vt 0.431710 0.271711
vt 0.431758 0.271686
vt 0.431683 0.271688
vt 0.431654 0.271713
vt 0.431736 0.271631
vt 0.431846 0.271629
vt 0.431758 0.271633
vt 0.431683 0.271635
vt 0.431865 0.271607
vt 0.431846 0.271585
vt 0.431748 0.271609
vt 0.431736 0.271587
vt 0.431710 0.271607
vt 0.431758 0.271582
vt 0.431683 0.271583
vt 0.431654 0.271609
vt 0.431472 0.271538
vt 0.431602 0.271535
vt 0.431580 0.271538
vt 0.431477 0.271542
vt 0.431612 0.271516
vt 0.431611 0.271497
vt 0.431474 0.271520
vt 0.431476 0.271501
vt 0.431575 0.271516
vt 0.431591 0.271494
vt 0.431482 0.271498
vt 0.431483 0.271520
vt 0.431405 0.271843
vt 0.431581 0.271839
vt 0.431557 0.271842
vt 0.431412 0.271846
vt 0.431584 0.271822
vt 0.431574 0.271804
vt 0.431404 0.271826
vt 0.431404 0.271808
vt 0.431541 0.271822
vt 0.431549 0.271801
vt 0.431411 0.271805
vt 0.431416 0.271826
vt 0.431398 0.271744
vt 0.431565 0.271741
vt 0.431546 0.271744
vt 0.431407 0.271744
vt 0.431568 0.271719
vt 0.431565 0.271697
vt 0.431396 0.271723
vt 0.431398 0.271701
vt 0.431533 0.271719
vt 0.431546 0.271693
vt 0.431406 0.271697
vt 0.431412 0.271723
vt 0.431402 0.271640
vt 0.431565 0.271636
vt 0.431546 0.271640
vt 0.431411 0.271642
vt 0.431568 0.271615
vt 0.431565 0.271593
vt 0.431400 0.271618
vt 0.431401 0.271596
vt 0.431533 0.271615
vt 0.431546 0.271589
vt 0.431410 0.271593
vt 0.431415 0.271618
vt 0.431221 0.271531
vt 0.431358 0.271535
vt 0.431397 0.271538
vt 0.431290 0.271534
vt 0.431349 0.271516
vt 0.431358 0.271497
vt 0.431205 0.271512
vt 0.431221 0.271494
vt 0.431373 0.271516
vt 0.431397 0.271494
vt 0.431290 0.271491
vt 0.431328 0.271519
vt 0.431093 0.271828
vt 0.431250 0.271839
vt 0.431296 0.271842
vt 0.431173 0.271831
vt 0.431240 0.271822
vt 0.431250 0.271804
vt 0.431076 0.271811
vt 0.431095 0.271794
vt 0.431322 0.271822
vt 0.431296 0.271801
vt 0.431174 0.271791
vt 0.431218 0.271811
vt 0.431056 0.271732
vt 0.431231 0.271741
vt 0.431277 0.271744
vt 0.431135 0.271735
vt 0.431220 0.271719
vt 0.431231 0.271697
vt 0.431038 0.271710
vt 0.431056 0.271689
vt 0.431302 0.271719
vt 0.431277 0.271693
vt 0.431135 0.271685
vt 0.431179 0.271710
vt 0.431085 0.271630
vt 0.431247 0.271636
vt 0.431293 0.271640
vt 0.431164 0.271633
vt 0.431237 0.271615
vt 0.431247 0.271593
vt 0.431067 0.271608
vt 0.431085 0.271587
vt 0.431318 0.271615
vt 0.431293 0.271589
vt 0.431164 0.271583
vt 0.431208 0.271608
vt 0.431069 0.271564
vt 0.431133 0.271539
vt 0.431216 0.271542
vt 0.431171 0.271566
vt 0.431114 0.271523
vt 0.431133 0.271506
vt 0.431066 0.271542
vt 0.431086 0.271526
vt 0.431263 0.271528
vt 0.431216 0.271503
vt 0.431174 0.271524
vt 0.431224 0.271542
vt 0.430992 0.271775
vt 0.431018 0.271809
vt 0.431108 0.271811
vt 0.431081 0.271777
vt 0.431001 0.271793
vt 0.431024 0.271777
vt 0.430977 0.271760
vt 0.430994 0.271738
vt 0.431162 0.271793
vt 0.431115 0.271774
vt 0.431097 0.271737
vt 0.431138 0.271760
vt 0.431024 0.271777
vt 0.430990 0.271710
vt 0.430998 0.271719
vt 0.431088 0.271723
vt 0.431092 0.271714
vt 0.430977 0.271699
vt 0.430998 0.271679
vt 0.430977 0.271686
vt 0.430993 0.271661
vt 0.431138 0.271699
vt 0.431088 0.271676
vt 0.431095 0.271658
vt 0.431138 0.271686
vt 0.431021 0.271634
vt 0.431030 0.271625
vt 0.431121 0.271628
vt 0.431121 0.271637
vt 0.431010 0.271605
vt 0.431030 0.271585
vt 0.431010 0.271610
vt 0.431026 0.271585
vt 0.431171 0.271605
vt 0.431121 0.271581
vt 0.431128 0.271582
vt 0.431171 0.271610
vt 0.431210 0.271544
vt 0.431205 0.271565
vt 0.431160 0.271526
vt 0.431070 0.271529
vt 0.431050 0.271544
vt 0.431045 0.271565
vt 0.431171 0.271609
vt 0.431167 0.271633
vt 0.431176 0.271585
vt 0.431010 0.271609
vt 0.431015 0.271585
vt 0.431006 0.271633
vt 0.431138 0.271683
vt 0.431138 0.271708
vt 0.431142 0.271659
vt 0.430977 0.271683
vt 0.430982 0.271659
vt 0.430977 0.271708
vt 0.431130 0.271755
vt 0.431073 0.271771
vt 0.431136 0.271735
vt 0.430969 0.271755
vt 0.430975 0.271735
vt 0.430983 0.271769
vt 0.431907 0.271409
vt 0.431945 0.271409
vt 0.431817 0.271409
vt 0.431727 0.271409
vt 0.431690 0.271409
vt 0.431945 0.271475
vt 0.431907 0.271475
vt 0.431817 0.271475
vt 0.431727 0.271475
vt 0.431690 0.271475
vt 0.431892 0.271468
vt 0.431922 0.271468
vt 0.431922 0.271416
vt 0.431892 0.271416
vt 0.431817 0.271468
vt 0.431817 0.271416
vt 0.431743 0.271468
vt 0.431743 0.271416
vt 0.431712 0.271468
vt 0.431712 0.271416
vt 0.431921 0.271849
vt 0.431959 0.271849
vt 0.431831 0.271849
vt 0.431741 0.271849
vt 0.431704 0.271849
vt 0.431959 0.271914
vt 0.431921 0.271914
vt 0.431831 0.271914
vt 0.431741 0.271914
vt 0.431704 0.271914
vt 0.431906 0.271908
vt 0.431936 0.271908
vt 0.431936 0.271855
vt 0.431906 0.271855
vt 0.431831 0.271908
vt 0.431831 0.271855
vt 0.431757 0.271908
vt 0.431757 0.271855
vt 0.431726 0.271908
vt 0.431726 0.271855
vt 0.430778 0.271304
vt 0.430882 0.271339
vt 0.430881 0.271292
vt 0.434172 0.263605
vt 0.434168 0.263649
vt 0.434165 0.263653
vt 0.434167 0.263604
vt 0.434130 0.263688
vt 0.434131 0.263676
vt 0.434074 0.263655
vt 0.434135 0.263649
vt 0.434137 0.263605
vt 0.434072 0.263603
vt 0.434096 0.263687
vt 0.434052 0.263679
vt 0.434096 0.263553
vt 0.434052 0.263561
vt 0.434130 0.263552
vt 0.434131 0.263563
vt 0.430880 0.270963
vt 0.430820 0.271013
vt 0.430907 0.271031
vt 0.430929 0.270995
vt 0.430785 0.271057
vt 0.430885 0.271077
vt 0.430757 0.270993
vt 0.430769 0.270996
vt 0.430843 0.270936
vt 0.430832 0.270933
vt 0.430724 0.271049
vt 0.430695 0.271062
vt 0.430941 0.270886
vt 0.430950 0.270891
vt 0.431168 0.270853
vt 0.431163 0.270846
vt 0.430976 0.270923
vt 0.431182 0.270888
vt 0.430999 0.270978
vt 0.431195 0.270950
vt 0.431426 0.270877
vt 0.431426 0.270940
vt 0.431426 0.270840
vt 0.431426 0.270833
vt 0.431606 0.270838
vt 0.431603 0.270844
vt 0.431865 0.270879
vt 0.431872 0.270873
vt 0.431594 0.270881
vt 0.431837 0.270912
vt 0.431584 0.270944
vt 0.431810 0.270967
vt 0.432043 0.270967
vt 0.431974 0.270997
vt 0.432091 0.270943
vt 0.432102 0.270939
vt 0.432182 0.270998
vt 0.432170 0.271001
vt 0.432206 0.271062
vt 0.432218 0.271060
vt 0.432111 0.271016
vt 0.432139 0.271069
vt 0.432003 0.271032
vt 0.432017 0.271076
vt 0.432014 0.271150
vt 0.432141 0.271150
vt 0.432213 0.271148
vt 0.432226 0.271147
vt 0.432192 0.271234
vt 0.432179 0.271233
vt 0.432132 0.271286
vt 0.432144 0.271288
vt 0.432108 0.271230
vt 0.432066 0.271279
vt 0.431985 0.271228
vt 0.431952 0.271275
vt 0.431896 0.271326
vt 0.431969 0.271337
vt 0.432019 0.271347
vt 0.432029 0.271351
vt 0.431762 0.271380
vt 0.431786 0.271393
vt 0.431793 0.271396
vt 0.431750 0.271339
vt 0.431527 0.271394
vt 0.431530 0.271351
vt 0.431354 0.271360
vt 0.431542 0.271407
vt 0.431540 0.271404
vt 0.431381 0.271420
vt 0.431092 0.271475
vt 0.431078 0.271485
vt 0.431211 0.271478
vt 0.431202 0.271471
vt 0.430865 0.271464
vt 0.430938 0.271481
vt 0.430964 0.271472
vt 0.430908 0.271459
vt 0.430970 0.271341
vt 0.430997 0.271280
vt 0.431145 0.271353
vt 0.431195 0.271284
vt 0.431415 0.271288
vt 0.431198 0.271148
vt 0.431200 0.271232
vt 0.431426 0.271234
vt 0.431426 0.271147
vt 0.430888 0.271229
vt 0.430993 0.271229
vt 0.430989 0.271150
vt 0.430884 0.271151
vt 0.431567 0.271286
vt 0.431778 0.271280
vt 0.431808 0.271150
vt 0.431797 0.271230
vt 0.431579 0.271233
vt 0.431581 0.271148
vt 0.431576 0.271062
vt 0.431426 0.271060
vt 0.431805 0.271069
vt 0.431804 0.271016
vt 0.431426 0.270998
vt 0.431579 0.271001
vt 0.431004 0.271072
vt 0.431205 0.271064
vt 0.431202 0.271005
vt 0.431006 0.271023
vt 0.430801 0.271256
vt 0.430753 0.271272
vt 0.430808 0.271158
vt 0.430809 0.271215
vt 0.430852 0.271299
vt 0.430854 0.271302
vt 0.430829 0.271282
vt 0.430826 0.271279
vt 0.430836 0.271307
vt 0.430818 0.271291
vt 0.430839 0.271322
vt 0.430824 0.271321
vt 0.430839 0.271320
vt 0.430692 0.271103
vt 0.430711 0.271089
vt 0.430753 0.271090
vt 0.430655 0.271148
vt 0.430671 0.271156
vt 0.430801 0.271109
vt 0.433985 0.263700
vt 0.433937 0.263715
vt 0.433992 0.263659
vt 0.433991 0.263602
vt 0.433879 0.263694
vt 0.433895 0.263713
vt 0.433855 0.263600
vt 0.433863 0.263663
vt 0.433875 0.263547
vt 0.433894 0.263533
vt 0.433937 0.263534
vt 0.433985 0.263553
vt 0.431195 0.271472
vt 0.431208 0.271490
vt 0.431105 0.271424
vt 0.431244 0.271432
vt 0.430890 0.271413
vt 0.430962 0.271416
vt 0.430811 0.271471
vt 0.430822 0.271455
vt 0.430696 0.271250
vt 0.430679 0.271220
vt 0.430707 0.271260
vt 0.430716 0.271280
vt 0.430664 0.271223
vt 0.430702 0.271254
vt 0.430723 0.271305
vt 0.430712 0.271270
vt 0.430719 0.271314
vt 0.430726 0.271327
vt 0.430743 0.271358
vt 0.430729 0.271336
vt 0.430728 0.271337
vt 0.430870 0.271448
vt 0.430940 0.271458
vt 0.431073 0.271462
vt 0.430778 0.271426
vt 0.430820 0.271474
vt 0.430837 0.271466
vt 0.430897 0.271488
vt 0.430905 0.271491
vt 0.430918 0.271484
vt 0.431064 0.271498
vt 0.431070 0.271490
vt 0.431059 0.271495
vt 0.431212 0.271492
vt 0.431210 0.271484
vt 0.431286 0.271459
vt 0.431056 0.271476
vt 0.430890 0.271461
vt 0.431187 0.271465
vt 0.434168 0.263649
vt 0.431662 0.271832
vt 0.431611 0.271831
vt 0.431614 0.271807
vt 0.431683 0.271808
vt 0.431561 0.271830
vt 0.431546 0.271806
vt 0.431540 0.271830
vt 0.431518 0.271806
vt 0.431683 0.271832
vt 0.431711 0.271808
vt 0.431618 0.271780
vt 0.431683 0.271781
vt 0.431552 0.271779
vt 0.431525 0.271779
vt 0.431711 0.271781
vt 0.431553 0.271938
vt 0.431595 0.271939
vt 0.431593 0.271959
vt 0.431535 0.271958
vt 0.431638 0.271939
vt 0.431651 0.271960
vt 0.431656 0.271939
vt 0.431675 0.271960
vt 0.431535 0.271938
vt 0.431511 0.271958
vt 0.431590 0.271985
vt 0.431541 0.271984
vt 0.431639 0.271986
vt 0.431659 0.271986
vt 0.431520 0.271984
vt 0.431651 0.271860
vt 0.431608 0.271860
vt 0.431669 0.271861
vt 0.431565 0.271860
vt 0.431547 0.271859
vt 0.431601 0.271901
vt 0.431563 0.271900
vt 0.431547 0.271900
vt 0.431640 0.271901
vt 0.431656 0.271902
vt 0.431662 0.272065
vt 0.431705 0.272065
vt 0.431759 0.272045
vt 0.431700 0.272045
vt 0.431557 0.272065
vt 0.431557 0.272045
vt 0.431453 0.272065
vt 0.431415 0.272045
vt 0.431409 0.272065
vt 0.431356 0.272045
vt 0.431751 0.272023
vt 0.431694 0.272023
vt 0.431557 0.272023
vt 0.431421 0.272023
vt 0.431364 0.272023
vt 0.431646 0.272154
vt 0.431683 0.272154
vt 0.431728 0.272171
vt 0.431678 0.272171
vt 0.431557 0.272154
vt 0.431557 0.272171
vt 0.431469 0.272154
vt 0.431437 0.272171
vt 0.431432 0.272154
vt 0.431387 0.272171
vt 0.431721 0.272189
vt 0.431673 0.272189
vt 0.431557 0.272189
vt 0.431442 0.272189
vt 0.431394 0.272189
vt 0.431647 0.272084
vt 0.431684 0.272084
vt 0.431557 0.272084
vt 0.431468 0.272084
vt 0.431431 0.272084
vt 0.431671 0.272125
vt 0.431637 0.272125
vt 0.431557 0.272125
vt 0.431477 0.272125
vt 0.431444 0.272125
vt 0.431331 0.272215
vt 0.431319 0.272219
vt 0.431304 0.272197
vt 0.431319 0.272197
vt 0.431331 0.272180
vt 0.431319 0.272176
vt 0.431365 0.272164
vt 0.431365 0.272172
vt 0.431382 0.272177
vt 0.431394 0.272169
vt 0.431409 0.272197
vt 0.431394 0.272197
vt 0.431382 0.272218
vt 0.431394 0.272226
vt 0.431365 0.272231
vt 0.431365 0.272223
vt 0.431365 0.272197
vt 0.431657 0.272125
vt 0.431568 0.272130
vt 0.431480 0.272133
vt 0.431443 0.272133
vt 0.431694 0.272125
vt 0.431568 0.272151
vt 0.431568 0.272165
vt 0.431501 0.272167
vt 0.431493 0.272154
vt 0.431643 0.272147
vt 0.431636 0.272160
vt 0.431675 0.272147
vt 0.431664 0.272160
vt 0.431501 0.272165
vt 0.431462 0.272154
vt 0.431472 0.272167
vt 0.431894 0.271628
vt 0.431929 0.271601
vt 0.432000 0.271630
vt 0.431974 0.271659
vt 0.431939 0.271565
vt 0.432004 0.271589
vt 0.432038 0.271595
vt 0.432047 0.271640
vt 0.432013 0.271660
vt 0.431930 0.271595
vt 0.431866 0.271588
vt 0.431857 0.271629
vt 0.431939 0.271640
vt 0.431769 0.271565
vt 0.431765 0.271600
vt 0.431779 0.271628
vt 0.431867 0.271659
vt 0.431937 0.271660
vt 0.431892 0.271485
vt 0.431833 0.271477
vt 0.431927 0.271482
vt 0.431982 0.271495
vt 0.431779 0.271490
vt 0.431878 0.271494
vt 0.431934 0.271516
vt 0.431984 0.271508
vt 0.432019 0.271516
vt 0.432007 0.271597
vt 0.432017 0.271643
vt 0.431991 0.271672
vt 0.431920 0.271669
vt 0.431834 0.271637
vt 0.431694 0.271604
vt 0.431661 0.271589
vt 0.431699 0.271591
vt 0.431723 0.271610
vt 0.431651 0.271565
vt 0.431689 0.271566
vt 0.431759 0.271566
vt 0.431769 0.271590
vt 0.431773 0.271605
vt 0.431682 0.271561
vt 0.431688 0.271589
vt 0.431710 0.271612
vt 0.431764 0.271620
vt 0.431814 0.271613
vt 0.431829 0.271561
vt 0.431831 0.271590
vt 0.431671 0.271518
vt 0.431698 0.271505
vt 0.431751 0.271495
vt 0.431696 0.271513
vt 0.431805 0.271503
vt 0.431751 0.271518
vt 0.431679 0.271538
vt 0.431751 0.271538
vt 0.431644 0.271538
vt 0.431825 0.271532
vt 0.431929 0.271523
vt 0.432005 0.271536
vt 0.432039 0.271547
vt 0.431931 0.271547
vt 0.432009 0.271547
vt 0.431765 0.271526
vt 0.431868 0.271535
vt 0.431681 0.271533
vt 0.431676 0.272076
vt 0.431568 0.272076
vt 0.431461 0.272076
vt 0.431417 0.272076
vt 0.431720 0.272076
vt 0.431568 0.272111
vt 0.431472 0.272114
vt 0.431665 0.272107
vt 0.431704 0.272107
vt 0.431432 0.272114
vt 0.431568 0.272094
vt 0.431663 0.272094
vt 0.431702 0.272094
vt 0.431474 0.272094
vt 0.431435 0.272094
vt 0.431400 0.272038
vt 0.431541 0.272037
vt 0.431534 0.272009
vt 0.431397 0.272009
vt 0.431682 0.272036
vt 0.431672 0.272009
vt 0.431633 0.271992
vt 0.431534 0.271986
vt 0.431436 0.271992
vt 0.431534 0.271978
vt 0.431405 0.271986
vt 0.431664 0.271986
vt 0.431471 0.272067
vt 0.431574 0.272068
vt 0.431580 0.272072
vt 0.431450 0.272072
vt 0.431669 0.272068
vt 0.431701 0.272069
vt 0.431730 0.272036
vt 0.431718 0.272009
vt 0.431353 0.272038
vt 0.431351 0.272009
vt 0.431561 0.272057
vt 0.431432 0.272060
vt 0.431691 0.272055
vt 0.431734 0.272054
vt 0.431389 0.272061
vt 0.431709 0.271920
vt 0.431686 0.271938
vt 0.431708 0.271939
vt 0.431733 0.271916
vt 0.431724 0.271951
vt 0.431746 0.271956
vt 0.431862 0.271915
vt 0.431778 0.271914
vt 0.431806 0.271908
vt 0.431892 0.271910
vt 0.431933 0.271924
vt 0.431957 0.271924
vt 0.431837 0.271943
vt 0.431859 0.271948
vt 0.431856 0.271977
vt 0.431754 0.271978
vt 0.431981 0.271945
vt 0.431972 0.271900
vt 0.431870 0.271890
vt 0.431751 0.271888
vt 0.431721 0.271944
vt 0.431800 0.272001
vt 0.431727 0.271996
vt 0.431901 0.271967
vt 0.431772 0.271978
vt 0.431709 0.272012
vt 0.431663 0.272006
vt 0.431927 0.271909
vt 0.431789 0.271916
vt 0.431900 0.271879
vt 0.431836 0.271871
vt 0.431793 0.271865
vt 0.431873 0.271876
vt 0.431763 0.271868
vt 0.431721 0.271863
vt 0.431663 0.271863
vt 0.431709 0.271863
vt 0.431759 0.271875
vt 0.431703 0.271951
vt 0.431702 0.271885
vt 0.431649 0.271957
vt 0.431649 0.271887
vt 0.431556 0.272022
vt 0.431531 0.272015
vt 0.431589 0.271987
vt 0.431392 0.271993
vt 0.431394 0.272028
vt 0.431393 0.272021
vt 0.431597 0.271921
vt 0.431392 0.271927
vt 0.431557 0.271863
vt 0.431584 0.271875
vt 0.431532 0.271864
vt 0.431393 0.271872
vt 0.431394 0.271871
vt 0.431394 0.271883
vt 0.431524 0.271964
vt 0.431524 0.271891
vt 0.431392 0.271972
vt 0.431390 0.271899
vt 0.431276 0.272026
vt 0.431312 0.272022
vt 0.431223 0.271992
vt 0.431112 0.271995
vt 0.431204 0.272026
vt 0.431269 0.272025
vt 0.431210 0.271936
vt 0.431098 0.271944
vt 0.431274 0.271895
vt 0.431234 0.271906
vt 0.431309 0.271893
vt 0.431254 0.271912
vt 0.431196 0.271921
vt 0.431171 0.271922
vt 0.431317 0.271980
vt 0.431312 0.271916
vt 0.431280 0.271991
vt 0.431248 0.271934
vt 0.431179 0.272034
vt 0.431248 0.272035
vt 0.431088 0.272008
vt 0.431099 0.272018
vt 0.431178 0.272040
vt 0.431242 0.272043
vt 0.431088 0.271982
vt 0.431103 0.271998
vt 0.431151 0.271941
vt 0.431156 0.271974
vt 0.431231 0.271981
vt 0.431233 0.271996
vt 0.431167 0.271991
vt 0.431263 0.272010
vt 0.431259 0.272021
vt 0.431640 0.272401
vt 0.431712 0.272399
vt 0.431734 0.272377
vt 0.431658 0.272379
vt 0.431755 0.272397
vt 0.431777 0.272375
vt 0.431749 0.272398
vt 0.431771 0.272375
vt 0.431676 0.272400
vt 0.431696 0.272378
vt 0.431520 0.272402
vt 0.431533 0.272380
vt 0.431392 0.272402
vt 0.431399 0.272380
vt 0.431231 0.272401
vt 0.431233 0.272378
vt 0.431168 0.272401
vt 0.431171 0.272379
vt 0.431112 0.272380
vt 0.431115 0.272403
vt 0.431140 0.272402
vt 0.431138 0.272380
vt 0.431230 0.272401
vt 0.431297 0.272402
vt 0.431301 0.272379
vt 0.431232 0.272378
vt 0.431702 0.272364
vt 0.431635 0.272365
vt 0.431739 0.272362
vt 0.431734 0.272362
vt 0.431669 0.272365
vt 0.431520 0.272363
vt 0.431399 0.272359
vt 0.431255 0.272356
vt 0.431151 0.272357
vt 0.431177 0.272358
vt 0.431313 0.272357
vt 0.431255 0.272356
vt 0.431653 0.272359
vt 0.431600 0.272359
vt 0.431680 0.272357
vt 0.431676 0.272357
vt 0.431626 0.272359
vt 0.431502 0.272355
vt 0.431399 0.272350
vt 0.431289 0.272346
vt 0.431215 0.272347
vt 0.431240 0.272347
vt 0.431331 0.272347
vt 0.431289 0.272346
vt 0.431169 0.272379
vt 0.431166 0.272401
vt 0.431202 0.272357
vt 0.431167 0.272396
vt 0.431170 0.272381
vt 0.431198 0.272364
vt 0.431168 0.272396
vt 0.431171 0.272381
vt 0.431139 0.272402
vt 0.431136 0.272380
vt 0.431397 0.272009
vt 0.431398 0.272092
vt 0.431652 0.272327
s 1
usemtl SkeletonCartoon_M
f 1/1/1 2/2/2 3/3/3
f 4/4/4 2/2/2 1/1/1
f 5/5/5 2/2/2 4/4/4
f 6/4/6 2/2/2 5/5/5
f 7/1/7 2/2/2 6/4/6
f 8/3/8 2/2/2 7/1/7
f 9/6/9 2/2/2 8/3/8
f 3/3/3 2/2/2 9/6/9
f 10/7/10 11/8/11 12/9/12
f 13/10/13 11/8/11 10/7/10
f 14/11/14 11/8/11 13/10/13
f 15/10/15 11/8/11 14/11/14
f 16/7/16 11/8/11 15/10/15
f 17/9/17 11/8/11 16/7/16
f 18/12/18 11/8/11 17/9/17
f 12/9/12 11/8/11 18/12/18
f 19/13/19 20/14/20 21/15/2
f 20/14/20 22/13/21 21/15/2
f 22/13/21 23/16/22 21/15/2
f 23/16/22 24/17/23 21/15/2
f 24/17/23 25/18/24 21/15/2
f 25/18/24 26/17/25 21/15/2
f 26/17/25 27/16/26 21/15/2
f 27/16/26 19/13/19 21/15/2
f 28/19/27 29/20/28 30/21/11
f 29/20/28 31/19/29 30/21/11
f 31/19/29 32/22/30 30/21/11
f 32/22/30 33/23/31 30/21/11
f 33/23/31 34/24/32 30/21/11
f 34/24/32 35/23/33 30/21/11
f 35/23/33 36/22/34 30/21/11
f 36/22/34 28/19/27 30/21/11
f 37/25/1 38/26/2 39/27/3
f 40/28/4 38/26/2 37/25/1
f 41/29/5 38/26/2 40/28/4
f 42/28/6 38/26/2 41/29/5
f 43/25/7 38/26/2 42/28/6
f 44/27/8 38/26/2 43/25/7
f 45/30/9 38/26/2 44/27/8
f 39/27/3 38/26/2 45/30/9
f 46/31/10 47/32/11 48/33/12
f 49/34/13 47/32/11 46/31/10
f 50/35/14 47/32/11 49/34/13
f 51/34/15 47/32/11 50/35/14
f 52/31/16 47/32/11 51/34/15
f 53/33/35 47/32/11 52/31/16
f 54/36/18 47/32/11 53/33/35
f 48/33/12 47/32/11 54/36/18
f 55/37/36 56/38/37 57/39/38
f 56/38/37 58/40/39 57/39/38
f 58/40/39 59/41/40 57/39/38
f 59/41/40 60/40/41 57/39/38
f 60/40/41 61/38/42 57/39/38
f 61/38/42 62/37/43 57/39/38
f 62/37/43 63/42/44 57/39/38
f 63/42/44 55/37/36 57/39/38
f 64/43/45 65/44/46 66/45/47
f 65/44/46 67/46/48 66/45/47
f 67/46/48 68/47/49 66/45/47
f 68/47/49 69/46/50 66/45/47
f 69/46/50 70/44/51 66/45/47
f 70/44/51 71/43/52 66/45/47
f 71/43/52 72/48/53 66/45/47
f 72/48/53 64/43/45 66/45/47
f 73/49/54 74/50/55 75/51/2
f 74/50/55 76/49/56 75/51/2
f 76/49/56 77/52/57 75/51/2
f 77/52/57 78/53/58 75/51/2
f 78/53/58 79/54/59 75/51/2
f 79/54/59 80/53/60 75/51/2
f 80/53/60 81/52/61 75/51/2
f 81/52/61 73/49/54 75/51/2
f 82/55/62 83/56/63 84/57/11
f 83/56/63 85/55/64 84/57/11
f 85/55/64 86/58/65 84/57/11
f 86/58/65 87/59/66 84/57/11
f 87/59/66 88/60/67 84/57/11
f 88/60/67 89/59/68 84/57/11
f 89/59/68 90/58/69 84/57/11
f 90/58/69 82/55/62 84/57/11
f 91/61/70 92/62/71 93/63/72
f 94/61/73 93/63/72 92/62/71
f 94/61/73 92/62/71 95/64/74
f 96/65/75 95/64/74 92/62/71
f 97/64/76 96/65/75 92/62/71
f 91/61/70 97/64/76 92/62/71
f 98/66/77 99/67/78 100/68/79
f 101/66/80 100/68/79 99/67/78
f 101/66/80 102/69/81 100/68/79
f 100/68/79 102/69/81 103/70/82
f 100/68/79 103/70/82 104/69/83
f 98/66/77 100/68/79 104/69/83
f 105/71/84 106/72/85 107/73/11
f 108/72/86 105/71/84 107/73/11
f 109/74/87 108/72/86 107/73/11
f 110/75/88 109/74/87 107/73/11
f 111/76/89 110/75/88 107/73/11
f 112/75/90 111/76/89 107/73/11
f 113/74/91 112/75/90 107/73/11
f 106/72/85 113/74/91 107/73/11
f 114/77/92 115/78/93 116/79/2
f 115/78/93 117/77/94 116/79/2
f 117/77/94 118/80/95 116/79/2
f 118/80/95 119/81/96 116/79/2
f 119/81/96 120/82/97 116/79/2
f 120/82/97 121/81/98 116/79/2
f 121/81/98 122/80/99 116/79/2
f 122/80/99 114/77/92 116/79/2
f 123/83/84 124/84/85 125/85/11
f 126/84/86 123/83/84 125/85/11
f 127/86/87 126/84/86 125/85/11
f 128/87/88 127/86/87 125/85/11
f 129/88/89 128/87/88 125/85/11
f 130/87/90 129/88/89 125/85/11
f 131/86/91 130/87/90 125/85/11
f 124/84/85 131/86/91 125/85/11
f 132/89/92 133/90/93 134/91/2
f 133/90/93 135/89/94 134/91/2
f 135/89/94 136/92/95 134/91/2
f 136/92/95 137/93/96 134/91/2
f 137/93/96 138/94/97 134/91/2
f 138/94/97 139/93/98 134/91/2
f 139/93/98 140/92/99 134/91/2
f 140/92/99 132/89/92 134/91/2
f 141/95/100 142/96/101 143/97/102
f 144/98/103 145/99/104 146/100/105
f 147/101/106 148/102/107 149/103/108
f 150/104/109 151/105/110 152/106/111
f 153/95/112 143/97/102 142/96/101
f 144/98/103 146/100/105 154/99/113
f 155/101/114 156/102/115 157/107/116
f 158/104/117 159/105/118 160/108/119
f 155/101/114 161/103/120 156/102/115
f 147/101/106 162/107/121 148/102/107
f 158/104/117 163/106/122 159/105/118
f 150/104/109 164/108/123 151/105/110
f 165/109/124 166/110/125 167/111/126
f 166/110/125 168/112/127 167/111/126
f 168/112/127 169/113/128 167/111/126
f 169/113/128 170/112/129 167/111/126
f 170/112/129 171/110/130 167/111/126
f 171/110/130 172/109/131 167/111/126
f 172/109/131 173/114/132 167/111/126
f 173/114/132 165/109/124 167/111/126
f 174/115/133 175/116/134 176/117/135
f 175/116/134 177/118/136 176/117/135
f 177/118/136 178/119/137 176/117/135
f 178/119/137 179/118/138 176/117/135
f 179/118/138 180/116/139 176/117/135
f 180/116/139 181/115/140 176/117/135
f 181/115/140 182/120/141 176/117/135
f 182/120/141 174/115/133 176/117/135
f 183/121/142 184/122/143 185/123/2
f 184/122/143 186/121/144 185/123/2
f 186/121/144 187/124/145 185/123/2
f 187/124/145 188/125/146 185/123/2
f 188/125/146 189/126/147 185/123/2
f 189/126/147 190/125/148 185/123/2
f 190/125/148 191/124/149 185/123/2
f 191/124/149 183/121/142 185/123/2
f 192/127/150 193/128/151 194/129/11
f 193/128/151 195/127/152 194/129/11
f 195/127/152 196/130/153 194/129/11
f 196/130/153 197/131/154 194/129/11
f 197/131/154 198/132/155 194/129/11
f 198/132/155 199/131/156 194/129/11
f 199/131/156 200/130/157 194/129/11
f 200/130/157 192/127/150 194/129/11
f 201/133/158 202/134/159 203/135/160
f 204/136/161 202/134/159 201/133/158
f 205/137/162 202/134/159 204/136/161
f 206/136/163 202/134/159 205/137/162
f 207/133/164 202/134/159 206/136/163
f 208/135/165 202/134/159 207/133/164
f 209/138/166 202/134/159 208/135/165
f 203/135/160 202/134/159 209/138/166
f 210/139/167 211/140/168 212/141/169
f 213/142/170 211/140/168 210/139/167
f 214/143/171 211/140/168 213/142/170
f 215/142/172 211/140/168 214/143/171
f 216/139/173 211/140/168 215/142/172
f 217/144/174 211/140/168 216/139/173
f 218/145/175 211/140/168 217/144/174
f 212/141/169 211/140/168 218/145/175
f 219/146/176 220/147/2 221/148/177
f 222/149/178 220/147/2 219/146/176
f 223/150/179 220/147/2 222/149/178
f 224/149/180 220/147/2 223/150/179
f 225/146/181 220/147/2 224/149/180
f 226/148/182 220/147/2 225/146/181
f 227/151/183 220/147/2 226/148/182
f 221/148/177 220/147/2 227/151/183
f 228/152/184 229/153/185 230/154/186
f 231/155/187 229/153/185 228/152/184
f 232/156/188 229/153/185 231/155/187
f 233/155/189 229/153/185 232/156/188
f 234/152/190 229/153/185 233/155/189
f 235/154/191 229/153/185 234/152/190
f 236/157/192 229/153/185 235/154/191
f 230/154/186 229/153/185 236/157/192
f 237/158/193 238/159/194 239/160/195
f 239/160/195 240/161/196 237/158/193
f 241/162/197 242/163/198 243/164/199
f 242/163/198 244/165/200 243/164/199
f 244/165/200 245/166/201 243/164/199
f 245/166/201 246/167/202 243/164/199
f 246/167/202 247/168/203 243/164/199
f 247/168/203 248/169/204 243/164/199
f 249/170/205 250/171/206 243/164/199
f 250/171/206 251/165/207 243/164/199
f 251/165/207 252/163/208 243/164/199
f 252/163/208 253/172/209 243/164/199
f 253/172/209 254/173/210 243/164/199
f 254/173/210 255/174/211 243/164/199
f 255/174/211 256/175/212 243/164/199
f 256/175/212 241/162/197 243/164/199
f 248/169/204 249/170/205 243/164/199
s 0
f 257/176/213 258/177/213 259/178/213
f 260/177/214 261/179/214 262/178/214
f 263/179/215 264/180/215 265/178/215
f 266/180/216 267/181/216 268/178/216
f 269/181/217 270/182/217 271/178/217
f 272/182/218 273/183/218 274/178/218
f 275/183/219 276/184/219 277/178/219
f 278/184/220 279/185/220 280/178/220
f 281/185/221 282/186/221 283/178/221
f 284/187/222 285/188/222 286/178/222
f 287/188/223 288/183/223 289/178/223
f 290/183/224 291/182/224 292/178/224
f 293/182/225 294/176/225 295/178/225
f 296/189/226 297/187/226 298/178/226
f 299/186/227 300/189/227 301/178/227
s 1
f 302/158/228 303/160/229 304/159/230
f 303/160/229 302/158/228 305/161/231
f 306/162/232 307/164/233 308/163/234
f 308/163/234 307/164/233 309/165/235
f 309/165/235 307/164/233 310/166/236
f 310/166/236 307/164/233 311/167/237
f 311/167/237 307/164/233 312/168/238
f 312/168/238 307/164/233 313/169/239
f 314/170/240 307/164/233 315/171/241
f 315/171/241 307/164/233 316/165/242
f 316/165/242 307/164/233 317/163/243
f 317/163/243 307/164/233 318/172/244
f 318/172/244 307/164/233 319/173/245
f 319/173/245 307/164/233 320/174/246
f 320/174/246 307/164/233 321/175/247
f 321/175/247 307/164/233 306/162/232
f 313/169/239 307/164/233 314/170/240
s 0
f 322/176/248 323/178/248 324/177/248
f 325/177/249 326/178/249 327/179/249
f 328/179/250 329/178/250 330/180/250
f 331/180/251 332/178/251 333/181/251
f 334/181/252 335/178/252 336/182/252
f 337/182/253 338/178/253 339/183/253
f 340/183/254 341/178/254 342/184/254
f 343/184/255 344/178/255 345/185/255
f 346/185/256 347/178/256 348/186/256
f 349/187/257 350/178/257 351/188/257
f 352/188/258 353/178/258 354/183/258
f 355/183/259 356/178/259 357/182/259
f 358/182/260 359/178/260 360/176/260
f 361/189/261 362/178/261 363/187/261
f 364/186/262 365/178/262 366/189/262
s 1
f 367/146/181 368/148/182 369/147/2
f 370/149/180 367/146/181 369/147/2
f 371/150/179 370/149/180 369/147/2
f 372/149/178 371/150/179 369/147/2
f 373/146/176 372/149/178 369/147/2
f 374/148/177 373/146/176 369/147/2
f 375/151/183 374/148/177 369/147/2
f 368/148/182 375/151/183 369/147/2
f 376/152/190 377/154/263 378/153/185
f 379/155/189 376/152/190 378/153/185
f 380/156/188 379/155/189 378/153/185
f 381/155/187 380/156/188 378/153/185
f 382/152/184 381/155/187 378/153/185
f 383/154/264 382/152/184 378/153/185
f 384/157/192 383/154/264 378/153/185
f 377/154/263 384/157/192 378/153/185
f 385/1/7 386/3/8 387/2/2
f 388/4/6 385/1/7 387/2/2
f 389/5/5 388/4/6 387/2/2
f 390/4/4 389/5/5 387/2/2
f 391/1/1 390/4/4 387/2/2
f 392/3/3 391/1/1 387/2/2
f 393/6/9 392/3/3 387/2/2
f 386/3/8 393/6/9 387/2/2
f 394/7/16 395/9/35 396/8/11
f 397/10/15 394/7/16 396/8/11
f 398/11/14 397/10/15 396/8/11
f 399/10/13 398/11/14 396/8/11
f 400/7/10 399/10/13 396/8/11
f 401/9/265 400/7/10 396/8/11
f 402/12/18 401/9/265 396/8/11
f 395/9/35 402/12/18 396/8/11
f 403/109/266 404/111/126 405/110/130
f 405/110/130 404/111/126 406/112/129
f 406/112/129 404/111/126 407/113/128
f 407/113/128 404/111/126 408/112/267
f 408/112/267 404/111/126 409/110/125
f 409/110/125 404/111/126 410/109/268
f 410/109/268 404/111/126 411/114/132
f 411/114/132 404/111/126 403/109/266
f 412/115/269 413/117/135 414/116/139
f 414/116/139 413/117/135 415/118/138
f 415/118/138 413/117/135 416/119/137
f 416/119/137 413/117/135 417/118/136
f 417/118/136 413/117/135 418/116/134
f 418/116/134 413/117/135 419/115/133
f 419/115/133 413/117/135 420/120/141
f 420/120/141 413/117/135 412/115/269
f 421/13/21 422/15/2 423/14/20
f 423/14/20 422/15/2 424/13/19
f 424/13/19 422/15/2 425/16/26
f 425/16/26 422/15/2 426/17/25
f 426/17/25 422/15/2 427/18/24
f 427/18/24 422/15/2 428/17/23
f 428/17/23 422/15/2 429/16/22
f 429/16/22 422/15/2 421/13/21
f 430/19/29 431/21/11 432/20/28
f 432/20/28 431/21/11 433/19/27
f 433/19/27 431/21/11 434/22/34
f 434/22/34 431/21/11 435/23/33
f 435/23/33 431/21/11 436/24/32
f 436/24/32 431/21/11 437/23/31
f 437/23/31 431/21/11 438/22/30
f 438/22/30 431/21/11 430/19/29
f 439/121/144 440/123/2 441/122/143
f 441/122/143 440/123/2 442/121/142
f 442/121/142 440/123/2 443/124/149
f 443/124/149 440/123/2 444/125/148
f 444/125/148 440/123/2 445/126/147
f 445/126/147 440/123/2 446/125/146
f 446/125/146 440/123/2 447/124/145
f 447/124/145 440/123/2 439/121/144
f 448/127/152 449/129/11 450/128/270
f 450/128/270 449/129/11 451/127/150
f 451/127/150 449/129/11 452/130/157
f 452/130/157 449/129/11 453/131/156
f 453/131/156 449/129/11 454/132/271
f 454/132/271 449/129/11 455/131/154
f 455/131/154 449/129/11 456/130/153
f 456/130/153 449/129/11 448/127/152
f 457/133/164 458/135/165 459/134/159
f 460/136/272 457/133/164 459/134/159
f 461/137/162 460/136/272 459/134/159
f 462/136/273 461/137/162 459/134/159
f 463/133/158 462/136/273 459/134/159
f 464/135/274 463/133/158 459/134/159
f 465/138/166 464/135/274 459/134/159
f 458/135/165 465/138/166 459/134/159
f 466/139/275 467/141/276 468/140/277
f 469/142/172 466/139/275 468/140/277
f 470/143/171 469/142/172 468/140/277
f 471/142/170 470/143/171 468/140/277
f 472/139/278 471/142/170 468/140/277
f 473/144/279 472/139/278 468/140/277
f 474/145/280 473/144/279 468/140/277
f 467/141/276 474/145/280 468/140/277
f 475/25/7 476/27/8 477/26/2
f 478/28/6 475/25/7 477/26/2
f 479/29/5 478/28/6 477/26/2
f 480/28/4 479/29/5 477/26/2
f 481/25/1 480/28/4 477/26/2
f 482/27/3 481/25/1 477/26/2
f 483/30/9 482/27/3 477/26/2
f 476/27/8 483/30/9 477/26/2
f 484/31/16 485/33/35 486/32/11
f 487/34/15 484/31/16 486/32/11
f 488/35/14 487/34/15 486/32/11
f 489/34/13 488/35/14 486/32/11
f 490/31/10 489/34/13 486/32/11
f 491/33/12 490/31/10 486/32/11
f 492/36/18 491/33/12 486/32/11
f 485/33/35 492/36/18 486/32/11
f 493/49/56 494/51/2 495/50/55
f 495/50/55 494/51/2 496/49/54
f 496/49/54 494/51/2 497/52/61
f 497/52/61 494/51/2 498/53/60
f 498/53/60 494/51/2 499/54/59
f 499/54/59 494/51/2 500/53/58
f 500/53/58 494/51/2 501/52/57
f 501/52/57 494/51/2 493/49/56
f 502/55/64 503/57/11 504/56/63
f 504/56/63 503/57/11 505/55/62
f 505/55/62 503/57/11 506/58/69
f 506/58/69 503/57/11 507/59/68
f 507/59/68 503/57/11 508/60/67
f 508/60/67 503/57/11 509/59/66
f 509/59/66 503/57/11 510/58/65
f 510/58/65 503/57/11 502/55/64
f 511/37/43 512/39/38 513/38/42
f 513/38/42 512/39/38 514/40/41
f 514/40/41 512/39/38 515/41/40
f 515/41/40 512/39/38 516/40/39
f 516/40/39 512/39/38 517/38/37
f 517/38/37 512/39/38 518/37/36
f 518/37/36 512/39/38 519/42/44
f 519/42/44 512/39/38 511/37/43
f 520/43/281 521/45/47 522/44/51
f 522/44/51 521/45/47 523/46/50
f 523/46/50 521/45/47 524/47/49
f 524/47/49 521/45/47 525/46/48
f 525/46/48 521/45/47 526/44/46
f 526/44/46 521/45/47 527/43/45
f 527/43/45 521/45/47 528/48/53
f 528/48/53 521/45/47 520/43/281
f 529/190/282 530/191/283 531/192/284
f 529/190/282 531/192/284 532/193/285
f 533/194/286 534/195/287 530/191/283
f 533/194/286 530/191/283 529/190/282
f 535/196/288 536/197/289 534/195/287
f 535/196/288 534/195/287 533/194/286
f 537/194/290 538/195/291 536/197/289
f 537/194/290 536/197/289 535/196/288
f 539/190/292 540/191/293 538/195/291
f 539/190/292 538/195/291 537/194/290
f 541/193/294 542/192/295 540/191/293
f 541/193/294 540/191/293 539/190/292
f 543/198/296 544/199/297 542/192/295
f 543/198/296 542/192/295 541/193/294
f 532/193/285 531/192/284 544/199/297
f 532/193/285 544/199/297 543/198/296
f 531/192/284 530/191/283 1/1/1
f 531/192/284 1/1/1 3/3/3
f 530/191/283 534/195/287 4/4/4
f 530/191/283 4/4/4 1/1/1
f 534/195/287 536/197/289 5/5/5
f 534/195/287 5/5/5 4/4/4
f 536/197/289 538/195/291 6/4/6
f 536/197/289 6/4/6 5/5/5
f 538/195/291 540/191/293 7/1/7
f 538/195/291 7/1/7 6/4/6
f 540/191/293 542/192/295 8/3/8
f 540/191/293 8/3/8 7/1/7
f 542/192/295 544/199/297 9/6/9
f 542/192/295 9/6/9 8/3/8
f 544/199/297 531/192/284 3/3/3
f 544/199/297 3/3/3 9/6/9
f 545/200/298 546/201/299 547/202/300
f 545/200/298 547/202/300 548/203/301
f 549/204/302 550/205/303 546/201/299
f 549/204/302 546/201/299 545/200/298
f 551/206/304 552/207/305 550/205/303
f 551/206/304 550/205/303 549/204/302
f 553/204/306 554/205/307 552/207/305
f 553/204/306 552/207/305 551/206/304
f 555/200/308 556/201/309 554/205/307
f 555/200/308 554/205/307 553/204/306
f 557/203/310 558/202/311 556/201/309
f 557/203/310 556/201/309 555/200/308
f 559/208/312 560/209/313 558/202/311
f 559/208/312 558/202/311 557/203/310
f 548/203/301 547/202/300 560/209/313
f 548/203/301 560/209/313 559/208/312
f 546/201/299 10/7/10 12/9/12
f 546/201/299 12/9/12 547/202/300
f 550/205/303 13/10/13 10/7/10
f 550/205/303 10/7/10 546/201/299
f 552/207/305 14/11/14 13/10/13
f 552/207/305 13/10/13 550/205/303
f 554/205/307 15/10/15 14/11/14
f 554/205/307 14/11/14 552/207/305
f 556/201/309 16/7/16 15/10/15
f 556/201/309 15/10/15 554/205/307
f 558/202/311 17/9/17 16/7/16
f 558/202/311 16/7/16 556/201/309
f 560/209/313 18/12/18 17/9/17
f 560/209/313 17/9/17 558/202/311
f 547/202/300 12/9/12 18/12/18
f 547/202/300 18/12/18 560/209/313
f 545/200/298 529/190/282 532/193/285
f 545/200/298 532/193/285 549/204/302
f 532/193/285 543/198/296 551/206/304
f 532/193/285 551/206/304 549/204/302
f 543/198/296 541/193/294 553/204/306
f 543/198/296 553/204/306 551/206/304
f 541/193/294 539/190/292 555/200/308
f 541/193/294 555/200/308 553/204/306
f 539/190/292 537/194/290 557/203/310
f 539/190/292 557/203/310 555/200/308
f 537/194/290 535/196/288 559/208/312
f 537/194/290 559/208/312 557/203/310
f 535/196/288 533/194/286 548/203/301
f 535/196/288 548/203/301 559/208/312
f 533/194/286 529/190/282 545/200/298
f 533/194/286 545/200/298 548/203/301
f 561/210/314 562/211/315 563/212/316
f 561/210/314 563/212/316 564/213/317
f 562/211/315 565/210/318 566/213/319
f 562/211/315 566/213/319 563/212/316
f 565/210/318 567/214/320 568/215/321
f 565/210/318 568/215/321 566/213/319
f 567/214/320 569/216/322 570/217/323
f 567/214/320 570/217/323 568/215/321
f 569/216/322 571/218/324 572/219/325
f 569/216/322 572/219/325 570/217/323
f 571/218/324 573/216/326 574/220/327
f 571/218/324 574/220/327 572/219/325
f 573/216/326 575/214/328 576/215/329
f 573/216/326 576/215/329 574/220/327
f 575/214/328 561/210/314 564/213/317
f 575/214/328 564/213/317 576/215/329
f 564/213/317 563/212/316 577/221/330
f 564/213/317 577/221/330 578/222/331
f 563/212/316 566/213/319 579/222/332
f 563/212/316 579/222/332 577/221/330
f 566/213/319 568/215/321 580/223/333
f 566/213/319 580/223/333 579/222/332
f 568/215/321 570/217/323 581/224/334
f 568/215/321 581/224/334 580/223/333
f 570/217/323 572/219/325 582/225/335
f 570/217/323 582/225/335 581/224/334
f 572/219/325 574/220/327 583/224/336
f 572/219/325 583/224/336 582/225/335
f 574/220/327 576/215/329 584/223/337
f 574/220/327 584/223/337 583/224/336
f 576/215/329 564/213/317 578/222/331
f 576/215/329 578/222/331 584/223/337
f 578/222/331 577/221/330 20/14/20
f 578/222/331 20/14/20 19/13/19
f 577/221/330 579/222/332 22/13/21
f 577/221/330 22/13/21 20/14/20
f 579/222/332 580/223/333 23/16/22
f 579/222/332 23/16/22 22/13/21
f 580/223/333 581/224/334 24/17/23
f 580/223/333 24/17/23 23/16/22
f 581/224/334 582/225/335 25/18/24
f 581/224/334 25/18/24 24/17/23
f 582/225/335 583/224/336 26/17/25
f 582/225/335 26/17/25 25/18/24
f 583/224/336 584/223/337 27/16/26
f 583/224/336 27/16/26 26/17/25
f 584/223/337 578/222/331 19/13/19
f 584/223/337 19/13/19 27/16/26
f 585/226/338 586/227/339 587/228/340
f 585/226/338 587/228/340 588/229/341
f 586/227/339 589/226/342 590/229/343
f 586/227/339 590/229/343 587/228/340
f 589/226/342 591/230/344 592/231/345
f 589/226/342 592/231/345 590/229/343
f 591/230/344 593/232/346 594/233/347
f 591/230/344 594/233/347 592/231/345
f 593/232/346 595/234/348 596/235/349
f 593/232/346 596/235/349 594/233/347
f 595/234/348 597/232/350 598/233/351
f 595/234/348 598/233/351 596/235/349
f 597/232/350 599/230/352 600/231/353
f 597/232/350 600/231/353 598/233/351
f 599/230/352 585/226/338 588/229/341
f 599/230/352 588/229/341 600/231/353
f 588/229/341 587/228/340 601/236/354
f 588/229/341 601/236/354 602/237/355
f 587/228/340 590/229/343 603/237/356
f 587/228/340 603/237/356 601/236/354
f 590/229/343 592/231/345 604/238/357
f 590/229/343 604/238/357 603/237/356
f 592/231/345 594/233/347 605/239/358
f 592/231/345 605/239/358 604/238/357
f 594/233/347 596/235/349 606/240/359
f 594/233/347 606/240/359 605/239/358
f 596/235/349 598/233/351 607/239/360
f 596/235/349 607/239/360 606/240/359
f 598/233/351 600/231/353 608/238/361
f 598/233/351 608/238/361 607/239/360
f 600/231/353 588/229/341 602/237/355
f 600/231/353 602/237/355 608/238/361
f 602/237/355 601/236/354 609/241/362
f 602/237/355 609/241/362 610/242/363
f 601/236/354 603/237/356 611/242/364
f 601/236/354 611/242/364 609/241/362
f 603/237/356 604/238/357 612/243/365
f 603/237/356 612/243/365 611/242/364
f 604/238/357 605/239/358 613/244/366
f 604/238/357 613/244/366 612/243/365
f 605/239/358 606/240/359 614/245/367
f 605/239/358 614/245/367 613/244/366
f 606/240/359 607/239/360 615/244/368
f 606/240/359 615/244/368 614/245/367
f 607/239/360 608/238/361 616/243/369
f 607/239/360 616/243/369 615/244/368
f 608/238/361 602/237/355 610/242/363
f 608/238/361 610/242/363 616/243/369
f 610/242/363 609/241/362 29/20/28
f 610/242/363 29/20/28 28/19/27
f 609/241/362 611/242/364 31/19/29
f 609/241/362 31/19/29 29/20/28
f 611/242/364 612/243/365 32/22/30
f 611/242/364 32/22/30 31/19/29
f 612/243/365 613/244/366 33/23/31
f 612/243/365 33/23/31 32/22/30
f 613/244/366 614/245/367 34/24/32
f 613/244/366 34/24/32 33/23/31
f 614/245/367 615/244/368 35/23/33
f 614/245/367 35/23/33 34/24/32
f 615/244/368 616/243/369 36/22/34
f 615/244/368 36/22/34 35/23/33
f 616/243/369 610/242/363 28/19/27
f 616/243/369 28/19/27 36/22/34
f 562/211/315 561/210/314 617/246/370
f 562/211/315 617/246/370 618/247/371
f 561/210/314 575/214/328 619/248/372
f 561/210/314 619/248/372 617/246/370
f 575/214/328 573/216/326 620/249/373
f 575/214/328 620/249/373 619/248/372
f 573/216/326 571/218/324 621/250/374
f 573/216/326 621/250/374 620/249/373
f 571/218/324 569/216/322 622/249/375
f 571/218/324 622/249/375 621/250/374
f 569/216/322 567/214/320 623/248/376
f 569/216/322 623/248/376 622/249/375
f 567/214/320 565/210/318 624/246/377
f 567/214/320 624/246/377 623/248/376
f 565/210/318 562/211/315 618/247/371
f 565/210/318 618/247/371 624/246/377
f 624/246/377 618/247/371 625/251/378
f 624/246/377 625/251/378 626/252/379
f 623/248/376 624/246/377 626/252/379
f 623/248/376 626/252/379 627/253/380
f 622/249/375 623/248/376 627/253/380
f 622/249/375 627/253/380 628/254/381
f 621/250/374 622/249/375 628/254/381
f 621/250/374 628/254/381 629/255/382
f 620/249/373 621/250/374 629/255/382
f 620/249/373 629/255/382 630/254/383
f 619/248/372 620/249/373 630/254/383
f 619/248/372 630/254/383 631/253/384
f 617/246/370 619/248/372 631/253/384
f 617/246/370 631/253/384 632/252/385
f 618/247/371 617/246/370 632/252/385
f 618/247/371 632/252/385 625/251/378
f 626/252/379 625/251/378 633/256/386
f 626/252/379 633/256/386 634/257/387
f 627/253/380 626/252/379 634/257/387
f 627/253/380 634/257/387 635/258/388
f 628/254/381 627/253/380 635/258/388
f 628/254/381 635/258/388 636/259/389
f 629/255/382 628/254/381 636/259/389
f 629/255/382 636/259/389 637/260/390
f 630/254/383 629/255/382 637/260/390
f 630/254/383 637/260/390 638/259/391
f 631/253/384 630/254/383 638/259/391
f 631/253/384 638/259/391 639/258/392
f 632/252/385 631/253/384 639/258/392
f 632/252/385 639/258/392 640/257/393
f 625/251/378 632/252/385 640/257/393
f 625/251/378 640/257/393 633/256/386
f 634/257/387 633/256/386 586/227/339
f 634/257/387 586/227/339 585/226/338
f 635/258/388 634/257/387 585/226/338
f 635/258/388 585/226/338 599/230/352
f 636/259/389 635/258/388 599/230/352
f 636/259/389 599/230/352 597/232/350
f 637/260/390 636/259/389 597/232/350
f 637/260/390 597/232/350 595/234/348
f 638/259/391 637/260/390 595/234/348
f 638/259/391 595/234/348 593/232/346
f 639/258/392 638/259/391 593/232/346
f 639/258/392 593/232/346 591/230/344
f 640/257/393 639/258/392 591/230/344
f 640/257/393 591/230/344 589/226/342
f 633/256/386 640/257/393 589/226/342
f 633/256/386 589/226/342 586/227/339
f 641/261/394 642/262/395 643/263/284
f 641/261/394 643/263/284 644/264/285
f 645/265/396 646/266/287 642/262/395
f 645/265/396 642/262/395 641/261/394
f 647/267/288 648/268/397 646/266/287
f 647/267/288 646/266/287 645/265/396
f 649/265/398 650/266/291 648/268/397
f 649/265/398 648/268/397 647/267/288
f 651/261/292 652/262/293 650/266/291
f 651/261/292 650/266/291 649/265/398
f 653/264/294 654/263/295 652/262/293
f 653/264/294 652/262/293 651/261/292
f 655/269/296 656/270/399 654/263/295
f 655/269/296 654/263/295 653/264/294
f 644/264/285 643/263/284 656/270/399
f 644/264/285 656/270/399 655/269/296
f 643/263/284 642/262/395 37/25/1
f 643/263/284 37/25/1 39/27/3
f 642/262/395 646/266/287 40/28/4
f 642/262/395 40/28/4 37/25/1
f 646/266/287 648/268/397 41/29/5
f 646/266/287 41/29/5 40/28/4
f 648/268/397 650/266/291 42/28/6
f 648/268/397 42/28/6 41/29/5
f 650/266/291 652/262/293 43/25/7
f 650/266/291 43/25/7 42/28/6
f 652/262/293 654/263/295 44/27/8
f 652/262/293 44/27/8 43/25/7
f 654/263/295 656/270/399 45/30/9
f 654/263/295 45/30/9 44/27/8
f 656/270/399 643/263/284 39/27/3
f 656/270/399 39/27/3 45/30/9
f 657/271/298 658/272/400 659/273/401
f 657/271/298 659/273/401 660/274/301
f 661/275/302 662/276/402 658/272/400
f 661/275/302 658/272/400 657/271/298
f 663/277/304 664/278/305 662/276/402
f 663/277/304 662/276/402 661/275/302
f 665/275/306 666/276/403 664/278/305
f 665/275/306 664/278/305 663/277/304
f 667/271/308 668/272/404 666/276/403
f 667/271/308 666/276/403 665/275/306
f 669/274/310 670/273/405 668/272/404
f 669/274/310 668/272/404 667/271/308
f 671/279/312 672/280/406 670/273/405
f 671/279/312 670/273/405 669/274/310
f 660/274/301 659/273/401 672/280/406
f 660/274/301 672/280/406 671/279/312
f 658/272/400 46/31/10 48/33/12
f 658/272/400 48/33/12 659/273/401
f 662/276/402 49/34/13 46/31/10
f 662/276/402 46/31/10 658/272/400
f 664/278/305 50/35/14 49/34/13
f 664/278/305 49/34/13 662/276/402
f 666/276/403 51/34/15 50/35/14
f 666/276/403 50/35/14 664/278/305
f 668/272/404 52/31/16 51/34/15
f 668/272/404 51/34/15 666/276/403
f 670/273/405 53/33/35 52/31/16
f 670/273/405 52/31/16 668/272/404
f 672/280/406 54/36/18 53/33/35
f 672/280/406 53/33/35 670/273/405
f 659/273/401 48/33/12 54/36/18
f 659/273/401 54/36/18 672/280/406
f 657/271/298 641/261/394 644/264/285
f 657/271/298 644/264/285 661/275/302
f 644/264/285 655/269/296 663/277/304
f 644/264/285 663/277/304 661/275/302
f 655/269/296 653/264/294 665/275/306
f 655/269/296 665/275/306 663/277/304
f 653/264/294 651/261/292 667/271/308
f 653/264/294 667/271/308 665/275/306
f 651/261/292 649/265/398 669/274/310
f 651/261/292 669/274/310 667/271/308
f 649/265/398 647/267/288 671/279/312
f 649/265/398 671/279/312 669/274/310
f 647/267/288 645/265/396 660/274/301
f 647/267/288 660/274/301 671/279/312
f 645/265/396 641/261/394 657/271/298
f 645/265/396 657/271/298 660/274/301
f 673/281/407 674/282/408 675/283/409
f 673/281/407 675/283/409 676/284/410
f 674/282/408 677/285/411 678/286/412
f 674/282/408 678/286/412 675/283/409
f 677/285/411 679/287/413 680/288/414
f 677/285/411 680/288/414 678/286/412
f 679/287/413 681/285/415 682/286/416
f 679/287/413 682/286/416 680/288/414
f 681/285/415 683/282/417 684/283/418
f 681/285/415 684/283/418 682/286/416
f 683/282/417 685/281/419 686/284/420
f 683/282/417 686/284/420 684/283/418
f 685/281/419 687/289/421 688/290/422
f 685/281/419 688/290/422 686/284/420
f 687/289/421 673/281/407 676/284/410
f 687/289/421 676/284/410 688/290/422
f 676/284/410 675/283/409 689/291/423
f 676/284/410 689/291/423 690/292/424
f 675/283/409 678/286/412 691/293/425
f 675/283/409 691/293/425 689/291/423
f 678/286/412 680/288/414 692/294/426
f 678/286/412 692/294/426 691/293/425
f 680/288/414 682/286/416 693/293/427
f 680/288/414 693/293/427 692/294/426
f 682/286/416 684/283/418 694/291/428
f 682/286/416 694/291/428 693/293/427
f 684/283/418 686/284/420 695/292/429
f 684/283/418 695/292/429 694/291/428
f 686/284/420 688/290/422 696/295/430
f 686/284/420 696/295/430 695/292/429
f 688/290/422 676/284/410 690/292/424
f 688/290/422 690/292/424 696/295/430
f 690/292/424 689/291/423 56/38/37
f 690/292/424 56/38/37 55/37/36
f 689/291/423 691/293/425 58/40/39
f 689/291/423 58/40/39 56/38/37
f 691/293/425 692/294/426 59/41/40
f 691/293/425 59/41/40 58/40/39
f 692/294/426 693/293/427 60/40/41
f 692/294/426 60/40/41 59/41/40
f 693/293/427 694/291/428 61/38/42
f 693/293/427 61/38/42 60/40/41
f 694/291/428 695/292/429 62/37/43
f 694/291/428 62/37/43 61/38/42
f 695/292/429 696/295/430 63/42/44
f 695/292/429 63/42/44 62/37/43
f 696/295/430 690/292/424 55/37/36
f 696/295/430 55/37/36 63/42/44
f 697/296/431 698/297/432 699/298/433
f 697/296/431 699/298/433 700/299/434
f 698/297/432 701/300/435 702/301/436
f 698/297/432 702/301/436 699/298/433
f 701/300/435 703/302/437 704/303/438
f 701/300/435 704/303/438 702/301/436
f 703/302/437 705/300/439 706/301/440
f 703/302/437 706/301/440 704/303/438
f 705/300/439 707/297/441 708/298/442
f 705/300/439 708/298/442 706/301/440
f 707/297/441 709/296/443 710/299/444
f 707/297/441 710/299/444 708/298/442
f 709/296/443 711/304/445 712/305/446
f 709/296/443 712/305/446 710/299/444
f 711/304/445 697/296/431 700/299/434
f 711/304/445 700/299/434 712/305/446
f 700/299/434 699/298/433 713/306/447
f 700/299/434 713/306/447 714/307/448
f 699/298/433 702/301/436 715/308/449
f 699/298/433 715/308/449 713/306/447
f 702/301/436 704/303/438 716/309/450
f 702/301/436 716/309/450 715/308/449
f 704/303/438 706/301/440 717/308/451
f 704/303/438 717/308/451 716/309/450
f 706/301/440 708/298/442 718/306/452
f 706/301/440 718/306/452 717/308/451
f 708/298/442 710/299/444 719/307/453
f 708/298/442 719/307/453 718/306/452
f 710/299/444 712/305/446 720/310/454
f 710/299/444 720/310/454 719/307/453
f 712/305/446 700/299/434 714/307/448
f 712/305/446 714/307/448 720/310/454
f 714/307/448 713/306/447 65/44/46
f 714/307/448 65/44/46 64/43/45
f 713/306/447 715/308/449 67/46/48
f 713/306/447 67/46/48 65/44/46
f 715/308/449 716/309/450 68/47/49
f 715/308/449 68/47/49 67/46/48
f 716/309/450 717/308/451 69/46/50
f 716/309/450 69/46/50 68/47/49
f 717/308/451 718/306/452 70/44/51
f 717/308/451 70/44/51 69/46/50
f 718/306/452 719/307/453 71/43/52
f 718/306/452 71/43/52 70/44/51
f 719/307/453 720/310/454 72/48/53
f 719/307/453 72/48/53 71/43/52
f 720/310/454 714/307/448 64/43/45
f 720/310/454 64/43/45 72/48/53
f 674/282/408 673/281/407 721/311/455
f 674/282/408 721/311/455 722/312/456
f 673/281/407 687/289/421 723/313/457
f 673/281/407 723/313/457 721/311/455
f 687/289/421 685/281/419 724/311/458
f 687/289/421 724/311/458 723/313/457
f 685/281/419 683/282/417 725/312/459
f 685/281/419 725/312/459 724/311/458
f 683/282/417 681/285/415 726/314/460
f 683/282/417 726/314/460 725/312/459
f 681/285/415 679/287/413 727/315/461
f 681/285/415 727/315/461 726/314/460
f 679/287/413 677/285/411 728/314/462
f 679/287/413 728/314/462 727/315/461
f 677/285/411 674/282/408 722/312/456
f 677/285/411 722/312/456 728/314/462
f 728/314/462 722/312/456 729/316/463
f 728/314/462 729/316/463 730/317/464
f 727/315/461 728/314/462 730/317/464
f 727/315/461 730/317/464 731/318/465
f 726/314/460 727/315/461 731/318/465
f 726/314/460 731/318/465 732/317/466
f 725/312/459 726/314/460 732/317/466
f 725/312/459 732/317/466 733/316/467
f 724/311/458 725/312/459 733/316/467
f 724/311/458 733/316/467 734/319/468
f 723/313/457 724/311/458 734/319/468
f 723/313/457 734/319/468 735/320/469
f 721/311/455 723/313/457 735/320/469
f 721/311/455 735/320/469 736/319/470
f 722/312/456 721/311/455 736/319/470
f 722/312/456 736/319/470 729/316/463
f 730/317/464 729/316/463 698/297/432
f 730/317/464 698/297/432 697/296/431
f 731/318/465 730/317/464 697/296/431
f 731/318/465 697/296/431 711/304/445
f 732/317/466 731/318/465 711/304/445
f 732/317/466 711/304/445 709/296/443
f 733/316/467 732/317/466 709/296/443
f 733/316/467 709/296/443 707/297/441
f 734/319/468 733/316/467 707/297/441
f 734/319/468 707/297/441 705/300/439
f 735/320/469 734/319/468 705/300/439
f 735/320/469 705/300/439 703/302/437
f 736/319/470 735/320/469 703/302/437
f 736/319/470 703/302/437 701/300/435
f 729/316/463 736/319/470 701/300/435
f 729/316/463 701/300/435 698/297/432
f 737/321/471 738/322/472 739/323/473
f 737/321/471 739/323/473 740/324/474
f 738/322/472 741/321/475 742/324/476
f 738/322/472 742/324/476 739/323/473
f 741/321/475 743/325/477 744/326/478
f 741/321/475 744/326/478 742/324/476
f 743/325/477 745/327/479 746/328/480
f 743/325/477 746/328/480 744/326/478
f 745/327/479 747/329/481 748/330/482
f 745/327/479 748/330/482 746/328/480
f 747/329/481 749/327/483 750/328/484
f 747/329/481 750/328/484 748/330/482
f 749/327/483 751/325/485 752/326/486
f 749/327/483 752/326/486 750/328/484
f 751/325/485 737/321/471 740/324/474
f 751/325/485 740/324/474 752/326/486
f 740/324/474 739/323/473 753/331/487
f 740/324/474 753/331/487 754/332/488
f 739/323/473 742/324/476 755/332/489
f 739/323/473 755/332/489 753/331/487
f 742/324/476 744/326/478 756/333/490
f 742/324/476 756/333/490 755/332/489
f 744/326/478 746/328/480 757/334/491
f 744/326/478 757/334/491 756/333/490
f 746/328/480 748/330/482 758/335/492
f 746/328/480 758/335/492 757/334/491
f 748/330/482 750/328/484 759/334/493
f 748/330/482 759/334/493 758/335/492
f 750/328/484 752/326/486 760/333/494
f 750/328/484 760/333/494 759/334/493
f 752/326/486 740/324/474 754/332/488
f 752/326/486 754/332/488 760/333/494
f 754/332/488 753/331/487 761/336/495
f 754/332/488 761/336/495 762/337/496
f 753/331/487 755/332/489 763/337/497
f 753/331/487 763/337/497 761/336/495
f 755/332/489 756/333/490 764/338/498
f 755/332/489 764/338/498 763/337/497
f 756/333/490 757/334/491 765/339/499
f 756/333/490 765/339/499 764/338/498
f 757/334/491 758/335/492 766/340/500
f 757/334/491 766/340/500 765/339/499
f 758/335/492 759/334/493 767/339/501
f 758/335/492 767/339/501 766/340/500
f 759/334/493 760/333/494 768/338/502
f 759/334/493 768/338/502 767/339/501
f 760/333/494 754/332/488 762/337/496
f 760/333/494 762/337/496 768/338/502
f 762/337/496 761/336/495 74/50/55
f 762/337/496 74/50/55 73/49/54
f 761/336/495 763/337/497 76/49/56
f 761/336/495 76/49/56 74/50/55
f 763/337/497 764/338/498 77/52/57
f 763/337/497 77/52/57 76/49/56
f 764/338/498 765/339/499 78/53/58
f 764/338/498 78/53/58 77/52/57
f 765/339/499 766/340/500 79/54/59
f 765/339/499 79/54/59 78/53/58
f 766/340/500 767/339/501 80/53/60
f 766/340/500 80/53/60 79/54/59
f 767/339/501 768/338/502 81/52/61
f 767/339/501 81/52/61 80/53/60
f 768/338/502 762/337/496 73/49/54
f 768/338/502 73/49/54 81/52/61
f 769/341/503 770/342/504 771/343/505
f 769/341/503 771/343/505 772/344/506
f 770/342/504 773/341/507 774/344/508
f 770/342/504 774/344/508 771/343/505
f 773/341/507 775/345/509 776/346/510
f 773/341/507 776/346/510 774/344/508
f 775/345/509 777/347/511 778/348/512
f 775/345/509 778/348/512 776/346/510
f 777/347/511 779/349/513 780/350/514
f 777/347/511 780/350/514 778/348/512
f 779/349/513 781/347/515 782/348/516
f 779/349/513 782/348/516 780/350/514
f 781/347/515 783/345/517 784/346/518
f 781/347/515 784/346/518 782/348/516
f 783/345/517 769/341/503 772/344/506
f 783/345/517 772/344/506 784/346/518
f 772/344/506 771/343/505 785/351/519
f 772/344/506 785/351/519 786/352/520
f 771/343/505 774/344/508 787/352/521
f 771/343/505 787/352/521 785/351/519
f 774/344/508 776/346/510 788/353/522
f 774/344/508 788/353/522 787/352/521
f 776/346/510 778/348/512 789/354/523
f 776/346/510 789/354/523 788/353/522
f 778/348/512 780/350/514 790/355/524
f 778/348/512 790/355/524 789/354/523
f 780/350/514 782/348/516 791/354/525
f 780/350/514 791/354/525 790/355/524
f 782/348/516 784/346/518 792/353/526
f 782/348/516 792/353/526 791/354/525
f 784/346/518 772/344/506 786/352/520
f 784/346/518 786/352/520 792/353/526
f 786/352/520 785/351/519 83/56/63
f 786/352/520 83/56/63 82/55/62
f 785/351/519 787/352/521 85/55/64
f 785/351/519 85/55/64 83/56/63
f 787/352/521 788/353/522 86/58/65
f 787/352/521 86/58/65 85/55/64
f 788/353/522 789/354/523 87/59/66
f 788/353/522 87/59/66 86/58/65
f 789/354/523 790/355/524 88/60/67
f 789/354/523 88/60/67 87/59/66
f 790/355/524 791/354/525 89/59/68
f 790/355/524 89/59/68 88/60/67
f 791/354/525 792/353/526 90/58/69
f 791/354/525 90/58/69 89/59/68
f 792/353/526 786/352/520 82/55/62
f 792/353/526 82/55/62 90/58/69
f 738/322/472 737/321/471 793/356/527
f 738/322/472 793/356/527 794/357/528
f 737/321/471 751/325/485 795/358/529
f 737/321/471 795/358/529 793/356/527
f 751/325/485 749/327/483 796/359/530
f 751/325/485 796/359/530 795/358/529
f 749/327/483 747/329/481 797/360/531
f 749/327/483 797/360/531 796/359/530
f 747/329/481 745/327/479 798/359/532
f 747/329/481 798/359/532 797/360/531
f 745/327/479 743/325/477 799/358/533
f 745/327/479 799/358/533 798/359/532
f 743/325/477 741/321/475 800/356/534
f 743/325/477 800/356/534 799/358/533
f 741/321/475 738/322/472 794/357/528
f 741/321/475 794/357/528 800/356/534
f 800/356/534 794/357/528 801/361/535
f 800/356/534 801/361/535 802/362/536
f 799/358/533 800/356/534 802/362/536
f 799/358/533 802/362/536 803/363/537
f 798/359/532 799/358/533 803/363/537
f 798/359/532 803/363/537 804/364/538
f 797/360/531 798/359/532 804/364/538
f 797/360/531 804/364/538 805/365/539
f 796/359/530 797/360/531 805/365/539
f 796/359/530 805/365/539 806/364/540
f 795/358/529 796/359/530 806/364/540
f 795/358/529 806/364/540 807/363/541
f 793/356/527 795/358/529 807/363/541
f 793/356/527 807/363/541 808/362/542
f 794/357/528 793/356/527 808/362/542
f 794/357/528 808/362/542 801/361/535
f 802/362/536 801/361/535 770/342/504
f 802/362/536 770/342/504 769/341/503
f 803/363/537 802/362/536 769/341/503
f 803/363/537 769/341/503 783/345/517
f 804/364/538 803/363/537 783/345/517
f 804/364/538 783/345/517 781/347/515
f 805/365/539 804/364/538 781/347/515
f 805/365/539 781/347/515 779/349/513
f 806/364/540 805/365/539 779/349/513
f 806/364/540 779/349/513 777/347/511
f 807/363/541 806/364/540 777/347/511
f 807/363/541 777/347/511 775/345/509
f 808/362/542 807/363/541 775/345/509
f 808/362/542 775/345/509 773/341/507
f 801/361/535 808/362/542 773/341/507
f 801/361/535 773/341/507 770/342/504
f 809/366/543 810/367/544 811/368/545
f 809/366/543 811/368/545 812/369/546
f 812/369/546 811/368/545 99/67/78
f 812/369/546 99/67/78 98/66/77
f 810/367/544 813/366/547 814/369/548
f 810/367/544 814/369/548 811/368/545
f 811/368/545 814/369/548 101/66/80
f 811/368/545 101/66/80 99/67/78
f 815/370/549 816/371/550 817/372/551
f 815/370/549 817/372/551 818/373/552
f 815/370/549 818/373/552 103/70/82
f 815/370/549 103/70/82 102/69/81
f 818/373/552 817/372/551 819/371/553
f 818/373/552 819/371/553 820/370/554
f 818/373/552 820/370/554 104/69/83
f 818/373/552 104/69/83 103/70/82
f 91/61/70 93/63/72 821/374/555
f 91/61/70 821/374/555 822/375/556
f 822/375/556 821/374/555 823/376/557
f 822/375/556 823/376/557 824/377/558
f 93/63/72 94/61/73 825/375/559
f 93/63/72 825/375/559 821/374/555
f 821/374/555 825/375/559 826/377/560
f 821/374/555 826/377/560 823/376/557
f 827/378/561 95/64/74 96/65/75
f 827/378/561 96/65/75 828/379/562
f 827/378/561 828/379/562 829/380/563
f 827/378/561 829/380/563 830/381/564
f 828/379/562 96/65/75 97/64/76
f 828/379/562 97/64/76 831/378/565
f 828/379/562 831/378/565 832/381/566
f 828/379/562 832/381/566 829/380/563
f 824/377/558 823/376/557 833/382/567
f 824/377/558 833/382/567 834/383/568
f 834/383/568 833/382/567 835/384/569
f 834/383/568 835/384/569 836/385/570
f 823/376/557 826/377/560 837/383/571
f 823/376/557 837/383/571 833/382/567
f 833/382/567 837/383/571 838/385/572
f 833/382/567 838/385/572 835/384/569
f 838/385/572 837/383/571 839/386/573
f 838/385/572 839/386/573 840/387/574
f 837/383/571 826/377/560 830/381/564
f 837/383/571 830/381/564 839/386/573
f 839/386/573 830/381/564 829/380/563
f 839/386/573 829/380/563 841/388/575
f 839/386/573 841/388/575 842/389/576
f 839/386/573 842/389/576 840/387/574
f 841/388/575 829/380/563 832/381/566
f 841/388/575 832/381/566 843/386/577
f 841/388/575 843/386/577 844/387/578
f 841/388/575 844/387/578 842/389/576
f 843/386/577 832/381/566 824/377/558
f 843/386/577 824/377/558 834/383/568
f 844/387/578 843/386/577 834/383/568
f 844/387/578 834/383/568 836/385/570
f 836/385/570 835/384/569 845/390/579
f 836/385/570 845/390/579 846/391/580
f 846/391/580 845/390/579 847/392/581
f 846/391/580 847/392/581 848/393/582
f 835/384/569 838/385/572 849/391/583
f 835/384/569 849/391/583 845/390/579
f 845/390/579 849/391/583 850/393/584
f 845/390/579 850/393/584 847/392/581
f 851/394/585 840/387/574 842/389/576
f 851/394/585 842/389/576 852/395/586
f 851/394/585 852/395/586 853/396/587
f 851/394/585 853/396/587 854/397/588
f 852/395/586 842/389/576 844/387/578
f 852/395/586 844/387/578 855/394/589
f 852/395/586 855/394/589 856/397/590
f 852/395/586 856/397/590 853/396/587
f 848/393/582 847/392/581 857/398/591
f 848/393/582 857/398/591 858/399/592
f 858/399/592 857/398/591 859/400/593
f 858/399/592 859/400/593 860/401/594
f 847/392/581 850/393/584 861/399/595
f 847/392/581 861/399/595 857/398/591
f 857/398/591 861/399/595 862/401/596
f 857/398/591 862/401/596 859/400/593
f 862/401/596 861/399/595 863/402/597
f 862/401/596 863/402/597 864/403/598
f 861/399/595 850/393/584 854/397/588
f 861/399/595 854/397/588 863/402/597
f 863/402/597 854/397/588 853/396/587
f 863/402/597 853/396/587 865/404/599
f 863/402/597 865/404/599 866/405/600
f 863/402/597 866/405/600 864/403/598
f 865/404/599 853/396/587 856/397/590
f 865/404/599 856/397/590 867/402/601
f 865/404/599 867/402/601 868/403/602
f 865/404/599 868/403/602 866/405/600
f 867/402/601 856/397/590 848/393/582
f 867/402/601 848/393/582 858/399/592
f 868/403/602 867/402/601 858/399/592
f 868/403/602 858/399/592 860/401/594
f 860/401/594 859/400/593 869/406/579
f 860/401/594 869/406/579 870/407/603
f 870/407/603 869/406/579 871/408/604
f 870/407/603 871/408/604 872/409/605
f 859/400/593 862/401/596 873/407/606
f 859/400/593 873/407/606 869/406/579
f 869/406/579 873/407/606 874/409/607
f 869/406/579 874/409/607 871/408/604
f 875/410/608 864/403/598 866/405/600
f 875/410/608 866/405/600 876/411/586
f 875/410/608 876/411/586 877/412/609
f 875/410/608 877/412/609 878/413/610
f 876/411/586 866/405/600 868/403/602
f 876/411/586 868/403/602 879/410/611
f 876/411/586 879/410/611 880/413/612
f 876/411/586 880/413/612 877/412/609
f 872/409/605 871/408/604 881/414/613
f 872/409/605 881/414/613 882/415/614
f 882/415/614 881/414/613 810/367/544
f 882/415/614 810/367/544 809/366/543
f 871/408/604 874/409/607 883/415/615
f 871/408/604 883/415/615 881/414/613
f 881/414/613 883/415/615 813/366/547
f 881/414/613 813/366/547 810/367/544
f 813/366/547 883/415/615 884/416/616
f 813/366/547 884/416/616 816/371/550
f 883/415/615 874/409/607 878/413/610
f 883/415/615 878/413/610 884/416/616
f 884/416/616 878/413/610 877/412/609
f 884/416/616 877/412/609 885/417/617
f 884/416/616 885/417/617 817/372/551
f 884/416/616 817/372/551 816/371/550
f 885/417/617 877/412/609 880/413/612
f 885/417/617 880/413/612 886/416/618
f 885/417/617 886/416/618 819/371/553
f 885/417/617 819/371/553 817/372/551
f 886/416/618 880/413/612 872/409/605
f 886/416/618 872/409/605 882/415/614
f 819/371/553 886/416/618 882/415/614
f 819/371/553 882/415/614 809/366/543
f 887/418/619 888/419/620 889/420/621
f 887/418/619 889/420/621 890/421/622
f 888/419/620 813/366/547 816/371/550
f 888/419/620 816/371/550 889/420/621
f 101/66/80 814/369/548 891/422/623
f 101/66/80 891/422/623 892/423/624
f 814/369/548 813/366/547 888/419/620
f 814/369/548 888/419/620 891/422/623
f 891/422/623 888/419/620 887/418/619
f 891/422/623 887/418/619 893/424/625
f 892/423/624 891/422/623 893/424/625
f 892/423/624 893/424/625 894/425/626
f 816/371/550 815/370/549 895/426/627
f 816/371/550 895/426/627 889/420/621
f 815/370/549 102/69/81 896/427/628
f 815/370/549 896/427/628 895/426/627
f 895/426/627 896/427/628 897/428/629
f 895/426/627 897/428/629 898/429/630
f 889/420/621 895/426/627 898/429/630
f 889/420/621 898/429/630 890/421/622
f 896/427/628 102/69/81 101/66/80
f 896/427/628 101/66/80 892/423/624
f 897/428/629 896/427/628 892/423/624
f 897/428/629 892/423/624 894/425/626
f 899/420/631 819/371/553 809/366/543
f 899/420/631 809/366/543 900/419/632
f 901/421/633 899/420/631 900/419/632
f 901/421/633 900/419/632 902/418/634
f 104/69/83 820/370/554 903/426/635
f 104/69/83 903/426/635 904/427/636
f 820/370/554 819/371/553 899/420/631
f 820/370/554 899/420/631 903/426/635
f 903/426/635 899/420/631 901/421/633
f 903/426/635 901/421/633 905/429/637
f 904/427/636 903/426/635 905/429/637
f 904/427/636 905/429/637 906/428/638
f 809/366/543 812/369/546 907/422/639
f 809/366/543 907/422/639 900/419/632
f 812/369/546 98/66/77 908/423/640
f 812/369/546 908/423/640 907/422/639
f 907/422/639 908/423/640 909/425/641
f 907/422/639 909/425/641 910/424/642
f 900/419/632 907/422/639 910/424/642
f 900/419/632 910/424/642 902/418/634
f 909/425/641 908/423/640 904/427/636
f 909/425/641 904/427/636 906/428/638
f 908/423/640 98/66/77 104/69/83
f 908/423/640 104/69/83 904/427/636
f 911/430/643 912/431/644 913/432/645
f 911/430/643 913/432/645 914/433/646
f 912/431/644 94/61/73 95/64/74
f 912/431/644 95/64/74 913/432/645
f 826/377/560 825/375/559 915/434/647
f 826/377/560 915/434/647 916/435/648
f 825/375/559 94/61/73 912/431/644
f 825/375/559 912/431/644 915/434/647
f 915/434/647 912/431/644 911/430/643
f 915/434/647 911/430/643 917/436/649
f 916/435/648 915/434/647 917/436/649
f 916/435/648 917/436/649 918/437/650
f 95/64/74 827/378/561 919/438/651
f 95/64/74 919/438/651 913/432/645
f 827/378/561 830/381/564 920/439/652
f 827/378/561 920/439/652 919/438/651
f 919/438/651 920/439/652 921/440/653
f 919/438/651 921/440/653 922/441/654
f 913/432/645 919/438/651 922/441/654
f 913/432/645 922/441/654 914/433/646
f 920/439/652 830/381/564 826/377/560
f 920/439/652 826/377/560 916/435/648
f 921/440/653 920/439/652 916/435/648
f 921/440/653 916/435/648 918/437/650
f 923/432/655 97/64/76 91/61/70
f 923/432/655 91/61/70 924/431/656
f 925/433/657 923/432/655 924/431/656
f 925/433/657 924/431/656 926/430/658
f 832/381/566 831/378/565 927/438/659
f 832/381/566 927/438/659 928/439/660
f 831/378/565 97/64/76 923/432/655
f 831/378/565 923/432/655 927/438/659
f 927/438/659 923/432/655 925/433/657
f 927/438/659 925/433/657 929/441/661
f 928/439/660 927/438/659 929/441/661
f 928/439/660 929/441/661 930/440/662
f 91/61/70 822/375/556 931/434/663
f 91/61/70 931/434/663 924/431/656
f 822/375/556 824/377/558 932/435/664
f 822/375/556 932/435/664 931/434/663
f 931/434/663 932/435/664 933/437/665
f 931/434/663 933/437/665 934/436/666
f 924/431/656 931/434/663 934/436/666
f 924/431/656 934/436/666 926/430/658
f 933/437/665 932/435/664 928/439/660
f 933/437/665 928/439/660 930/440/662
f 932/435/664 824/377/558 832/381/566
f 932/435/664 832/381/566 928/439/660
f 935/442/667 936/443/668 937/444/669
f 935/442/667 937/444/669 938/445/670
f 936/443/668 838/385/572 840/387/574
f 936/443/668 840/387/574 937/444/669
f 850/393/584 849/391/583 939/446/671
f 850/393/584 939/446/671 940/447/672
f 849/391/583 838/385/572 936/443/668
f 849/391/583 936/443/668 939/446/671
f 939/446/671 936/443/668 935/442/667
f 939/446/671 935/442/667 941/448/673
f 940/447/672 939/446/671 941/448/673
f 940/447/672 941/448/673 942/449/674
f 840/387/574 851/394/585 943/450/675
f 840/387/574 943/450/675 937/444/669
f 851/394/585 854/397/588 944/451/676
f 851/394/585 944/451/676 943/450/675
f 943/450/675 944/451/676 945/452/677
f 943/450/675 945/452/677 946/453/678
f 937/444/669 943/450/675 946/453/678
f 937/444/669 946/453/678 938/445/670
f 944/451/676 854/397/588 850/393/584
f 944/451/676 850/393/584 940/447/672
f 945/452/677 944/451/676 940/447/672
f 945/452/677 940/447/672 942/449/674
f 947/444/679 844/387/578 836/385/570
f 947/444/679 836/385/570 948/443/680
f 949/445/681 947/444/679 948/443/680
f 949/445/681 948/443/680 950/442/682
f 856/397/590 855/394/589 951/450/683
f 856/397/590 951/450/683 952/451/684
f 855/394/589 844/387/578 947/444/679
f 855/394/589 947/444/679 951/450/683
f 951/450/683 947/444/679 949/445/681
f 951/450/683 949/445/681 953/453/685
f 952/451/684 951/450/683 953/453/685
f 952/451/684 953/453/685 954/452/686
f 836/385/570 846/391/580 955/446/687
f 836/385/570 955/446/687 948/443/680
f 846/391/580 848/393/582 956/447/688
f 846/391/580 956/447/688 955/446/687
f 955/446/687 956/447/688 957/449/689
f 955/446/687 957/449/689 958/448/690
f 948/443/680 955/446/687 958/448/690
f 948/443/680 958/448/690 950/442/682
f 957/449/689 956/447/688 952/451/684
f 957/449/689 952/451/684 954/452/686
f 956/447/688 848/393/582 856/397/590
f 956/447/688 856/397/590 952/451/684
f 959/454/691 960/455/692 961/456/693
f 959/454/691 961/456/693 962/457/694
f 960/455/692 862/401/596 864/403/598
f 960/455/692 864/403/598 961/456/693
f 874/409/607 873/407/606 963/458/695
f 874/409/607 963/458/695 964/459/696
f 873/407/606 862/401/596 960/455/692
f 873/407/606 960/455/692 963/458/695
f 963/458/695 960/455/692 959/454/691
f 963/458/695 959/454/691 965/460/697
f 964/459/696 963/458/695 965/460/697
f 964/459/696 965/460/697 966/461/698
f 864/403/598 875/410/608 967/462/699
f 864/403/598 967/462/699 961/456/693
f 875/410/608 878/413/610 968/463/700
f 875/410/608 968/463/700 967/462/699
f 967/462/699 968/463/700 969/464/701
f 967/462/699 969/464/701 970/465/702
f 961/456/693 967/462/699 970/465/702
f 961/456/693 970/465/702 962/457/694
f 968/463/700 878/413/610 874/409/607
f 968/463/700 874/409/607 964/459/696
f 969/464/701 968/463/700 964/459/696
f 969/464/701 964/459/696 966/461/698
f 971/456/703 868/403/602 860/401/594
f 971/456/703 860/401/594 972/455/704
f 973/457/705 971/456/703 972/455/704
f 973/457/705 972/455/704 974/454/706
f 880/413/612 879/410/611 975/462/707
f 880/413/612 975/462/707 976/463/708
f 879/410/611 868/403/602 971/456/703
f 879/410/611 971/456/703 975/462/707
f 975/462/707 971/456/703 973/457/705
f 975/462/707 973/457/705 977/465/709
f 976/463/708 975/462/707 977/465/709
f 976/463/708 977/465/709 978/464/710
f 860/401/594 870/407/603 979/458/711
f 860/401/594 979/458/711 972/455/704
f 870/407/603 872/409/605 980/459/712
f 870/407/603 980/459/712 979/458/711
f 979/458/711 980/459/712 981/461/713
f 979/458/711 981/461/713 982/460/714
f 972/455/704 979/458/711 982/460/714
f 972/455/704 982/460/714 974/454/706
f 981/461/713 980/459/712 976/463/708
f 981/461/713 976/463/708 978/464/710
f 980/459/712 872/409/605 880/413/612
f 980/459/712 880/413/612 976/463/708
f 983/466/715 984/467/716 985/468/717
f 983/466/715 985/468/717 986/469/718
f 984/467/716 887/418/619 890/421/622
f 984/467/716 890/421/622 985/468/717
f 894/425/626 893/424/625 987/470/719
f 894/425/626 987/470/719 988/471/720
f 893/424/625 887/418/619 984/467/716
f 893/424/625 984/467/716 987/470/719
f 987/470/719 984/467/716 983/466/715
f 987/470/719 983/466/715 989/472/721
f 988/471/720 987/470/719 989/472/721
f 988/471/720 989/472/721 990/473/722
f 890/421/622 898/429/630 991/474/723
f 890/421/622 991/474/723 985/468/717
f 898/429/630 897/428/629 992/475/724
f 898/429/630 992/475/724 991/474/723
f 991/474/723 992/475/724 993/476/725
f 991/474/723 993/476/725 994/477/726
f 985/468/717 991/474/723 994/477/726
f 985/468/717 994/477/726 986/469/718
f 992/475/724 897/428/629 894/425/626
f 992/475/724 894/425/626 988/471/720
f 993/476/725 992/475/724 988/471/720
f 993/476/725 988/471/720 990/473/722
f 995/468/727 901/421/633 902/418/634
f 995/468/727 902/418/634 996/467/728
f 997/469/729 995/468/727 996/467/728
f 997/469/729 996/467/728 998/466/730
f 906/428/638 905/429/637 999/474/731
f 906/428/638 999/474/731 1000/475/732
f 905/429/637 901/421/633 995/468/727
f 905/429/637 995/468/727 999/474/731
f 999/474/731 995/468/727 997/469/729
f 999/474/731 997/469/729 1001/477/733
f 1000/475/732 999/474/731 1001/477/733
f 1000/475/732 1001/477/733 1002/476/734
f 902/418/634 910/424/642 1003/470/735
f 902/418/634 1003/470/735 996/467/728
f 910/424/642 909/425/641 1004/471/736
f 910/424/642 1004/471/736 1003/470/735
f 1003/470/735 1004/471/736 1005/473/737
f 1003/470/735 1005/473/737 1006/472/738
f 996/467/728 1003/470/735 1006/472/738
f 996/467/728 1006/472/738 998/466/730
f 1005/473/737 1004/471/736 1000/475/732
f 1005/473/737 1000/475/732 1002/476/734
f 1004/471/736 909/425/641 906/428/638
f 1004/471/736 906/428/638 1000/475/732
f 1007/478/739 1008/479/740 1009/480/741
f 1007/478/739 1009/480/741 1010/481/742
f 1008/479/740 911/430/643 914/433/646
f 1008/479/740 914/433/646 1009/480/741
f 918/437/650 917/436/649 1011/482/743
f 918/437/650 1011/482/743 1012/483/744
f 917/436/649 911/430/643 1008/479/740
f 917/436/649 1008/479/740 1011/482/743
f 1011/482/743 1008/479/740 1007/478/739
f 1011/482/743 1007/478/739 1013/484/745
f 1012/483/744 1011/482/743 1013/484/745
f 1012/483/744 1013/484/745 1014/485/746
f 914/433/646 922/441/654 1015/486/747
f 914/433/646 1015/486/747 1009/480/741
f 922/441/654 921/440/653 1016/487/748
f 922/441/654 1016/487/748 1015/486/747
f 1015/486/747 1016/487/748 1017/488/749
f 1015/486/747 1017/488/749 1018/489/750
f 1009/480/741 1015/486/747 1018/489/750
f 1009/480/741 1018/489/750 1010/481/742
f 1016/487/748 921/440/653 918/437/650
f 1016/487/748 918/437/650 1012/483/744
f 1017/488/749 1016/487/748 1012/483/744
f 1017/488/749 1012/483/744 1014/485/746
f 1019/480/751 925/433/657 926/430/658
f 1019/480/751 926/430/658 1020/479/752
f 1021/481/753 1019/480/751 1020/479/752
f 1021/481/753 1020/479/752 1022/478/754
f 930/440/662 929/441/661 1023/486/755
f 930/440/662 1023/486/755 1024/487/756
f 929/441/661 925/433/657 1019/480/751
f 929/441/661 1019/480/751 1023/486/755
f 1023/486/755 1019/480/751 1021/481/753
f 1023/486/755 1021/481/753 1025/489/757
f 1024/487/756 1023/486/755 1025/489/757
f 1024/487/756 1025/489/757 1026/488/758
f 926/430/658 934/436/666 1027/482/759
f 926/430/658 1027/482/759 1020/479/752
f 934/436/666 933/437/665 1028/483/760
f 934/436/666 1028/483/760 1027/482/759
f 1027/482/759 1028/483/760 1029/485/761
f 1027/482/759 1029/485/761 1030/484/762
f 1020/479/752 1027/482/759 1030/484/762
f 1020/479/752 1030/484/762 1022/478/754
f 1029/485/761 1028/483/760 1024/487/756
f 1029/485/761 1024/487/756 1026/488/758
f 1028/483/760 933/437/665 930/440/662
f 1028/483/760 930/440/662 1024/487/756
f 1031/490/763 1032/491/764 1033/492/765
f 1031/490/763 1033/492/765 1034/493/766
f 1032/491/764 935/442/667 938/445/670
f 1032/491/764 938/445/670 1033/492/765
f 942/449/674 941/448/673 1035/494/767
f 942/449/674 1035/494/767 1036/495/768
f 941/448/673 935/442/667 1032/491/764
f 941/448/673 1032/491/764 1035/494/767
f 1035/494/767 1032/491/764 1031/490/763
f 1035/494/767 1031/490/763 1037/496/769
f 1036/495/768 1035/494/767 1037/496/769
f 1036/495/768 1037/496/769 1038/497/770
f 938/445/670 946/453/678 1039/498/771
f 938/445/670 1039/498/771 1033/492/765
f 946/453/678 945/452/677 1040/499/772
f 946/453/678 1040/499/772 1039/498/771
f 1039/498/771 1040/499/772 1041/500/773
f 1039/498/771 1041/500/773 1042/501/774
f 1033/492/765 1039/498/771 1042/501/774
f 1033/492/765 1042/501/774 1034/493/766
f 1040/499/772 945/452/677 942/449/674
f 1040/499/772 942/449/674 1036/495/768
f 1041/500/773 1040/499/772 1036/495/768
f 1041/500/773 1036/495/768 1038/497/770
f 1043/492/775 949/445/681 950/442/682
f 1043/492/775 950/442/682 1044/491/776
f 1045/493/777 1043/492/775 1044/491/776
f 1045/493/777 1044/491/776 1046/490/778
f 954/452/686 953/453/685 1047/498/779
f 954/452/686 1047/498/779 1048/499/780
f 953/453/685 949/445/681 1043/492/775
f 953/453/685 1043/492/775 1047/498/779
f 1047/498/779 1043/492/775 1045/493/777
f 1047/498/779 1045/493/777 1049/501/781
f 1048/499/780 1047/498/779 1049/501/781
f 1048/499/780 1049/501/781 1050/500/782
f 950/442/682 958/448/690 1051/494/783
f 950/442/682 1051/494/783 1044/491/776
f 958/448/690 957/449/689 1052/495/784
f 958/448/690 1052/495/784 1051/494/783
f 1051/494/783 1052/495/784 1053/497/785
f 1051/494/783 1053/497/785 1054/496/786
f 1044/491/776 1051/494/783 1054/496/786
f 1044/491/776 1054/496/786 1046/490/778
f 1053/497/785 1052/495/784 1048/499/780
f 1053/497/785 1048/499/780 1050/500/782
f 1052/495/784 957/449/689 954/452/686
f 1052/495/784 954/452/686 1048/499/780
f 1055/502/787 1056/503/788 1057/504/789
f 1055/502/787 1057/504/789 1058/505/790
f 1056/503/788 959/454/691 962/457/694
f 1056/503/788 962/457/694 1057/504/789
f 966/461/698 965/460/697 1059/506/791
f 966/461/698 1059/506/791 1060/507/792
f 965/460/697 959/454/691 1056/503/788
f 965/460/697 1056/503/788 1059/506/791
f 1059/506/791 1056/503/788 1055/502/787
f 1059/506/791 1055/502/787 1061/508/793
f 1060/507/792 1059/506/791 1061/508/793
f 1060/507/792 1061/508/793 1062/509/794
f 962/457/694 970/465/702 1063/510/795
f 962/457/694 1063/510/795 1057/504/789
f 970/465/702 969/464/701 1064/511/796
f 970/465/702 1064/511/796 1063/510/795
f 1063/510/795 1064/511/796 1065/512/797
f 1063/510/795 1065/512/797 1066/513/798
f 1057/504/789 1063/510/795 1066/513/798
f 1057/504/789 1066/513/798 1058/505/790
f 1064/511/796 969/464/701 966/461/698
f 1064/511/796 966/461/698 1060/507/792
f 1065/512/797 1064/511/796 1060/507/792
f 1065/512/797 1060/507/792 1062/509/794
f 1067/504/799 973/457/705 974/454/706
f 1067/504/799 974/454/706 1068/503/800
f 1069/505/801 1067/504/799 1068/503/800
f 1069/505/801 1068/503/800 1070/502/802
f 978/464/710 977/465/709 1071/510/803
f 978/464/710 1071/510/803 1072/511/804
f 977/465/709 973/457/705 1067/504/799
f 977/465/709 1067/504/799 1071/510/803
f 1071/510/803 1067/504/799 1069/505/801
f 1071/510/803 1069/505/801 1073/513/805
f 1072/511/804 1071/510/803 1073/513/805
f 1072/511/804 1073/513/805 1074/512/806
f 974/454/706 982/460/714 1075/506/807
f 974/454/706 1075/506/807 1068/503/800
f 982/460/714 981/461/713 1076/507/808
f 982/460/714 1076/507/808 1075/506/807
f 1075/506/807 1076/507/808 1077/509/809
f 1075/506/807 1077/509/809 1078/508/810
f 1068/503/800 1075/506/807 1078/508/810
f 1068/503/800 1078/508/810 1070/502/802
f 1077/509/809 1076/507/808 1072/511/804
f 1077/509/809 1072/511/804 1074/512/806
f 1076/507/808 981/461/713 978/464/710
f 1076/507/808 978/464/710 1072/511/804
f 1079/514/811 1080/515/812 1081/516/813
f 1079/514/811 1081/516/813 1082/517/814
f 1080/515/812 983/466/715 986/469/718
f 1080/515/812 986/469/718 1081/516/813
f 990/473/722 989/472/721 1083/518/815
f 990/473/722 1083/518/815 1084/519/816
f 989/472/721 983/466/715 1080/515/812
f 989/472/721 1080/515/812 1083/518/815
f 1083/518/815 1080/515/812 1079/514/811
f 1083/518/815 1079/514/811 1085/520/817
f 1084/519/816 1083/518/815 1085/520/817
f 1084/519/816 1085/520/817 1086/521/818
f 986/469/718 994/477/726 1087/522/819
f 986/469/718 1087/522/819 1081/516/813
f 994/477/726 993/476/725 1088/523/820
f 994/477/726 1088/523/820 1087/522/819
f 1087/522/819 1088/523/820 1089/524/821
f 1087/522/819 1089/524/821 1090/525/822
f 1081/516/813 1087/522/819 1090/525/822
f 1081/516/813 1090/525/822 1082/517/814
f 1088/523/820 993/476/725 990/473/722
f 1088/523/820 990/473/722 1084/519/816
f 1089/524/821 1088/523/820 1084/519/816
f 1089/524/821 1084/519/816 1086/521/818
f 1091/516/823 997/469/729 998/466/730
f 1091/516/823 998/466/730 1092/515/824
f 1093/517/825 1091/516/823 1092/515/824
f 1093/517/825 1092/515/824 1094/514/826
f 1002/476/734 1001/477/733 1095/522/827
f 1002/476/734 1095/522/827 1096/523/828
f 1001/477/733 997/469/729 1091/516/823
f 1001/477/733 1091/516/823 1095/522/827
f 1095/522/827 1091/516/823 1093/517/825
f 1095/522/827 1093/517/825 1097/525/829
f 1096/523/828 1095/522/827 1097/525/829
f 1096/523/828 1097/525/829 1098/524/830
f 998/466/730 1006/472/738 1099/518/831
f 998/466/730 1099/518/831 1092/515/824
f 1006/472/738 1005/473/737 1100/519/832
f 1006/472/738 1100/519/832 1099/518/831
f 1099/518/831 1100/519/832 1101/521/833
f 1099/518/831 1101/521/833 1102/520/834
f 1092/515/824 1099/518/831 1102/520/834
f 1092/515/824 1102/520/834 1094/514/826
f 1101/521/833 1100/519/832 1096/523/828
f 1101/521/833 1096/523/828 1098/524/830
f 1100/519/832 1005/473/737 1002/476/734
f 1100/519/832 1002/476/734 1096/523/828
f 1103/526/835 1104/527/836 1105/528/837
f 1103/526/835 1105/528/837 1106/529/838
f 1104/527/836 1007/478/739 1010/481/742
f 1104/527/836 1010/481/742 1105/528/837
f 1014/485/746 1013/484/745 1107/530/839
f 1014/485/746 1107/530/839 1108/531/840
f 1013/484/745 1007/478/739 1104/527/836
f 1013/484/745 1104/527/836 1107/530/839
f 1107/530/839 1104/527/836 1103/526/835
f 1107/530/839 1103/526/835 1109/532/841
f 1108/531/840 1107/530/839 1109/532/841
f 1108/531/840 1109/532/841 1110/533/842
f 1010/481/742 1018/489/750 1111/534/843
f 1010/481/742 1111/534/843 1105/528/837
f 1018/489/750 1017/488/749 1112/535/844
f 1018/489/750 1112/535/844 1111/534/843
f 1111/534/843 1112/535/844 1113/536/845
f 1111/534/843 1113/536/845 1114/537/846
f 1105/528/837 1111/534/843 1114/537/846
f 1105/528/837 1114/537/846 1106/529/838
f 1112/535/844 1017/488/749 1014/485/746
f 1112/535/844 1014/485/746 1108/531/840
f 1113/536/845 1112/535/844 1108/531/840
f 1113/536/845 1108/531/840 1110/533/842
f 1115/528/847 1021/481/753 1022/478/754
f 1115/528/847 1022/478/754 1116/527/848
f 1117/529/849 1115/528/847 1116/527/848
f 1117/529/849 1116/527/848 1118/526/850
f 1026/488/758 1025/489/757 1119/534/851
f 1026/488/758 1119/534/851 1120/535/852
f 1025/489/757 1021/481/753 1115/528/847
f 1025/489/757 1115/528/847 1119/534/851
f 1119/534/851 1115/528/847 1117/529/849
f 1119/534/851 1117/529/849 1121/537/853
f 1120/535/852 1119/534/851 1121/537/853
f 1120/535/852 1121/537/853 1122/536/854
f 1022/478/754 1030/484/762 1123/530/855
f 1022/478/754 1123/530/855 1116/527/848
f 1030/484/762 1029/485/761 1124/531/856
f 1030/484/762 1124/531/856 1123/530/855
f 1123/530/855 1124/531/856 1125/533/857
f 1123/530/855 1125/533/857 1126/532/858
f 1116/527/848 1123/530/855 1126/532/858
f 1116/527/848 1126/532/858 1118/526/850
f 1125/533/857 1124/531/856 1120/535/852
f 1125/533/857 1120/535/852 1122/536/854
f 1124/531/856 1029/485/761 1026/488/758
f 1124/531/856 1026/488/758 1120/535/852
f 1127/538/859 1128/539/860 1129/540/861
f 1127/538/859 1129/540/861 1130/541/862
f 1128/539/860 1031/490/763 1034/493/766
f 1128/539/860 1034/493/766 1129/540/861
f 1038/497/770 1037/496/769 1131/542/863
f 1038/497/770 1131/542/863 1132/543/864
f 1037/496/769 1031/490/763 1128/539/860
f 1037/496/769 1128/539/860 1131/542/863
f 1131/542/863 1128/539/860 1127/538/859
f 1131/542/863 1127/538/859 1133/544/865
f 1132/543/864 1131/542/863 1133/544/865
f 1132/543/864 1133/544/865 1134/545/866
f 1034/493/766 1042/501/774 1135/546/867
f 1034/493/766 1135/546/867 1129/540/861
f 1042/501/774 1041/500/773 1136/547/868
f 1042/501/774 1136/547/868 1135/546/867
f 1135/546/867 1136/547/868 1137/548/869
f 1135/546/867 1137/548/869 1138/549/870
f 1129/540/861 1135/546/867 1138/549/870
f 1129/540/861 1138/549/870 1130/541/862
f 1136/547/868 1041/500/773 1038/497/770
f 1136/547/868 1038/497/770 1132/543/864
f 1137/548/869 1136/547/868 1132/543/864
f 1137/548/869 1132/543/864 1134/545/866
f 1139/540/871 1045/493/777 1046/490/778
f 1139/540/871 1046/490/778 1140/539/872
f 1141/541/873 1139/540/871 1140/539/872
f 1141/541/873 1140/539/872 1142/538/874
f 1050/500/782 1049/501/781 1143/546/875
f 1050/500/782 1143/546/875 1144/547/876
f 1049/501/781 1045/493/777 1139/540/871
f 1049/501/781 1139/540/871 1143/546/875
f 1143/546/875 1139/540/871 1141/541/873
f 1143/546/875 1141/541/873 1145/549/877
f 1144/547/876 1143/546/875 1145/549/877
f 1144/547/876 1145/549/877 1146/548/878
f 1046/490/778 1054/496/786 1147/542/879
f 1046/490/778 1147/542/879 1140/539/872
f 1054/496/786 1053/497/785 1148/543/880
f 1054/496/786 1148/543/880 1147/542/879
f 1147/542/879 1148/543/880 1149/545/881
f 1147/542/879 1149/545/881 1150/544/882
f 1140/539/872 1147/542/879 1150/544/882
f 1140/539/872 1150/544/882 1142/538/874
f 1149/545/881 1148/543/880 1144/547/876
f 1149/545/881 1144/547/876 1146/548/878
f 1148/543/880 1053/497/785 1050/500/782
f 1148/543/880 1050/500/782 1144/547/876
f 1151/550/883 1152/551/884 1153/552/885
f 1151/550/883 1153/552/885 1154/553/886
f 1152/551/884 1055/502/787 1058/505/790
f 1152/551/884 1058/505/790 1153/552/885
f 1062/509/794 1061/508/793 1155/554/887
f 1062/509/794 1155/554/887 1156/555/888
f 1061/508/793 1055/502/787 1152/551/884
f 1061/508/793 1152/551/884 1155/554/887
f 1155/554/887 1152/551/884 1151/550/883
f 1155/554/887 1151/550/883 1157/556/889
f 1156/555/888 1155/554/887 1157/556/889
f 1156/555/888 1157/556/889 1158/557/890
f 1058/505/790 1066/513/798 1159/558/891
f 1058/505/790 1159/558/891 1153/552/885
f 1066/513/798 1065/512/797 1160/559/892
f 1066/513/798 1160/559/892 1159/558/891
f 1159/558/891 1160/559/892 1161/560/893
f 1159/558/891 1161/560/893 1162/561/894
f 1153/552/885 1159/558/891 1162/561/894
f 1153/552/885 1162/561/894 1154/553/886
f 1160/559/892 1065/512/797 1062/509/794
f 1160/559/892 1062/509/794 1156/555/888
f 1161/560/893 1160/559/892 1156/555/888
f 1161/560/893 1156/555/888 1158/557/890
f 1163/552/895 1069/505/801 1070/502/802
f 1163/552/895 1070/502/802 1164/551/896
f 1165/553/897 1163/552/895 1164/551/896
f 1165/553/897 1164/551/896 1166/550/898
f 1074/512/806 1073/513/805 1167/558/899
f 1074/512/806 1167/558/899 1168/559/900
f 1073/513/805 1069/505/801 1163/552/895
f 1073/513/805 1163/552/895 1167/558/899
f 1167/558/899 1163/552/895 1165/553/897
f 1167/558/899 1165/553/897 1169/561/901
f 1168/559/900 1167/558/899 1169/561/901
f 1168/559/900 1169/561/901 1170/560/902
f 1070/502/802 1078/508/810 1171/554/903
f 1070/502/802 1171/554/903 1164/551/896
f 1078/508/810 1077/509/809 1172/555/904
f 1078/508/810 1172/555/904 1171/554/903
f 1171/554/903 1172/555/904 1173/557/905
f 1171/554/903 1173/557/905 1174/556/906
f 1164/551/896 1171/554/903 1174/556/906
f 1164/551/896 1174/556/906 1166/550/898
f 1173/557/905 1172/555/904 1168/559/900
f 1173/557/905 1168/559/900 1170/560/902
f 1172/555/904 1077/509/809 1074/512/806
f 1172/555/904 1074/512/806 1168/559/900
f 1175/562/907 1176/563/908 1177/564/909
f 1175/562/907 1177/564/909 1178/565/910
f 1176/563/908 1079/514/811 1082/517/814
f 1176/563/908 1082/517/814 1177/564/909
f 1086/521/818 1085/520/817 1179/566/911
f 1086/521/818 1179/566/911 1180/567/912
f 1085/520/817 1079/514/811 1176/563/908
f 1085/520/817 1176/563/908 1179/566/911
f 1179/566/911 1176/563/908 1175/562/907
f 1179/566/911 1175/562/907 1181/568/913
f 1180/567/912 1179/566/911 1181/568/913
f 1180/567/912 1181/568/913 1182/569/914
f 1082/517/814 1090/525/822 1183/570/915
f 1082/517/814 1183/570/915 1177/564/909
f 1090/525/822 1089/524/821 1184/571/916
f 1090/525/822 1184/571/916 1183/570/915
f 1183/570/915 1184/571/916 1185/572/917
f 1183/570/915 1185/572/917 1186/573/918
f 1177/564/909 1183/570/915 1186/573/918
f 1177/564/909 1186/573/918 1178/565/910
f 1184/571/916 1089/524/821 1086/521/818
f 1184/571/916 1086/521/818 1180/567/912
f 1185/572/917 1184/571/916 1180/567/912
f 1185/572/917 1180/567/912 1182/569/914
f 1187/564/919 1093/517/825 1094/514/826
f 1187/564/919 1094/514/826 1188/563/920
f 1189/565/921 1187/564/919 1188/563/920
f 1189/565/921 1188/563/920 1190/562/922
f 1098/524/830 1097/525/829 1191/570/923
f 1098/524/830 1191/570/923 1192/571/924
f 1097/525/829 1093/517/825 1187/564/919
f 1097/525/829 1187/564/919 1191/570/923
f 1191/570/923 1187/564/919 1189/565/921
f 1191/570/923 1189/565/921 1193/573/925
f 1192/571/924 1191/570/923 1193/573/925
f 1192/571/924 1193/573/925 1194/572/926
f 1094/514/826 1102/520/834 1195/566/927
f 1094/514/826 1195/566/927 1188/563/920
f 1102/520/834 1101/521/833 1196/567/928
f 1102/520/834 1196/567/928 1195/566/927
f 1195/566/927 1196/567/928 1197/569/929
f 1195/566/927 1197/569/929 1198/568/930
f 1188/563/920 1195/566/927 1198/568/930
f 1188/563/920 1198/568/930 1190/562/922
f 1197/569/929 1196/567/928 1192/571/924
f 1197/569/929 1192/571/924 1194/572/926
f 1196/567/928 1101/521/833 1098/524/830
f 1196/567/928 1098/524/830 1192/571/924
f 1199/574/931 1200/575/932 1201/576/933
f 1199/574/931 1201/576/933 1202/577/934
f 1200/575/932 1103/526/835 1106/529/838
f 1200/575/932 1106/529/838 1201/576/933
f 1110/533/842 1109/532/841 1203/578/935
f 1110/533/842 1203/578/935 1204/579/936
f 1109/532/841 1103/526/835 1200/575/932
f 1109/532/841 1200/575/932 1203/578/935
f 1203/578/935 1200/575/932 1199/574/931
f 1203/578/935 1199/574/931 1205/580/937
f 1204/579/936 1203/578/935 1205/580/937
f 1204/579/936 1205/580/937 1206/581/938
f 1106/529/838 1114/537/846 1207/582/939
f 1106/529/838 1207/582/939 1201/576/933
f 1114/537/846 1113/536/845 1208/583/940
f 1114/537/846 1208/583/940 1207/582/939
f 1207/582/939 1208/583/940 1209/584/941
f 1207/582/939 1209/584/941 1210/585/942
f 1201/576/933 1207/582/939 1210/585/942
f 1201/576/933 1210/585/942 1202/577/934
f 1208/583/940 1113/536/845 1110/533/842
f 1208/583/940 1110/533/842 1204/579/936
f 1209/584/941 1208/583/940 1204/579/936
f 1209/584/941 1204/579/936 1206/581/938
f 1211/576/943 1117/529/849 1118/526/850
f 1211/576/943 1118/526/850 1212/575/944
f 1213/577/945 1211/576/943 1212/575/944
f 1213/577/945 1212/575/944 1214/574/946
f 1122/536/854 1121/537/853 1215/582/947
f 1122/536/854 1215/582/947 1216/583/948
f 1121/537/853 1117/529/849 1211/576/943
f 1121/537/853 1211/576/943 1215/582/947
f 1215/582/947 1211/576/943 1213/577/945
f 1215/582/947 1213/577/945 1217/585/949
f 1216/583/948 1215/582/947 1217/585/949
f 1216/583/948 1217/585/949 1218/584/950
f 1118/526/850 1126/532/858 1219/578/951
f 1118/526/850 1219/578/951 1212/575/944
f 1126/532/858 1125/533/857 1220/586/952
f 1126/532/858 1220/586/952 1219/578/951
f 1219/578/951 1220/586/952 1221/581/953
f 1219/578/951 1221/581/953 1222/580/954
f 1212/575/944 1219/578/951 1222/580/954
f 1212/575/944 1222/580/954 1214/574/946
f 1221/581/953 1220/586/952 1216/583/948
f 1221/581/953 1216/583/948 1218/584/950
f 1220/586/952 1125/533/857 1122/536/854
f 1220/586/952 1122/536/854 1216/583/948
f 1223/587/955 1224/588/956 1225/589/957
f 1223/587/955 1225/589/957 1226/590/958
f 1224/588/956 1127/538/859 1130/541/862
f 1224/588/956 1130/541/862 1225/589/957
f 1134/545/866 1133/544/865 1227/591/959
f 1134/545/866 1227/591/959 1228/592/960
f 1133/544/865 1127/538/859 1224/588/956
f 1133/544/865 1224/588/956 1227/591/959
f 1227/591/959 1224/588/956 1223/587/955
f 1227/591/959 1223/587/955 1229/593/961
f 1228/592/960 1227/591/959 1229/593/961
f 1228/592/960 1229/593/961 1230/594/962
f 1130/541/862 1138/549/870 1231/595/963
f 1130/541/862 1231/595/963 1225/589/957
f 1138/549/870 1137/548/869 1232/596/964
f 1138/549/870 1232/596/964 1231/595/963
f 1231/595/963 1232/596/964 1233/597/965
f 1231/595/963 1233/597/965 1234/598/966
f 1225/589/957 1231/595/963 1234/598/966
f 1225/589/957 1234/598/966 1226/590/958
f 1232/596/964 1137/548/869 1134/545/866
f 1232/596/964 1134/545/866 1228/592/960
f 1233/597/965 1232/596/964 1228/592/960
f 1233/597/965 1228/592/960 1230/594/962
f 1235/589/967 1141/541/873 1142/538/874
f 1235/589/967 1142/538/874 1236/588/968
f 1237/590/969 1235/589/967 1236/588/968
f 1237/590/969 1236/588/968 1238/587/970
f 1146/548/878 1145/549/877 1239/595/971
f 1146/548/878 1239/595/971 1240/596/972
f 1145/549/877 1141/541/873 1235/589/967
f 1145/549/877 1235/589/967 1239/595/971
f 1239/595/971 1235/589/967 1237/590/969
f 1239/595/971 1237/590/969 1241/598/973
f 1240/596/972 1239/595/971 1241/598/973
f 1240/596/972 1241/598/973 1242/597/974
f 1142/538/874 1150/544/882 1243/591/975
f 1142/538/874 1243/591/975 1236/588/968
f 1150/544/882 1149/545/881 1244/592/976
f 1150/544/882 1244/592/976 1243/591/975
f 1243/591/975 1244/592/976 1245/594/977
f 1243/591/975 1245/594/977 1246/593/978
f 1236/588/968 1243/591/975 1246/593/978
f 1236/588/968 1246/593/978 1238/587/970
f 1245/594/977 1244/592/976 1240/596/972
f 1245/594/977 1240/596/972 1242/597/974
f 1244/592/976 1149/545/881 1146/548/878
f 1244/592/976 1146/548/878 1240/596/972
f 1247/599/979 1248/600/980 1249/601/981
f 1247/599/979 1249/601/981 1250/602/982
f 1248/600/980 1151/550/883 1154/553/886
f 1248/600/980 1154/553/886 1249/601/981
f 1158/557/890 1157/556/889 1251/603/983
f 1158/557/890 1251/603/983 1252/604/984
f 1157/556/889 1151/550/883 1248/600/980
f 1157/556/889 1248/600/980 1251/603/983
f 1251/603/983 1248/600/980 1247/599/979
f 1251/603/983 1247/599/979 1253/605/985
f 1252/604/984 1251/603/983 1253/605/985
f 1252/604/984 1253/605/985 1254/606/986
f 1154/553/886 1162/561/894 1255/607/987
f 1154/553/886 1255/607/987 1249/601/981
f 1162/561/894 1161/560/893 1256/608/988
f 1162/561/894 1256/608/988 1255/607/987
f 1255/607/987 1256/608/988 1257/609/989
f 1255/607/987 1257/609/989 1258/610/990
f 1249/601/981 1255/607/987 1258/610/990
f 1249/601/981 1258/610/990 1250/602/982
f 1256/608/988 1161/560/893 1158/557/890
f 1256/608/988 1158/557/890 1252/604/984
f 1257/609/989 1256/608/988 1252/604/984
f 1257/609/989 1252/604/984 1254/606/986
f 1259/601/991 1165/553/897 1166/550/898
f 1259/601/991 1166/550/898 1260/600/992
f 1261/602/993 1259/601/991 1260/600/992
f 1261/602/993 1260/600/992 1262/599/994
f 1170/560/902 1169/561/901 1263/607/995
f 1170/560/902 1263/607/995 1264/608/996
f 1169/561/901 1165/553/897 1259/601/991
f 1169/561/901 1259/601/991 1263/607/995
f 1263/607/995 1259/601/991 1261/602/993
f 1263/607/995 1261/602/993 1265/610/997
f 1264/608/996 1263/607/995 1265/610/997
f 1264/608/996 1265/610/997 1266/609/998
f 1166/550/898 1174/556/906 1267/603/999
f 1166/550/898 1267/603/999 1260/600/992
f 1174/556/906 1173/557/905 1268/604/1000
f 1174/556/906 1268/604/1000 1267/603/999
f 1267/603/999 1268/604/1000 1269/606/1001
f 1267/603/999 1269/606/1001 1270/605/1002
f 1260/600/992 1267/603/999 1270/605/1002
f 1260/600/992 1270/605/1002 1262/599/994
f 1269/606/1001 1268/604/1000 1264/608/996
f 1269/606/1001 1264/608/996 1266/609/998
f 1268/604/1000 1173/557/905 1170/560/902
f 1268/604/1000 1170/560/902 1264/608/996
f 1178/565/910 1186/573/918 1271/611/1003
f 1178/565/910 1271/611/1003 1272/612/1004
f 1186/573/918 1185/572/917 1273/613/1005
f 1186/573/918 1273/613/1005 1271/611/1003
f 1271/611/1003 1273/613/1005 1194/572/926
f 1271/611/1003 1194/572/926 1193/573/925
f 1272/612/1004 1271/611/1003 1193/573/925
f 1272/612/1004 1193/573/925 1189/565/921
f 1197/569/929 1194/572/926 1273/613/1005
f 1197/569/929 1273/613/1005 1274/614/1006
f 1274/614/1006 1273/613/1005 1185/572/917
f 1274/614/1006 1185/572/917 1182/569/914
f 1182/569/914 1181/568/913 1275/615/1007
f 1182/569/914 1275/615/1007 1274/614/1006
f 1181/568/913 1175/562/907 1276/616/1008
f 1181/568/913 1276/616/1008 1275/615/1007
f 1275/615/1007 1276/616/1008 1190/562/922
f 1275/615/1007 1190/562/922 1198/568/930
f 1274/614/1006 1275/615/1007 1198/568/930
f 1274/614/1006 1198/568/930 1197/569/929
f 1250/602/982 1258/610/990 1277/617/1009
f 1250/602/982 1277/617/1009 1278/618/1010
f 1258/610/990 1257/609/989 1279/619/1011
f 1258/610/990 1279/619/1011 1277/617/1009
f 1277/617/1009 1279/619/1011 1266/609/998
f 1277/617/1009 1266/609/998 1265/610/997
f 1278/618/1010 1277/617/1009 1265/610/997
f 1278/618/1010 1265/610/997 1261/602/993
f 1254/606/986 1253/605/985 1280/620/1012
f 1254/606/986 1280/620/1012 1281/621/1013
f 1253/605/985 1247/599/979 1282/622/1014
f 1253/605/985 1282/622/1014 1280/620/1012
f 1280/620/1012 1282/622/1014 1262/599/994
f 1280/620/1012 1262/599/994 1270/605/1002
f 1281/621/1013 1280/620/1012 1270/605/1002
f 1281/621/1013 1270/605/1002 1269/606/1001
f 1226/590/958 1234/598/966 1283/623/1015
f 1226/590/958 1283/623/1015 1284/624/1016
f 1234/598/966 1233/597/965 1285/625/1017
f 1234/598/966 1285/625/1017 1283/623/1015
f 1283/623/1015 1285/625/1017 1242/597/974
f 1283/623/1015 1242/597/974 1241/598/973
f 1284/624/1016 1283/623/1015 1241/598/973
f 1284/624/1016 1241/598/973 1237/590/969
f 1230/594/962 1229/593/961 1286/626/1018
f 1230/594/962 1286/626/1018 1287/627/1019
f 1229/593/961 1223/587/955 1288/628/1020
f 1229/593/961 1288/628/1020 1286/626/1018
f 1286/626/1018 1288/628/1020 1238/587/970
f 1286/626/1018 1238/587/970 1246/593/978
f 1287/627/1019 1286/626/1018 1246/593/978
f 1287/627/1019 1246/593/978 1245/594/977
f 1202/577/934 1210/585/942 1289/629/1021
f 1202/577/934 1289/629/1021 1290/630/1022
f 1210/585/942 1209/584/941 1291/631/1023
f 1210/585/942 1291/631/1023 1289/629/1021
f 1289/629/1021 1291/631/1023 1218/584/950
f 1289/629/1021 1218/584/950 1217/585/949
f 1290/630/1022 1289/629/1021 1217/585/949
f 1290/630/1022 1217/585/949 1213/577/945
f 1206/581/938 1205/580/937 1292/632/1024
f 1206/581/938 1292/632/1024 1293/633/1025
f 1205/580/937 1199/574/931 1294/634/1026
f 1205/580/937 1294/634/1026 1292/632/1024
f 1292/632/1024 1294/634/1026 1214/574/946
f 1292/632/1024 1214/574/946 1222/580/954
f 1293/633/1025 1292/632/1024 1222/580/954
f 1293/633/1025 1222/580/954 1221/581/953
f 1213/577/945 1214/574/946 1294/634/1026
f 1213/577/945 1294/634/1026 1290/630/1022
f 1290/630/1022 1294/634/1026 1199/574/931
f 1290/630/1022 1199/574/931 1202/577/934
f 1257/609/989 1178/565/910 1272/612/1004
f 1257/609/989 1272/612/1004 1279/619/1011
f 1272/612/1004 1189/565/921 1266/609/998
f 1272/612/1004 1266/609/998 1279/619/1011
f 1269/606/1001 1266/609/998 1189/565/921
f 1269/606/1001 1189/565/921 1190/562/922
f 1269/606/1001 1190/562/922 1276/616/1008
f 1269/606/1001 1276/616/1008 1281/621/1013
f 1276/616/1008 1175/562/907 1254/606/986
f 1276/616/1008 1254/606/986 1281/621/1013
f 1257/609/989 1254/606/986 1175/562/907
f 1257/609/989 1175/562/907 1178/565/910
f 1230/594/962 1287/627/1019 1282/622/1014
f 1230/594/962 1282/622/1014 1247/599/979
f 1287/627/1019 1245/594/977 1262/599/994
f 1287/627/1019 1262/599/994 1282/622/1014
f 1261/602/993 1262/599/994 1245/594/977
f 1261/602/993 1245/594/977 1242/597/974
f 1261/602/993 1242/597/974 1285/625/1017
f 1261/602/993 1285/625/1017 1278/618/1010
f 1285/625/1017 1233/597/965 1250/602/982
f 1285/625/1017 1250/602/982 1278/618/1010
f 1230/594/962 1247/599/979 1250/602/982
f 1230/594/962 1250/602/982 1233/597/965
f 1206/581/938 1293/633/1025 1288/628/1020
f 1206/581/938 1288/628/1020 1223/587/955
f 1293/633/1025 1221/581/953 1238/587/970
f 1293/633/1025 1238/587/970 1288/628/1020
f 1237/590/969 1238/587/970 1221/581/953
f 1237/590/969 1221/581/953 1218/584/950
f 1237/590/969 1218/584/950 1291/631/1023
f 1237/590/969 1291/631/1023 1284/624/1016
f 1291/631/1023 1209/584/941 1226/590/958
f 1291/631/1023 1226/590/958 1284/624/1016
f 1206/581/938 1223/587/955 1226/590/958
f 1206/581/938 1226/590/958 1209/584/941
f 1295/635/1027 1296/636/1028 115/78/93
f 1295/635/1027 115/78/93 114/77/92
f 1296/636/1028 1297/635/1029 117/77/94
f 1296/636/1028 117/77/94 115/78/93
f 1297/635/1029 1298/637/1030 118/80/95
f 1297/635/1029 118/80/95 117/77/94
f 1298/637/1030 1299/638/1031 119/81/96
f 1298/637/1030 119/81/96 118/80/95
f 1299/638/1031 1300/639/1032 120/82/97
f 1299/638/1031 120/82/97 119/81/96
f 1300/639/1032 1301/638/1033 121/81/98
f 1300/639/1032 121/81/98 120/82/97
f 1301/638/1033 1302/637/1034 122/80/99
f 1301/638/1033 122/80/99 121/81/98
f 1302/637/1034 1295/635/1027 114/77/92
f 1302/637/1034 114/77/92 122/80/99
f 106/72/85 105/71/84 1303/640/1035
f 106/72/85 1303/640/1035 1304/641/1036
f 105/71/84 108/72/86 1305/641/1037
f 105/71/84 1305/641/1037 1303/640/1035
f 108/72/86 109/74/87 1306/642/1038
f 108/72/86 1306/642/1038 1305/641/1037
f 109/74/87 110/75/88 1307/643/1039
f 109/74/87 1307/643/1039 1306/642/1038
f 110/75/88 111/76/89 1308/644/1040
f 110/75/88 1308/644/1040 1307/643/1039
f 111/76/89 112/75/90 1309/643/1041
f 111/76/89 1309/643/1041 1308/644/1040
f 112/75/90 113/74/91 1310/642/1042
f 112/75/90 1310/642/1042 1309/643/1041
f 113/74/91 106/72/85 1304/641/1036
f 113/74/91 1304/641/1036 1310/642/1042
f 1311/645/1043 1312/646/1044 1313/647/1045
f 1311/645/1043 1313/647/1045 1314/648/1046
f 1312/646/1044 1315/645/1047 1316/648/1048
f 1312/646/1044 1316/648/1048 1313/647/1045
f 1315/645/1047 1317/649/1049 1318/650/1050
f 1315/645/1047 1318/650/1050 1316/648/1048
f 1317/649/1049 1319/651/1051 1320/652/1052
f 1317/649/1049 1320/652/1052 1318/650/1050
f 1319/651/1051 1321/653/1053 1322/654/1054
f 1319/651/1051 1322/654/1054 1320/652/1052
f 1321/653/1053 1323/651/1055 1324/652/1056
f 1321/653/1053 1324/652/1056 1322/654/1054
f 1323/651/1055 1325/649/1057 1326/650/1058
f 1323/651/1055 1326/650/1058 1324/652/1056
f 1325/649/1057 1311/645/1043 1314/648/1046
f 1325/649/1057 1314/648/1046 1326/650/1058
f 1304/641/1036 1303/640/1035 1312/646/1044
f 1304/641/1036 1312/646/1044 1311/645/1043
f 1296/636/1028 1295/635/1027 1314/648/1046
f 1296/636/1028 1314/648/1046 1313/647/1045
f 1303/640/1035 1305/641/1037 1315/645/1047
f 1303/640/1035 1315/645/1047 1312/646/1044
f 1297/635/1029 1296/636/1028 1313/647/1045
f 1297/635/1029 1313/647/1045 1316/648/1048
f 1305/641/1037 1306/642/1038 1317/649/1049
f 1305/641/1037 1317/649/1049 1315/645/1047
f 1298/637/1030 1297/635/1029 1316/648/1048
f 1298/637/1030 1316/648/1048 1318/650/1050
f 1306/642/1038 1307/643/1039 1319/651/1051
f 1306/642/1038 1319/651/1051 1317/649/1049
f 1299/638/1031 1298/637/1030 1318/650/1050
f 1299/638/1031 1318/650/1050 1320/652/1052
f 1307/643/1039 1308/644/1040 1321/653/1053
f 1307/643/1039 1321/653/1053 1319/651/1051
f 1300/639/1032 1299/638/1031 1320/652/1052
f 1300/639/1032 1320/652/1052 1322/654/1054
f 1308/644/1040 1309/643/1041 1323/651/1055
f 1308/644/1040 1323/651/1055 1321/653/1053
f 1301/638/1033 1300/639/1032 1322/654/1054
f 1301/638/1033 1322/654/1054 1324/652/1056
f 1309/643/1041 1310/642/1042 1325/649/1057
f 1309/643/1041 1325/649/1057 1323/651/1055
f 1302/637/1034 1301/638/1033 1324/652/1056
f 1302/637/1034 1324/652/1056 1326/650/1058
f 1310/642/1042 1304/641/1036 1311/645/1043
f 1310/642/1042 1311/645/1043 1325/649/1057
f 1295/635/1027 1302/637/1034 1326/650/1058
f 1295/635/1027 1326/650/1058 1314/648/1046
f 1327/655/1027 1328/656/1028 133/90/93
f 1327/655/1027 133/90/93 132/89/92
f 1328/656/1028 1329/655/1029 135/89/94
f 1328/656/1028 135/89/94 133/90/93
f 1329/655/1029 1330/657/1030 136/92/95
f 1329/655/1029 136/92/95 135/89/94
f 1330/657/1030 1331/658/1031 137/93/96
f 1330/657/1030 137/93/96 136/92/95
f 1331/658/1031 1332/659/1032 138/94/97
f 1331/658/1031 138/94/97 137/93/96
f 1332/659/1032 1333/658/1033 139/93/98
f 1332/659/1032 139/93/98 138/94/97
f 1333/658/1033 1334/657/1034 140/92/99
f 1333/658/1033 140/92/99 139/93/98
f 1334/657/1034 1327/655/1027 132/89/92
f 1334/657/1034 132/89/92 140/92/99
f 124/84/85 123/83/84 1335/660/1035
f 124/84/85 1335/660/1035 1336/661/1036
f 123/83/84 126/84/86 1337/661/1037
f 123/83/84 1337/661/1037 1335/660/1035
f 126/84/86 127/86/87 1338/662/1038
f 126/84/86 1338/662/1038 1337/661/1037
f 127/86/87 128/87/88 1339/663/1039
f 127/86/87 1339/663/1039 1338/662/1038
f 128/87/88 129/88/89 1340/664/1040
f 128/87/88 1340/664/1040 1339/663/1039
f 129/88/89 130/87/90 1341/663/1041
f 129/88/89 1341/663/1041 1340/664/1040
f 130/87/90 131/86/91 1342/662/1042
f 130/87/90 1342/662/1042 1341/663/1041
f 131/86/91 124/84/85 1336/661/1036
f 131/86/91 1336/661/1036 1342/662/1042
f 1343/665/1059 1344/666/1044 1345/667/1045
f 1343/665/1059 1345/667/1045 1346/668/1046
f 1344/666/1044 1347/665/1047 1348/668/1048
f 1344/666/1044 1348/668/1048 1345/667/1045
f 1347/665/1047 1349/669/1049 1350/670/1050
f 1347/665/1047 1350/670/1050 1348/668/1048
f 1349/669/1049 1351/671/1051 1352/672/1052
f 1349/669/1049 1352/672/1052 1350/670/1050
f 1351/671/1051 1353/673/1053 1354/674/1060
f 1351/671/1051 1354/674/1060 1352/672/1052
f 1353/673/1053 1355/671/1055 1356/672/1056
f 1353/673/1053 1356/672/1056 1354/674/1060
f 1355/671/1055 1357/669/1057 1358/670/1058
f 1355/671/1055 1358/670/1058 1356/672/1056
f 1357/669/1057 1343/665/1059 1346/668/1046
f 1357/669/1057 1346/668/1046 1358/670/1058
f 1336/661/1036 1335/660/1035 1344/666/1044
f 1336/661/1036 1344/666/1044 1343/665/1059
f 1328/656/1028 1327/655/1027 1346/668/1046
f 1328/656/1028 1346/668/1046 1345/667/1045
f 1335/660/1035 1337/661/1037 1347/665/1047
f 1335/660/1035 1347/665/1047 1344/666/1044
f 1329/655/1029 1328/656/1028 1345/667/1045
f 1329/655/1029 1345/667/1045 1348/668/1048
f 1337/661/1037 1338/662/1038 1349/669/1049
f 1337/661/1037 1349/669/1049 1347/665/1047
f 1330/657/1030 1329/655/1029 1348/668/1048
f 1330/657/1030 1348/668/1048 1350/670/1050
f 1338/662/1038 1339/663/1039 1351/671/1051
f 1338/662/1038 1351/671/1051 1349/669/1049
f 1331/658/1031 1330/657/1030 1350/670/1050
f 1331/658/1031 1350/670/1050 1352/672/1052
f 1339/663/1039 1340/664/1040 1353/673/1053
f 1339/663/1039 1353/673/1053 1351/671/1051
f 1332/659/1032 1331/658/1031 1352/672/1052
f 1332/659/1032 1352/672/1052 1354/674/1060
f 1340/664/1040 1341/663/1041 1355/671/1055
f 1340/664/1040 1355/671/1055 1353/673/1053
f 1333/658/1033 1332/659/1032 1354/674/1060
f 1333/658/1033 1354/674/1060 1356/672/1056
f 1341/663/1041 1342/662/1042 1357/669/1057
f 1341/663/1041 1357/669/1057 1355/671/1055
f 1334/657/1034 1333/658/1033 1356/672/1056
f 1334/657/1034 1356/672/1056 1358/670/1058
f 1342/662/1042 1336/661/1036 1343/665/1059
f 1342/662/1042 1343/665/1059 1357/669/1057
f 1327/655/1027 1334/657/1034 1358/670/1058
f 1327/655/1027 1358/670/1058 1346/668/1046
f 1359/675/1061 148/102/107 1360/676/1062
f 1359/675/1061 1360/676/1062 1361/677/1063
f 1362/678/1064 1363/679/1065 1364/680/1066
f 1362/678/1064 1364/680/1066 1365/681/1067
f 1364/680/1066 1363/679/1065 1366/682/1068
f 1364/680/1066 1366/682/1068 1367/683/1069
f 1368/684/1070 1369/685/1071 1370/686/1072
f 1368/684/1070 1370/686/1072 1371/687/1073
f 1370/686/1072 1369/685/1071 1363/679/1065
f 1370/686/1072 1363/679/1065 1362/678/1064
f 1363/679/1065 1369/685/1071 1372/688/1074
f 1363/679/1065 1372/688/1074 1366/682/1068
f 1372/688/1074 1369/685/1071 1368/684/1070
f 1372/688/1074 1368/684/1070 1373/689/1075
f 1371/687/1073 1370/686/1072 1374/690/1076
f 1371/687/1073 1374/690/1076 1375/691/1077
f 1374/690/1076 1370/686/1072 1362/678/1064
f 1374/690/1076 1362/678/1064 1376/692/1078
f 1376/692/1078 1362/678/1064 1365/681/1067
f 1376/692/1078 1365/681/1067 1377/693/1079
f 1378/694/1080 1379/695/1081 1380/696/1082
f 1378/694/1080 1380/696/1082 1381/697/1083
f 1380/696/1082 1379/695/1081 1382/698/1084
f 1380/696/1082 1382/698/1084 1383/699/1085
f 1384/700/1086 1385/701/1087 1386/702/1088
f 1384/700/1086 1386/702/1088 1387/703/1089
f 1386/702/1088 1385/701/1087 1379/695/1081
f 1386/702/1088 1379/695/1081 1378/694/1080
f 1379/695/1081 1385/701/1087 1388/704/1090
f 1379/695/1081 1388/704/1090 1382/698/1084
f 1388/704/1090 1385/701/1087 1384/700/1086
f 1388/704/1090 1384/700/1086 1389/705/1091
f 1390/706/1092 1391/707/1093 1392/708/1094
f 1390/706/1092 1392/708/1094 1393/709/1095
f 1392/708/1094 1391/707/1093 1394/710/1096
f 1392/708/1094 1394/710/1096 1395/711/1097
f 1394/710/1096 1391/707/1093 1386/702/1088
f 1394/710/1096 1386/702/1088 1378/694/1080
f 1386/702/1088 1391/707/1093 1390/706/1092
f 1386/702/1088 1390/706/1092 1387/703/1089
f 1395/711/1097 1394/710/1096 1396/712/1098
f 1395/711/1097 1396/712/1098 1397/713/1099
f 1396/712/1098 1394/710/1096 1378/694/1080
f 1396/712/1098 1378/694/1080 1381/697/1083
f 1398/714/1100 1395/711/1097 1397/713/1099
f 1398/714/1100 1397/713/1099 1399/715/1101
f 1393/709/1095 1392/708/1094 1400/716/1102
f 1393/709/1095 1400/716/1102 1401/717/1103
f 1400/716/1102 1392/708/1094 1395/711/1097
f 1400/716/1102 1395/711/1097 1398/714/1100
f 1402/718/1104 1403/719/1105 1404/720/1106
f 1402/718/1104 1404/720/1106 1405/721/1107
f 1404/720/1106 1403/719/1105 1406/722/1108
f 1404/720/1106 1406/722/1108 1407/723/1109
f 1406/722/1108 1403/719/1105 1400/716/1102
f 1406/722/1108 1400/716/1102 1398/714/1100
f 1400/716/1102 1403/719/1105 1402/718/1104
f 1400/716/1102 1402/718/1104 1401/717/1103
f 1407/723/1109 1406/722/1108 1408/724/1110
f 1407/723/1109 1408/724/1110 1409/725/1111
f 1408/724/1110 1406/722/1108 1398/714/1100
f 1408/724/1110 1398/714/1100 1399/715/1101
f 1410/726/1112 1407/723/1109 1409/725/1111
f 1410/726/1112 1409/725/1111 1411/727/1113
f 1405/721/1107 1404/720/1106 1412/728/1114
f 1405/721/1107 1412/728/1114 1413/729/1115
f 1412/728/1114 1404/720/1106 1407/723/1109
f 1412/728/1114 1407/723/1109 1410/726/1112
f 1414/730/1116 1415/731/1117 1416/732/1118
f 1414/730/1116 1416/732/1118 1417/733/1119
f 1416/732/1118 1415/731/1117 1418/734/1120
f 1416/732/1118 1418/734/1120 1419/735/1121
f 1418/734/1120 1415/731/1117 1412/728/1114
f 1418/734/1120 1412/728/1114 1410/726/1112
f 1412/728/1114 1415/731/1117 1414/730/1116
f 1412/728/1114 1414/730/1116 1413/729/1115
f 1419/735/1121 1418/734/1120 1420/736/1122
f 1419/735/1121 1420/736/1122 1421/737/1123
f 1420/736/1122 1418/734/1120 1410/726/1112
f 1420/736/1122 1410/726/1112 1411/727/1113
f 1422/738/1124 1423/739/1125 1419/735/1121
f 1422/738/1124 1419/735/1121 1421/737/1123
f 1423/739/1125 1424/740/1126 1416/732/1118
f 1423/739/1125 1416/732/1118 1419/735/1121
f 1416/732/1118 1424/740/1126 1425/741/1127
f 1416/732/1118 1425/741/1127 1417/733/1119
f 1426/742/1128 1427/743/1129 1428/744/1130
f 1426/742/1128 1428/744/1130 1429/745/1131
f 1428/744/1130 1427/743/1129 1430/746/1132
f 1428/744/1130 1430/746/1132 1431/747/1133
f 1430/746/1132 1427/743/1129 1424/740/1126
f 1430/746/1132 1424/740/1126 1423/739/1125
f 1424/740/1126 1427/743/1129 1426/742/1128
f 1424/740/1126 1426/742/1128 1425/741/1127
f 1431/747/1133 1430/746/1132 1432/748/1134
f 1431/747/1133 1432/748/1134 1433/749/1135
f 1432/748/1134 1430/746/1132 1423/739/1125
f 1432/748/1134 1423/739/1125 1422/738/1124
f 1434/750/1136 1435/751/1137 1431/747/1133
f 1434/750/1136 1431/747/1133 1433/749/1135
f 1435/751/1137 1436/752/1138 1428/744/1130
f 1435/751/1137 1428/744/1130 1431/747/1133
f 1428/744/1130 1436/752/1138 1437/753/1139
f 1428/744/1130 1437/753/1139 1429/745/1131
f 1438/754/1140 1439/755/1141 1436/752/1138
f 1438/754/1140 1436/752/1138 1435/751/1137
f 1436/752/1138 1439/755/1141 1440/756/1142
f 1436/752/1138 1440/756/1142 1437/753/1139
f 1441/757/1143 1438/754/1140 1435/751/1137
f 1441/757/1143 1435/751/1137 1434/750/1136
f 151/105/110 1442/758/1144 1443/759/1145
f 151/105/110 1443/759/1145 1444/760/1146
f 1443/759/1145 1442/758/1144 1438/754/1140
f 1443/759/1145 1438/754/1140 1441/757/1143
f 1445/761/1147 1446/762/1148 1447/763/1149
f 1445/761/1147 1447/763/1149 143/97/102
f 1447/763/1149 1446/762/1148 1442/758/1144
f 1447/763/1149 1442/758/1144 151/105/110
f 1442/758/1144 1446/762/1148 1439/755/1141
f 1442/758/1144 1439/755/1141 1438/754/1140
f 1439/755/1141 1446/762/1148 1445/761/1147
f 1439/755/1141 1445/761/1147 1440/756/1142
f 1448/764/1150 1449/765/1151 1450/766/1152
f 1448/764/1150 1450/766/1152 1451/767/1153
f 1452/768/1154 1453/769/1155 1454/770/1156
f 1452/768/1154 1454/770/1156 1455/771/1157
f 1454/770/1156 1453/769/1155 1449/765/1151
f 1454/770/1156 1449/765/1151 1448/764/1150
f 1360/676/1062 1456/772/1158 1457/773/1159
f 1360/676/1062 1457/773/1159 1361/677/1063
f 1457/773/1159 1456/772/1158 1458/774/1160
f 1457/773/1159 1458/774/1160 1459/775/1161
f 1459/775/1161 1458/774/1160 1444/760/1146
f 1459/775/1161 1444/760/1146 1460/776/1162
f 1461/777/1163 1462/778/1164 1463/779/1165
f 1461/777/1163 1463/779/1165 1464/780/1166
f 1463/779/1165 1462/778/1164 1459/775/1161
f 1463/779/1165 1459/775/1161 1460/776/1162
f 1465/781/1167 1466/782/1168 1467/783/1169
f 1465/781/1167 1467/783/1169 1468/784/1170
f 1467/783/1169 1466/782/1168 1462/778/1164
f 1467/783/1169 1462/778/1164 1461/777/1163
f 1462/778/1164 1466/782/1168 1457/773/1159
f 1462/778/1164 1457/773/1159 1459/775/1161
f 1457/773/1159 1466/782/1168 1465/781/1167
f 1457/773/1159 1465/781/1167 1361/677/1063
f 1444/760/1146 1443/759/1145 1469/785/1171
f 1444/760/1146 1469/785/1171 1460/776/1162
f 1469/785/1171 1443/759/1145 1441/757/1143
f 1469/785/1171 1441/757/1143 1470/786/1172
f 1470/786/1172 1441/757/1143 1434/750/1136
f 1470/786/1172 1434/750/1136 1433/749/1135
f 1471/787/1173 1472/788/1174 1432/748/1134
f 1471/787/1173 1432/748/1134 1422/738/1124
f 1432/748/1134 1472/788/1174 1470/786/1172
f 1432/748/1134 1470/786/1172 1433/749/1135
f 1463/779/1165 1473/789/1175 1474/790/1176
f 1463/779/1165 1474/790/1176 1464/780/1166
f 1474/790/1176 1473/789/1175 1472/788/1174
f 1474/790/1176 1472/788/1174 1471/787/1173
f 1472/788/1174 1473/789/1175 1469/785/1171
f 1472/788/1174 1469/785/1171 1470/786/1172
f 1469/785/1171 1473/789/1175 1463/779/1165
f 1469/785/1171 1463/779/1165 1460/776/1162
f 1464/780/1166 1474/790/1176 1475/791/1177
f 1464/780/1166 1475/791/1177 1476/792/1178
f 1475/791/1177 1474/790/1176 1471/787/1173
f 1475/791/1177 1471/787/1173 1477/793/1179
f 1477/793/1179 1471/787/1173 1422/738/1124
f 1477/793/1179 1422/738/1124 1421/737/1123
f 1409/725/1111 1478/794/1180 1420/736/1122
f 1409/725/1111 1420/736/1122 1411/727/1113
f 1420/736/1122 1478/794/1180 1477/793/1179
f 1420/736/1122 1477/793/1179 1421/737/1123
f 1479/795/1181 1480/796/1182 1408/724/1110
f 1479/795/1181 1408/724/1110 1399/715/1101
f 1408/724/1110 1480/796/1182 1478/794/1180
f 1408/724/1110 1478/794/1180 1409/725/1111
f 1478/794/1180 1480/796/1182 1475/791/1177
f 1478/794/1180 1475/791/1177 1477/793/1179
f 1475/791/1177 1480/796/1182 1479/795/1181
f 1475/791/1177 1479/795/1181 1476/792/1178
f 1468/784/1170 1467/783/1169 1481/797/1183
f 1468/784/1170 1481/797/1183 1383/699/1085
f 1481/797/1183 1467/783/1169 1461/777/1163
f 1481/797/1183 1461/777/1163 1482/798/1184
f 1482/798/1184 1461/777/1163 1464/780/1166
f 1482/798/1184 1464/780/1166 1476/792/1178
f 1397/713/1099 1483/799/1185 1479/795/1181
f 1397/713/1099 1479/795/1181 1399/715/1101
f 1479/795/1181 1483/799/1185 1482/798/1184
f 1479/795/1181 1482/798/1184 1476/792/1178
f 1380/696/1082 1484/800/1186 1396/712/1098
f 1380/696/1082 1396/712/1098 1381/697/1083
f 1396/712/1098 1484/800/1186 1483/799/1185
f 1396/712/1098 1483/799/1185 1397/713/1099
f 1483/799/1185 1484/800/1186 1481/797/1183
f 1483/799/1185 1481/797/1183 1482/798/1184
f 1481/797/1183 1484/800/1186 1380/696/1082
f 1481/797/1183 1380/696/1082 1383/699/1085
f 1485/801/1187 1486/802/1188 1359/675/1061
f 1485/801/1187 1359/675/1061 1361/677/1063
f 1487/803/1189 1488/804/1190 1465/781/1167
f 1487/803/1189 1465/781/1167 1468/784/1170
f 1465/781/1167 1488/804/1190 1485/801/1187
f 1465/781/1167 1485/801/1187 1361/677/1063
f 1489/805/1191 1490/806/1192 1491/807/1193
f 1489/805/1191 1491/807/1193 1492/808/1194
f 1491/807/1193 1490/806/1192 1493/809/1195
f 1491/807/1193 1493/809/1195 1494/810/1196
f 1493/809/1195 1490/806/1192 1495/811/1197
f 1493/809/1195 1495/811/1197 1496/812/1198
f 1495/811/1197 1490/806/1192 1489/805/1191
f 1495/811/1197 1489/805/1191 1497/813/1199
f 1498/814/1200 1499/815/1201 1388/704/1090
f 1498/814/1200 1388/704/1090 1389/705/1091
f 1388/704/1090 1499/815/1201 1500/816/1202
f 1388/704/1090 1500/816/1202 1382/698/1084
f 1501/817/1203 1502/818/1204 1498/814/1200
f 1501/817/1203 1498/814/1200 1389/705/1091
f 1503/819/1205 1487/803/1189 1468/784/1170
f 1503/819/1205 1468/784/1170 1383/699/1085
f 1382/698/1084 1500/816/1202 1503/819/1205
f 1382/698/1084 1503/819/1205 1383/699/1085
f 1504/820/1206 1367/683/1069 1366/682/1068
f 1504/820/1206 1366/682/1068 1505/821/1207
f 1504/820/1206 1506/822/1208 1364/680/1066
f 1504/820/1206 1364/680/1066 1367/683/1069
f 1507/823/1189 1365/681/1067 1364/680/1066
f 1507/823/1189 1364/680/1066 1506/822/1208
f 1373/689/1075 1508/824/1209 1509/825/1210
f 1373/689/1075 1509/825/1210 1372/688/1074
f 1366/682/1068 1372/688/1074 1509/825/1210
f 1366/682/1068 1509/825/1210 1505/821/1207
f 1371/687/1073 1510/826/1211 1511/827/1212
f 1371/687/1073 1511/827/1212 1368/684/1070
f 1373/689/1075 1368/684/1070 1511/827/1212
f 1373/689/1075 1511/827/1212 1508/824/1209
f 1512/828/1213 1375/691/1077 1374/690/1076
f 1512/828/1213 1374/690/1076 1513/829/1214
f 1376/692/1078 1514/830/1215 1513/829/1214
f 1376/692/1078 1513/829/1214 1374/690/1076
f 1512/828/1213 1510/826/1211 1371/687/1073
f 1512/828/1213 1371/687/1073 1375/691/1077
f 1515/831/1205 1377/693/1079 1365/681/1067
f 1515/831/1205 1365/681/1067 1507/823/1189
f 1515/831/1205 1514/830/1215 1376/692/1078
f 1515/831/1205 1376/692/1078 1377/693/1079
f 1516/832/1216 142/96/101 141/95/100
f 1516/832/1216 141/95/100 1517/833/1217
f 1458/774/1160 1518/834/1218 1519/835/1219
f 1458/774/1160 1519/835/1219 1444/760/1146
f 1519/835/1219 1518/834/1218 1448/764/1150
f 1519/835/1219 1448/764/1150 1451/767/1153
f 1450/766/1152 152/106/111 1519/835/1219
f 1450/766/1152 1519/835/1219 1451/767/1153
f 1519/835/1219 152/106/111 151/105/110
f 1519/835/1219 151/105/110 1444/760/1146
f 148/102/107 162/107/121 1520/836/1220
f 148/102/107 1520/836/1220 1360/676/1062
f 1520/836/1220 162/107/121 1452/768/1154
f 1520/836/1220 1452/768/1154 1455/771/1157
f 1456/772/1158 1521/837/1221 1518/834/1218
f 1456/772/1158 1518/834/1218 1458/774/1160
f 1518/834/1218 1521/837/1221 1454/770/1156
f 1518/834/1218 1454/770/1156 1448/764/1150
f 1454/770/1156 1521/837/1221 1520/836/1220
f 1454/770/1156 1520/836/1220 1455/771/1157
f 1520/836/1220 1521/837/1221 1456/772/1158
f 1520/836/1220 1456/772/1158 1360/676/1062
f 1522/838/1222 145/99/104 144/98/103
f 1522/838/1222 144/98/103 1523/839/1223
f 1524/840/1224 1525/841/1212 1526/842/1225
f 1524/840/1224 1526/842/1225 1527/843/1226
f 1526/842/1225 1525/841/1212 1528/844/1227
f 1526/842/1225 1528/844/1227 1529/845/1228
f 1528/844/1227 1525/841/1212 1502/818/1204
f 1528/844/1227 1502/818/1204 1501/817/1203
f 1530/846/1229 1531/847/1230 1524/840/1224
f 1530/846/1229 1524/840/1224 1527/843/1226
f 1486/802/1188 1531/847/1230 1532/848/1231
f 1486/802/1188 1532/848/1231 1359/675/1061
f 1532/848/1231 1531/847/1230 1530/846/1229
f 1532/848/1231 1530/846/1229 1533/849/1232
f 146/100/105 1534/850/1233 1535/851/1234
f 146/100/105 1535/851/1234 1536/852/1235
f 1535/851/1234 1534/850/1233 1532/848/1231
f 1535/851/1234 1532/848/1231 1533/849/1232
f 1532/848/1231 1534/850/1233 148/102/107
f 1532/848/1231 148/102/107 1359/675/1061
f 1494/810/1196 1527/843/1226 1526/842/1225
f 1494/810/1196 1526/842/1225 1491/807/1193
f 1492/808/1194 1491/807/1193 1526/842/1225
f 1492/808/1194 1526/842/1225 1529/845/1228
f 1496/812/1198 1533/849/1232 1530/846/1229
f 1496/812/1198 1530/846/1229 1493/809/1195
f 1494/810/1196 1493/809/1195 1530/846/1229
f 1494/810/1196 1530/846/1229 1527/843/1226
f 1536/852/1235 1535/851/1234 1495/811/1197
f 1536/852/1235 1495/811/1197 1497/813/1199
f 1496/812/1198 1495/811/1197 1535/851/1234
f 1496/812/1198 1535/851/1234 1533/849/1232
f 1537/853/1236 1452/768/1154 162/107/121
f 1537/853/1236 162/107/121 147/101/106
f 1538/854/1237 1453/769/1155 1452/768/1154
f 1538/854/1237 1452/768/1154 1537/853/1236
f 1539/855/1238 1449/765/1151 1453/769/1155
f 1539/855/1238 1453/769/1155 1538/854/1237
f 145/99/104 1540/856/1239 1534/850/1233
f 145/99/104 1534/850/1233 146/100/105
f 1534/850/1233 1540/856/1239 149/103/108
f 1534/850/1233 149/103/108 148/102/107
f 149/103/108 1540/856/1239 1541/857/1240
f 149/103/108 1541/857/1240 1542/858/1241
f 1541/857/1240 1540/856/1239 145/99/104
f 1541/857/1240 145/99/104 1522/838/1222
f 1543/859/1242 1544/860/1243 1541/857/1240
f 1543/859/1242 1541/857/1240 1522/838/1222
f 1541/857/1240 1544/860/1243 1545/861/1244
f 1541/857/1240 1545/861/1244 1542/858/1241
f 1545/861/1244 1544/860/1243 1546/862/1245
f 1545/861/1244 1546/862/1245 1547/863/1246
f 1546/862/1245 1544/860/1243 1543/859/1242
f 1546/862/1245 1543/859/1242 1548/864/1247
f 1547/863/1246 1546/862/1245 1549/865/1248
f 1547/863/1246 1549/865/1248 1550/866/1249
f 1549/865/1248 1546/862/1245 1548/864/1247
f 1549/865/1248 1548/864/1247 1517/833/1217
f 164/108/123 1551/867/1250 1447/763/1149
f 164/108/123 1447/763/1149 151/105/110
f 1447/763/1149 1551/867/1250 141/95/100
f 1447/763/1149 141/95/100 143/97/102
f 141/95/100 1551/867/1250 1549/865/1248
f 141/95/100 1549/865/1248 1517/833/1217
f 1549/865/1248 1551/867/1250 164/108/123
f 1549/865/1248 164/108/123 1550/866/1249
f 1516/832/1216 1517/833/1217 1548/864/1247
f 1516/832/1216 1548/864/1247 1552/868/1251
f 1523/839/1223 1553/869/1252 1543/859/1242
f 1523/839/1223 1543/859/1242 1522/838/1222
f 1552/868/1251 1548/864/1247 1543/859/1242
f 1552/868/1251 1543/859/1242 1553/869/1252
f 1542/858/1241 1537/853/1236 147/101/106
f 1542/858/1241 147/101/106 149/103/108
f 1538/854/1237 1537/853/1236 1542/858/1241
f 1538/854/1237 1542/858/1241 1545/861/1244
f 1547/863/1246 1539/855/1238 1538/854/1237
f 1547/863/1246 1538/854/1237 1545/861/1244
f 1550/866/1249 1554/870/1253 1539/855/1238
f 1550/866/1249 1539/855/1238 1547/863/1246
f 1539/855/1238 1554/870/1253 1450/766/1152
f 1539/855/1238 1450/766/1152 1449/765/1151
f 150/104/109 1554/870/1253 1550/866/1249
f 150/104/109 1550/866/1249 164/108/123
f 1554/870/1253 150/104/109 152/106/111
f 1554/870/1253 152/106/111 1450/766/1152
f 1555/675/1254 1556/677/1255 1557/676/1256
f 1555/675/1254 1557/676/1256 156/102/115
f 1558/678/1257 1559/681/1258 1560/680/1259
f 1558/678/1257 1560/680/1259 1561/871/1260
f 1560/680/1259 1562/683/1261 1563/682/1262
f 1560/680/1259 1563/682/1262 1561/871/1260
f 1564/684/1263 1565/687/1264 1566/686/1265
f 1564/684/1263 1566/686/1265 1567/685/1266
f 1566/686/1265 1558/678/1257 1561/871/1260
f 1566/686/1265 1561/871/1260 1567/685/1266
f 1561/871/1260 1563/682/1262 1568/688/1267
f 1561/871/1260 1568/688/1267 1567/685/1266
f 1568/688/1267 1569/689/1268 1564/684/1263
f 1568/688/1267 1564/684/1263 1567/685/1266
f 1565/687/1264 1570/691/1269 1571/690/1270
f 1565/687/1264 1571/690/1270 1566/686/1265
f 1571/690/1270 1572/692/1271 1558/678/1257
f 1571/690/1270 1558/678/1257 1566/686/1265
f 1572/692/1271 1573/693/1272 1559/681/1258
f 1572/692/1271 1559/681/1258 1558/678/1257
f 1574/694/1273 1575/697/1274 1576/696/1275
f 1574/694/1273 1576/696/1275 1577/695/1276
f 1576/696/1275 1578/699/1277 1579/698/1278
f 1576/696/1275 1579/698/1278 1577/695/1276
f 1384/700/1086 1387/703/1089 1580/702/1279
f 1384/700/1086 1580/702/1279 1581/701/1280
f 1580/702/1279 1574/694/1273 1577/695/1276
f 1580/702/1279 1577/695/1276 1581/701/1280
f 1577/695/1276 1579/698/1278 1582/704/1281
f 1577/695/1276 1582/704/1281 1581/701/1280
f 1582/704/1281 1389/705/1091 1384/700/1086
f 1582/704/1281 1384/700/1086 1581/701/1280
f 1390/706/1092 1393/709/1095 1583/708/1282
f 1390/706/1092 1583/708/1282 1584/707/1283
f 1583/708/1282 1585/711/1284 1586/710/1285
f 1583/708/1282 1586/710/1285 1584/707/1283
f 1586/710/1285 1574/694/1273 1580/702/1279
f 1586/710/1285 1580/702/1279 1584/707/1283
f 1580/702/1279 1387/703/1089 1390/706/1092
f 1580/702/1279 1390/706/1092 1584/707/1283
f 1585/711/1284 1587/713/1286 1588/712/1287
f 1585/711/1284 1588/712/1287 1586/710/1285
f 1588/712/1287 1575/697/1274 1574/694/1273
f 1588/712/1287 1574/694/1273 1586/710/1285
f 1589/714/1288 1590/715/1289 1587/713/1286
f 1589/714/1288 1587/713/1286 1585/711/1284
f 1393/709/1095 1401/717/1103 1591/716/1290
f 1393/709/1095 1591/716/1290 1583/708/1282
f 1591/716/1290 1589/714/1288 1585/711/1284
f 1591/716/1290 1585/711/1284 1583/708/1282
f 1402/718/1104 1405/721/1107 1592/720/1291
f 1402/718/1104 1592/720/1291 1593/719/1292
f 1592/720/1291 1594/723/1293 1595/722/1294
f 1592/720/1291 1595/722/1294 1593/719/1292
f 1595/722/1294 1589/714/1288 1591/716/1290
f 1595/722/1294 1591/716/1290 1593/719/1292
f 1591/716/1290 1401/717/1103 1402/718/1104
f 1591/716/1290 1402/718/1104 1593/719/1292
f 1594/723/1293 1596/725/1295 1597/724/1296
f 1594/723/1293 1597/724/1296 1595/722/1294
f 1597/724/1296 1590/715/1289 1589/714/1288
f 1597/724/1296 1589/714/1288 1595/722/1294
f 1598/726/1297 1599/727/1298 1596/725/1295
f 1598/726/1297 1596/725/1295 1594/723/1293
f 1405/721/1107 1413/729/1115 1600/728/1299
f 1405/721/1107 1600/728/1299 1592/720/1291
f 1600/728/1299 1598/726/1297 1594/723/1293
f 1600/728/1299 1594/723/1293 1592/720/1291
f 1414/730/1116 1417/733/1119 1601/732/1300
f 1414/730/1116 1601/732/1300 1602/731/1301
f 1601/732/1300 1603/735/1302 1604/734/1303
f 1601/732/1300 1604/734/1303 1602/731/1301
f 1604/734/1303 1598/726/1297 1600/728/1299
f 1604/734/1303 1600/728/1299 1602/731/1301
f 1600/728/1299 1413/729/1115 1414/730/1116
f 1600/728/1299 1414/730/1116 1602/731/1301
f 1603/735/1302 1605/737/1304 1606/736/1305
f 1603/735/1302 1606/736/1305 1604/734/1303
f 1606/736/1305 1599/727/1298 1598/726/1297
f 1606/736/1305 1598/726/1297 1604/734/1303
f 1607/738/1306 1605/737/1304 1603/735/1302
f 1607/738/1306 1603/735/1302 1608/739/1307
f 1608/739/1307 1603/735/1302 1601/732/1300
f 1608/739/1307 1601/732/1300 1609/740/1308
f 1601/732/1300 1417/733/1119 1425/741/1127
f 1601/732/1300 1425/741/1127 1609/740/1308
f 1426/742/1128 1429/745/1131 1610/744/1309
f 1426/742/1128 1610/744/1309 1611/743/1310
f 1610/744/1309 1612/747/1311 1613/746/1312
f 1610/744/1309 1613/746/1312 1611/743/1310
f 1613/746/1312 1608/739/1307 1609/740/1308
f 1613/746/1312 1609/740/1308 1611/743/1310
f 1609/740/1308 1425/741/1127 1426/742/1128
f 1609/740/1308 1426/742/1128 1611/743/1310
f 1612/747/1311 1614/749/1313 1615/748/1314
f 1612/747/1311 1615/748/1314 1613/746/1312
f 1615/748/1314 1607/738/1306 1608/739/1307
f 1615/748/1314 1608/739/1307 1613/746/1312
f 1616/750/1315 1614/749/1313 1612/747/1311
f 1616/750/1315 1612/747/1311 1617/751/1316
f 1617/751/1316 1612/747/1311 1610/744/1309
f 1617/751/1316 1610/744/1309 1618/752/1317
f 1610/744/1309 1429/745/1131 1437/753/1139
f 1610/744/1309 1437/753/1139 1618/752/1317
f 1619/754/1318 1617/751/1316 1618/752/1317
f 1619/754/1318 1618/752/1317 1620/755/1319
f 1618/752/1317 1437/753/1139 1440/756/1142
f 1618/752/1317 1440/756/1142 1620/755/1319
f 1621/757/1320 1616/750/1315 1617/751/1316
f 1621/757/1320 1617/751/1316 1619/754/1318
f 159/105/118 1622/760/1321 1623/759/1322
f 159/105/118 1623/759/1322 1624/758/1323
f 1623/759/1322 1621/757/1320 1619/754/1318
f 1623/759/1322 1619/754/1318 1624/758/1323
f 1445/761/1147 143/97/102 1625/763/1324
f 1445/761/1147 1625/763/1324 1626/762/1325
f 1625/763/1324 159/105/118 1624/758/1323
f 1625/763/1324 1624/758/1323 1626/762/1325
f 1624/758/1323 1619/754/1318 1620/755/1319
f 1624/758/1323 1620/755/1319 1626/762/1325
f 1620/755/1319 1440/756/1142 1445/761/1147
f 1620/755/1319 1445/761/1147 1626/762/1325
f 1627/764/1326 1628/767/1327 1629/766/1328
f 1627/764/1326 1629/766/1328 1630/765/1329
f 1631/768/1330 1632/771/1331 1633/770/1332
f 1631/768/1330 1633/770/1332 1634/769/1333
f 1633/770/1332 1627/764/1326 1630/765/1329
f 1633/770/1332 1630/765/1329 1634/769/1333
f 1557/676/1256 1556/677/1255 1635/773/1334
f 1557/676/1256 1635/773/1334 1636/772/1335
f 1635/773/1334 1637/775/1336 1638/774/1337
f 1635/773/1334 1638/774/1337 1636/772/1335
f 1637/775/1336 1639/776/1338 1622/760/1321
f 1637/775/1336 1622/760/1321 1638/774/1337
f 1640/777/1339 1641/780/1340 1642/779/1341
f 1640/777/1339 1642/779/1341 1643/778/1342
f 1642/779/1341 1639/776/1338 1637/775/1336
f 1642/779/1341 1637/775/1336 1643/778/1342
f 1644/781/1343 1645/784/1344 1646/783/1345
f 1644/781/1343 1646/783/1345 1647/782/1346
f 1646/783/1345 1640/777/1339 1643/778/1342
f 1646/783/1345 1643/778/1342 1647/782/1346
f 1643/778/1342 1637/775/1336 1635/773/1334
f 1643/778/1342 1635/773/1334 1647/782/1346
f 1635/773/1334 1556/677/1255 1644/781/1343
f 1635/773/1334 1644/781/1343 1647/782/1346
f 1622/760/1321 1639/776/1338 1648/785/1347
f 1622/760/1321 1648/785/1347 1623/759/1322
f 1648/785/1347 1649/786/1348 1621/757/1320
f 1648/785/1347 1621/757/1320 1623/759/1322
f 1649/786/1348 1614/749/1313 1616/750/1315
f 1649/786/1348 1616/750/1315 1621/757/1320
f 1650/787/1349 1607/738/1306 1615/748/1314
f 1650/787/1349 1615/748/1314 1651/788/1350
f 1615/748/1314 1614/749/1313 1649/786/1348
f 1615/748/1314 1649/786/1348 1651/788/1350
f 1642/779/1341 1641/780/1340 1652/790/1351
f 1642/779/1341 1652/790/1351 1653/789/1352
f 1652/790/1351 1650/787/1349 1651/788/1350
f 1652/790/1351 1651/788/1350 1653/789/1352
f 1651/788/1350 1649/786/1348 1648/785/1347
f 1651/788/1350 1648/785/1347 1653/789/1352
f 1648/785/1347 1639/776/1338 1642/779/1341
f 1648/785/1347 1642/779/1341 1653/789/1352
f 1641/780/1340 1654/792/1353 1655/791/1354
f 1641/780/1340 1655/791/1354 1652/790/1351
f 1655/791/1354 1656/793/1355 1650/787/1349
f 1655/791/1354 1650/787/1349 1652/790/1351
f 1656/793/1355 1605/737/1304 1607/738/1306
f 1656/793/1355 1607/738/1306 1650/787/1349
f 1596/725/1295 1599/727/1298 1606/736/1305
f 1596/725/1295 1606/736/1305 1657/794/1356
f 1606/736/1305 1605/737/1304 1656/793/1355
f 1606/736/1305 1656/793/1355 1657/794/1356
f 1658/795/1357 1590/715/1289 1597/724/1296
f 1658/795/1357 1597/724/1296 1659/796/1358
f 1597/724/1296 1596/725/1295 1657/794/1356
f 1597/724/1296 1657/794/1356 1659/796/1358
f 1657/794/1356 1656/793/1355 1655/791/1354
f 1657/794/1356 1655/791/1354 1659/796/1358
f 1655/791/1354 1654/792/1353 1658/795/1357
f 1655/791/1354 1658/795/1357 1659/796/1358
f 1645/784/1344 1578/699/1277 1660/797/1359
f 1645/784/1344 1660/797/1359 1646/783/1345
f 1660/797/1359 1661/798/1360 1640/777/1339
f 1660/797/1359 1640/777/1339 1646/783/1345
f 1661/798/1360 1654/792/1353 1641/780/1340
f 1661/798/1360 1641/780/1340 1640/777/1339
f 1587/713/1286 1590/715/1289 1658/795/1357
f 1587/713/1286 1658/795/1357 1662/799/1361
f 1658/795/1357 1654/792/1353 1661/798/1360
f 1658/795/1357 1661/798/1360 1662/799/1361
f 1576/696/1275 1575/697/1274 1588/712/1287
f 1576/696/1275 1588/712/1287 1663/800/1362
f 1588/712/1287 1587/713/1286 1662/799/1361
f 1588/712/1287 1662/799/1361 1663/800/1362
f 1662/799/1361 1661/798/1360 1660/797/1359
f 1662/799/1361 1660/797/1359 1663/800/1362
f 1660/797/1359 1578/699/1277 1576/696/1275
f 1660/797/1359 1576/696/1275 1663/800/1362
f 1664/801/1363 1556/677/1255 1555/675/1254
f 1664/801/1363 1555/675/1254 1665/802/1364
f 1666/803/1365 1645/784/1344 1644/781/1343
f 1666/803/1365 1644/781/1343 1667/804/1366
f 1644/781/1343 1556/677/1255 1664/801/1363
f 1644/781/1343 1664/801/1363 1667/804/1366
f 1489/805/1191 1492/808/1194 1668/807/1367
f 1489/805/1191 1668/807/1367 1669/806/1368
f 1668/807/1367 1670/810/1369 1671/809/1370
f 1668/807/1367 1671/809/1370 1669/806/1368
f 1671/809/1370 1672/812/1371 1673/811/1372
f 1671/809/1370 1673/811/1372 1669/806/1368
f 1673/811/1372 1497/813/1199 1489/805/1191
f 1673/811/1372 1489/805/1191 1669/806/1368
f 1674/814/1373 1389/705/1091 1582/704/1281
f 1674/814/1373 1582/704/1281 1675/815/1374
f 1582/704/1281 1579/698/1278 1676/816/1375
f 1582/704/1281 1676/816/1375 1675/815/1374
f 1501/817/1203 1389/705/1091 1674/814/1373
f 1501/817/1203 1674/814/1373 1677/818/1376
f 1678/819/1377 1578/699/1277 1645/784/1344
f 1678/819/1377 1645/784/1344 1666/803/1365
f 1579/698/1278 1578/699/1277 1678/819/1377
f 1579/698/1278 1678/819/1377 1676/816/1375
f 1679/820/1363 1680/821/1378 1563/682/1262
f 1679/820/1363 1563/682/1262 1562/683/1261
f 1679/820/1363 1562/683/1261 1560/680/1259
f 1679/820/1363 1560/680/1259 1681/822/1379
f 1682/823/1365 1681/822/1379 1560/680/1259
f 1682/823/1365 1560/680/1259 1559/681/1258
f 1569/689/1268 1568/688/1267 1683/825/1380
f 1569/689/1268 1683/825/1380 1684/824/1381
f 1563/682/1262 1680/821/1378 1683/825/1380
f 1563/682/1262 1683/825/1380 1568/688/1267
f 1565/687/1264 1564/684/1263 1685/827/1382
f 1565/687/1264 1685/827/1382 1686/826/1383
f 1569/689/1268 1684/824/1381 1685/827/1382
f 1569/689/1268 1685/827/1382 1564/684/1263
f 1687/828/1384 1688/829/1374 1571/690/1270
f 1687/828/1384 1571/690/1270 1570/691/1269
f 1572/692/1271 1571/690/1270 1688/829/1374
f 1572/692/1271 1688/829/1374 1689/830/1375
f 1687/828/1384 1570/691/1269 1565/687/1264
f 1687/828/1384 1565/687/1264 1686/826/1383
f 1690/831/1377 1682/823/1365 1559/681/1258
f 1690/831/1377 1559/681/1258 1573/693/1272
f 1690/831/1377 1573/693/1272 1572/692/1271
f 1690/831/1377 1572/692/1271 1689/830/1375
f 1516/832/1216 1691/833/1385 153/95/112
f 1516/832/1216 153/95/112 142/96/101
f 1638/774/1337 1622/760/1321 1692/835/1386
f 1638/774/1337 1692/835/1386 1693/834/1387
f 1692/835/1386 1628/767/1327 1627/764/1326
f 1692/835/1386 1627/764/1326 1693/834/1387
f 1629/766/1328 1628/767/1327 1692/835/1386
f 1629/766/1328 1692/835/1386 163/106/122
f 1692/835/1386 1622/760/1321 159/105/118
f 1692/835/1386 159/105/118 163/106/122
f 156/102/115 1557/676/1256 1694/836/1388
f 156/102/115 1694/836/1388 157/107/116
f 1694/836/1388 1632/771/1331 1631/768/1330
f 1694/836/1388 1631/768/1330 157/107/116
f 1636/772/1335 1638/774/1337 1693/834/1387
f 1636/772/1335 1693/834/1387 1695/837/1389
f 1693/834/1387 1627/764/1326 1633/770/1332
f 1693/834/1387 1633/770/1332 1695/837/1389
f 1633/770/1332 1632/771/1331 1694/836/1388
f 1633/770/1332 1694/836/1388 1695/837/1389
f 1694/836/1388 1557/676/1256 1636/772/1335
f 1694/836/1388 1636/772/1335 1695/837/1389
f 1696/838/1390 1523/839/1223 144/98/103
f 1696/838/1390 144/98/103 154/99/113
f 1697/840/1391 1698/843/1392 1699/842/1393
f 1697/840/1391 1699/842/1393 1700/841/1382
f 1699/842/1393 1529/845/1228 1528/844/1227
f 1699/842/1393 1528/844/1227 1700/841/1382
f 1528/844/1227 1501/817/1203 1677/818/1376
f 1528/844/1227 1677/818/1376 1700/841/1382
f 1701/846/1394 1698/843/1392 1697/840/1391
f 1701/846/1394 1697/840/1391 1702/847/1395
f 1665/802/1364 1555/675/1254 1703/848/1396
f 1665/802/1364 1703/848/1396 1702/847/1395
f 1703/848/1396 1704/849/1397 1701/846/1394
f 1703/848/1396 1701/846/1394 1702/847/1395
f 146/100/105 1536/852/1235 1705/851/1398
f 146/100/105 1705/851/1398 1706/850/1399
f 1705/851/1398 1704/849/1397 1703/848/1396
f 1705/851/1398 1703/848/1396 1706/850/1399
f 1703/848/1396 1555/675/1254 156/102/115
f 1703/848/1396 156/102/115 1706/850/1399
f 1670/810/1369 1668/807/1367 1699/842/1393
f 1670/810/1369 1699/842/1393 1698/843/1392
f 1492/808/1194 1529/845/1228 1699/842/1393
f 1492/808/1194 1699/842/1393 1668/807/1367
f 1672/812/1371 1671/809/1370 1701/846/1394
f 1672/812/1371 1701/846/1394 1704/849/1397
f 1670/810/1369 1698/843/1392 1701/846/1394
f 1670/810/1369 1701/846/1394 1671/809/1370
f 1536/852/1235 1497/813/1199 1673/811/1372
f 1536/852/1235 1673/811/1372 1705/851/1398
f 1672/812/1371 1704/849/1397 1705/851/1398
f 1672/812/1371 1705/851/1398 1673/811/1372
f 1707/853/1400 155/101/114 157/107/116
f 1707/853/1400 157/107/116 1631/768/1330
f 1708/854/1401 1707/853/1400 1631/768/1330
f 1708/854/1401 1631/768/1330 1634/769/1333
f 1709/855/1402 1708/854/1401 1634/769/1333
f 1709/855/1402 1634/769/1333 1630/765/1329
f 154/99/113 146/100/105 1706/850/1399
f 154/99/113 1706/850/1399 1710/856/1403
f 1706/850/1399 156/102/115 161/103/120
f 1706/850/1399 161/103/120 1710/856/1403
f 161/103/120 1711/858/1404 1712/857/1405
f 161/103/120 1712/857/1405 1710/856/1403
f 1712/857/1405 1696/838/1390 154/99/113
f 1712/857/1405 154/99/113 1710/856/1403
f 1713/859/1406 1696/838/1390 1712/857/1405
f 1713/859/1406 1712/857/1405 1714/860/1407
f 1712/857/1405 1711/858/1404 1715/861/1408
f 1712/857/1405 1715/861/1408 1714/860/1407
f 1715/861/1408 1716/863/1409 1717/862/1410
f 1715/861/1408 1717/862/1410 1714/860/1407
f 1717/862/1410 1718/864/1411 1713/859/1406
f 1717/862/1410 1713/859/1406 1714/860/1407
f 1716/863/1409 1719/866/1412 1720/865/1413
f 1716/863/1409 1720/865/1413 1717/862/1410
f 1720/865/1413 1691/833/1385 1718/864/1411
f 1720/865/1413 1718/864/1411 1717/862/1410
f 160/108/119 159/105/118 1625/763/1324
f 160/108/119 1625/763/1324 1721/867/1414
f 1625/763/1324 143/97/102 153/95/112
f 1625/763/1324 153/95/112 1721/867/1414
f 153/95/112 1691/833/1385 1720/865/1413
f 153/95/112 1720/865/1413 1721/867/1414
f 1720/865/1413 1719/866/1412 160/108/119
f 1720/865/1413 160/108/119 1721/867/1414
f 1516/832/1216 1552/868/1251 1718/864/1411
f 1516/832/1216 1718/864/1411 1691/833/1385
f 1523/839/1223 1696/838/1390 1713/859/1406
f 1523/839/1223 1713/859/1406 1553/869/1252
f 1552/868/1251 1553/869/1252 1713/859/1406
f 1552/868/1251 1713/859/1406 1718/864/1411
f 1711/858/1404 161/103/120 155/101/114
f 1711/858/1404 155/101/114 1707/853/1400
f 1708/854/1401 1715/861/1408 1711/858/1404
f 1708/854/1401 1711/858/1404 1707/853/1400
f 1716/863/1409 1715/861/1408 1708/854/1401
f 1716/863/1409 1708/854/1401 1709/855/1402
f 1719/866/1412 1716/863/1409 1709/855/1402
f 1719/866/1412 1709/855/1402 1722/870/1415
f 1709/855/1402 1630/765/1329 1629/766/1328
f 1709/855/1402 1629/766/1328 1722/870/1415
f 158/104/117 160/108/119 1719/866/1412
f 158/104/117 1719/866/1412 1722/870/1415
f 1722/870/1415 1629/766/1328 163/106/122
f 1722/870/1415 163/106/122 158/104/117
f 1723/872/1416 1724/873/1417 1725/874/1418
f 1723/872/1416 1725/874/1418 1726/875/1419
f 1724/873/1417 1727/876/1420 1728/877/1421
f 1724/873/1417 1728/877/1421 1725/874/1418
f 1727/876/1420 1729/878/1422 1730/879/1423
f 1727/876/1420 1730/879/1423 1728/877/1421
f 1729/878/1422 1731/876/1424 1732/877/1425
f 1729/878/1422 1732/877/1425 1730/879/1423
f 1731/876/1424 1733/873/1426 1734/874/1427
f 1731/876/1424 1734/874/1427 1732/877/1425
f 1733/873/1426 1735/872/1428 1736/875/1429
f 1733/873/1426 1736/875/1429 1734/874/1427
f 1735/872/1428 1737/880/1430 1738/881/1431
f 1735/872/1428 1738/881/1431 1736/875/1429
f 1737/880/1430 1723/872/1416 1726/875/1419
f 1737/880/1430 1726/875/1419 1738/881/1431
f 1726/875/1419 1725/874/1418 1739/882/1432
f 1726/875/1419 1739/882/1432 1740/883/1433
f 1725/874/1418 1728/877/1421 1741/884/1434
f 1725/874/1418 1741/884/1434 1739/882/1432
f 1728/877/1421 1730/879/1423 1742/885/1435
f 1728/877/1421 1742/885/1435 1741/884/1434
f 1730/879/1423 1732/877/1425 1743/884/1436
f 1730/879/1423 1743/884/1436 1742/885/1435
f 1732/877/1425 1734/874/1427 1744/882/1437
f 1732/877/1425 1744/882/1437 1743/884/1436
f 1734/874/1427 1736/875/1429 1745/883/1438
f 1734/874/1427 1745/883/1438 1744/882/1437
f 1736/875/1429 1738/881/1431 1746/886/1439
f 1736/875/1429 1746/886/1439 1745/883/1438
f 1738/881/1431 1726/875/1419 1740/883/1433
f 1738/881/1431 1740/883/1433 1746/886/1439
f 1740/883/1433 1739/882/1432 166/110/125
f 1740/883/1433 166/110/125 165/109/124
f 1739/882/1432 1741/884/1434 168/112/127
f 1739/882/1432 168/112/127 166/110/125
f 1741/884/1434 1742/885/1435 169/113/128
f 1741/884/1434 169/113/128 168/112/127
f 1742/885/1435 1743/884/1436 170/112/129
f 1742/885/1435 170/112/129 169/113/128
f 1743/884/1436 1744/882/1437 171/110/130
f 1743/884/1436 171/110/130 170/112/129
f 1744/882/1437 1745/883/1438 172/109/131
f 1744/882/1437 172/109/131 171/110/130
f 1745/883/1438 1746/886/1439 173/114/132
f 1745/883/1438 173/114/132 172/109/131
f 1746/886/1439 1740/883/1433 165/109/124
f 1746/886/1439 165/109/124 173/114/132
f 1747/887/1440 1748/888/1441 1749/889/1442
f 1747/887/1440 1749/889/1442 1750/890/1443
f 1748/888/1441 1751/891/1444 1752/892/1445
f 1748/888/1441 1752/892/1445 1749/889/1442
f 1751/891/1444 1753/893/1044 1754/894/1446
f 1751/891/1444 1754/894/1446 1752/892/1445
f 1753/893/1044 1755/891/1447 1756/892/1448
f 1753/893/1044 1756/892/1448 1754/894/1446
f 1755/891/1447 1757/888/1449 1758/889/1450
f 1755/891/1447 1758/889/1450 1756/892/1448
f 1757/888/1449 1759/887/1451 1760/890/1452
f 1757/888/1449 1760/890/1452 1758/889/1450
f 1759/887/1451 1761/895/1453 1762/896/1454
f 1759/887/1451 1762/896/1454 1760/890/1452
f 1761/895/1453 1747/887/1440 1750/890/1443
f 1761/895/1453 1750/890/1443 1762/896/1454
f 1750/890/1443 1749/889/1442 1763/897/1455
f 1750/890/1443 1763/897/1455 1764/898/1456
f 1749/889/1442 1752/892/1445 1765/899/1457
f 1749/889/1442 1765/899/1457 1763/897/1455
f 1752/892/1445 1754/894/1446 1766/900/1458
f 1752/892/1445 1766/900/1458 1765/899/1457
f 1754/894/1446 1756/892/1448 1767/899/1459
f 1754/894/1446 1767/899/1459 1766/900/1458
f 1756/892/1448 1758/889/1450 1768/897/1460
f 1756/892/1448 1768/897/1460 1767/899/1459
f 1758/889/1450 1760/890/1452 1769/898/1461
f 1758/889/1450 1769/898/1461 1768/897/1460
f 1760/890/1452 1762/896/1454 1770/901/1462
f 1760/890/1452 1770/901/1462 1769/898/1461
f 1762/896/1454 1750/890/1443 1764/898/1456
f 1762/896/1454 1764/898/1456 1770/901/1462
f 1764/898/1456 1763/897/1455 175/116/134
f 1764/898/1456 175/116/134 174/115/133
f 1763/897/1455 1765/899/1457 177/118/136
f 1763/897/1455 177/118/136 175/116/134
f 1765/899/1457 1766/900/1458 178/119/137
f 1765/899/1457 178/119/137 177/118/136
f 1766/900/1458 1767/899/1459 179/118/138
f 1766/900/1458 179/118/138 178/119/137
f 1767/899/1459 1768/897/1460 180/116/139
f 1767/899/1459 180/116/139 179/118/138
f 1768/897/1460 1769/898/1461 181/115/140
f 1768/897/1460 181/115/140 180/116/139
f 1769/898/1461 1770/901/1462 182/120/141
f 1769/898/1461 182/120/141 181/115/140
f 1770/901/1462 1764/898/1456 174/115/133
f 1770/901/1462 174/115/133 182/120/141
f 1724/873/1417 1723/872/1416 1771/902/1463
f 1724/873/1417 1771/902/1463 1772/903/1464
f 1723/872/1416 1737/880/1430 1773/904/1465
f 1723/872/1416 1773/904/1465 1771/902/1463
f 1737/880/1430 1735/872/1428 1774/902/1466
f 1737/880/1430 1774/902/1466 1773/904/1465
f 1735/872/1428 1733/873/1426 1775/903/1467
f 1735/872/1428 1775/903/1467 1774/902/1466
f 1733/873/1426 1731/876/1424 1776/905/1468
f 1733/873/1426 1776/905/1468 1775/903/1467
f 1731/876/1424 1729/878/1422 1777/906/1469
f 1731/876/1424 1777/906/1469 1776/905/1468
f 1729/878/1422 1727/876/1420 1778/905/1470
f 1729/878/1422 1778/905/1470 1777/906/1469
f 1727/876/1420 1724/873/1417 1772/903/1464
f 1727/876/1420 1772/903/1464 1778/905/1470
f 1778/905/1470 1772/903/1464 1779/907/1471
f 1778/905/1470 1779/907/1471 1780/908/1472
f 1777/906/1469 1778/905/1470 1780/908/1472
f 1777/906/1469 1780/908/1472 1781/909/1473
f 1776/905/1468 1777/906/1469 1781/909/1473
f 1776/905/1468 1781/909/1473 1782/908/1474
f 1775/903/1467 1776/905/1468 1782/908/1474
f 1775/903/1467 1782/908/1474 1783/907/1475
f 1774/902/1466 1775/903/1467 1783/907/1475
f 1774/902/1466 1783/907/1475 1784/910/1476
f 1773/904/1465 1774/902/1466 1784/910/1476
f 1773/904/1465 1784/910/1476 1785/911/1477
f 1771/902/1463 1773/904/1465 1785/911/1477
f 1771/902/1463 1785/911/1477 1786/910/1478
f 1772/903/1464 1771/902/1463 1786/910/1478
f 1772/903/1464 1786/910/1478 1779/907/1471
f 1780/908/1472 1779/907/1471 1748/888/1441
f 1780/908/1472 1748/888/1441 1747/887/1440
f 1781/909/1473 1780/908/1472 1747/887/1440
f 1781/909/1473 1747/887/1440 1761/895/1453
f 1782/908/1474 1781/909/1473 1761/895/1453
f 1782/908/1474 1761/895/1453 1759/887/1451
f 1783/907/1475 1782/908/1474 1759/887/1451
f 1783/907/1475 1759/887/1451 1757/888/1449
f 1784/910/1476 1783/907/1475 1757/888/1449
f 1784/910/1476 1757/888/1449 1755/891/1447
f 1785/911/1477 1784/910/1476 1755/891/1447
f 1785/911/1477 1755/891/1447 1753/893/1044
f 1786/910/1478 1785/911/1477 1753/893/1044
f 1786/910/1478 1753/893/1044 1751/891/1444
f 1779/907/1471 1786/910/1478 1751/891/1444
f 1779/907/1471 1751/891/1444 1748/888/1441
f 1787/912/1479 1788/913/1480 1789/914/1481
f 1787/912/1479 1789/914/1481 1790/915/1482
f 1788/913/1480 1791/912/1483 1792/915/1484
f 1788/913/1480 1792/915/1484 1789/914/1481
f 1791/912/1483 1793/916/1485 1794/917/1486
f 1791/912/1483 1794/917/1486 1792/915/1484
f 1793/916/1485 1795/918/1487 1796/919/1488
f 1793/916/1485 1796/919/1488 1794/917/1486
f 1795/918/1487 1797/920/1489 1798/921/1490
f 1795/918/1487 1798/921/1490 1796/919/1488
f 1797/920/1489 1799/918/1491 1800/919/1492
f 1797/920/1489 1800/919/1492 1798/921/1490
f 1799/918/1491 1801/916/1493 1802/917/1494
f 1799/918/1491 1802/917/1494 1800/919/1492
f 1801/916/1493 1787/912/1479 1790/915/1482
f 1801/916/1493 1790/915/1482 1802/917/1494
f 1790/915/1482 1789/914/1481 1803/922/1495
f 1790/915/1482 1803/922/1495 1804/923/1496
f 1789/914/1481 1792/915/1484 1805/923/1497
f 1789/914/1481 1805/923/1497 1803/922/1495
f 1792/915/1484 1794/917/1486 1806/924/1498
f 1792/915/1484 1806/924/1498 1805/923/1497
f 1794/917/1486 1796/919/1488 1807/925/1499
f 1794/917/1486 1807/925/1499 1806/924/1498
f 1796/919/1488 1798/921/1490 1808/926/1500
f 1796/919/1488 1808/926/1500 1807/925/1499
f 1798/921/1490 1800/919/1492 1809/925/1501
f 1798/921/1490 1809/925/1501 1808/926/1500
f 1800/919/1492 1802/917/1494 1810/924/1502
f 1800/919/1492 1810/924/1502 1809/925/1501
f 1802/917/1494 1790/915/1482 1804/923/1496
f 1802/917/1494 1804/923/1496 1810/924/1502
f 1804/923/1496 1803/922/1495 184/122/143
f 1804/923/1496 184/122/143 183/121/142
f 1803/922/1495 1805/923/1497 186/121/144
f 1803/922/1495 186/121/144 184/122/143
f 1805/923/1497 1806/924/1498 187/124/145
f 1805/923/1497 187/124/145 186/121/144
f 1806/924/1498 1807/925/1499 188/125/146
f 1806/924/1498 188/125/146 187/124/145
f 1807/925/1499 1808/926/1500 189/126/147
f 1807/925/1499 189/126/147 188/125/146
f 1808/926/1500 1809/925/1501 190/125/148
f 1808/926/1500 190/125/148 189/126/147
f 1809/925/1501 1810/924/1502 191/124/149
f 1809/925/1501 191/124/149 190/125/148
f 1810/924/1502 1804/923/1496 183/121/142
f 1810/924/1502 183/121/142 191/124/149
f 1811/927/1503 1812/928/1504 1813/929/1505
f 1811/927/1503 1813/929/1505 1814/930/1506
f 1812/928/1504 1815/927/1507 1816/930/1508
f 1812/928/1504 1816/930/1508 1813/929/1505
f 1815/927/1507 1817/931/1509 1818/932/1510
f 1815/927/1507 1818/932/1510 1816/930/1508
f 1817/931/1509 1819/933/1511 1820/934/1512
f 1817/931/1509 1820/934/1512 1818/932/1510
f 1819/933/1511 1821/935/1513 1822/936/1514
f 1819/933/1511 1822/936/1514 1820/934/1512
f 1821/935/1513 1823/933/1515 1824/934/1516
f 1821/935/1513 1824/934/1516 1822/936/1514
f 1823/933/1515 1825/931/1517 1826/932/1518
f 1823/933/1515 1826/932/1518 1824/934/1516
f 1825/931/1517 1811/927/1503 1814/930/1506
f 1825/931/1517 1814/930/1506 1826/932/1518
f 1814/930/1506 1813/929/1505 1827/937/1519
f 1814/930/1506 1827/937/1519 1828/938/1520
f 1813/929/1505 1816/930/1508 1829/938/1521
f 1813/929/1505 1829/938/1521 1827/937/1519
f 1816/930/1508 1818/932/1510 1830/939/1522
f 1816/930/1508 1830/939/1522 1829/938/1521
f 1818/932/1510 1820/934/1512 1831/940/1523
f 1818/932/1510 1831/940/1523 1830/939/1522
f 1820/934/1512 1822/936/1514 1832/941/1524
f 1820/934/1512 1832/941/1524 1831/940/1523
f 1822/936/1514 1824/934/1516 1833/940/1525
f 1822/936/1514 1833/940/1525 1832/941/1524
f 1824/934/1516 1826/932/1518 1834/939/1526
f 1824/934/1516 1834/939/1526 1833/940/1525
f 1826/932/1518 1814/930/1506 1828/938/1520
f 1826/932/1518 1828/938/1520 1834/939/1526
f 1828/938/1520 1827/937/1519 193/128/151
f 1828/938/1520 193/128/151 192/127/150
f 1827/937/1519 1829/938/1521 195/127/152
f 1827/937/1519 195/127/152 193/128/151
f 1829/938/1521 1830/939/1522 196/130/153
f 1829/938/1521 196/130/153 195/127/152
f 1830/939/1522 1831/940/1523 197/131/154
f 1830/939/1522 197/131/154 196/130/153
f 1831/940/1523 1832/941/1524 198/132/155
f 1831/940/1523 198/132/155 197/131/154
f 1832/941/1524 1833/940/1525 199/131/156
f 1832/941/1524 199/131/156 198/132/155
f 1833/940/1525 1834/939/1526 200/130/157
f 1833/940/1525 200/130/157 199/131/156
f 1834/939/1526 1828/938/1520 192/127/150
f 1834/939/1526 192/127/150 200/130/157
f 1788/913/1480 1787/912/1479 1835/942/1527
f 1788/913/1480 1835/942/1527 1836/943/1528
f 1787/912/1479 1801/916/1493 1837/944/1529
f 1787/912/1479 1837/944/1529 1835/942/1527
f 1801/916/1493 1799/918/1491 1838/945/1530
f 1801/916/1493 1838/945/1530 1837/944/1529
f 1799/918/1491 1797/920/1489 1839/946/1531
f 1799/918/1491 1839/946/1531 1838/945/1530
f 1797/920/1489 1795/918/1487 1840/945/1532
f 1797/920/1489 1840/945/1532 1839/946/1531
f 1795/918/1487 1793/916/1485 1841/944/1533
f 1795/918/1487 1841/944/1533 1840/945/1532
f 1793/916/1485 1791/912/1483 1842/942/1534
f 1793/916/1485 1842/942/1534 1841/944/1533
f 1791/912/1483 1788/913/1480 1836/943/1528
f 1791/912/1483 1836/943/1528 1842/942/1534
f 1842/942/1534 1836/943/1528 1843/947/535
f 1842/942/1534 1843/947/535 1844/948/536
f 1841/944/1533 1842/942/1534 1844/948/536
f 1841/944/1533 1844/948/536 1845/949/537
f 1840/945/1532 1841/944/1533 1845/949/537
f 1840/945/1532 1845/949/537 1846/950/538
f 1839/946/1531 1840/945/1532 1846/950/538
f 1839/946/1531 1846/950/538 1847/951/539
f 1838/945/1530 1839/946/1531 1847/951/539
f 1838/945/1530 1847/951/539 1848/950/540
f 1837/944/1529 1838/945/1530 1848/950/540
f 1837/944/1529 1848/950/540 1849/949/541
f 1835/942/1527 1837/944/1529 1849/949/541
f 1835/942/1527 1849/949/541 1850/948/542
f 1836/943/1528 1835/942/1527 1850/948/542
f 1836/943/1528 1850/948/542 1843/947/535
f 1844/948/536 1843/947/535 1812/928/1504
f 1844/948/536 1812/928/1504 1811/927/1503
f 1845/949/537 1844/948/536 1811/927/1503
f 1845/949/537 1811/927/1503 1825/931/1517
f 1846/950/538 1845/949/537 1825/931/1517
f 1846/950/538 1825/931/1517 1823/933/1515
f 1847/951/539 1846/950/538 1823/933/1515
f 1847/951/539 1823/933/1515 1821/935/1513
f 1848/950/540 1847/951/539 1821/935/1513
f 1848/950/540 1821/935/1513 1819/933/1511
f 1849/949/541 1848/950/540 1819/933/1511
f 1849/949/541 1819/933/1511 1817/931/1509
f 1850/948/542 1849/949/541 1817/931/1509
f 1850/948/542 1817/931/1509 1815/927/1507
f 1843/947/535 1850/948/542 1815/927/1507
f 1843/947/535 1815/927/1507 1812/928/1504
f 1851/952/1535 1852/953/1536 1853/954/586
f 1851/952/1535 1853/954/586 1854/955/1537
f 1852/953/1536 1855/952/1538 1856/955/1539
f 1852/953/1536 1856/955/1539 1853/954/586
f 1853/954/586 1856/955/1539 1857/956/1540
f 1853/954/586 1857/956/1540 1858/957/1541
f 1854/955/1537 1853/954/586 1858/957/1541
f 1854/955/1537 1858/957/1541 1859/956/1542
f 1859/956/1542 1858/957/1541 1860/958/1543
f 1859/956/1542 1860/958/1543 1861/959/1544
f 1858/957/1541 1857/956/1540 1862/959/1545
f 1858/957/1541 1862/959/1545 1860/958/1543
f 1860/958/1543 1862/959/1545 1863/960/1546
f 1860/958/1543 1863/960/1546 1864/961/1547
f 1861/959/1544 1860/958/1543 1864/961/1547
f 1861/959/1544 1864/961/1547 1865/960/1548
f 1865/960/1548 1864/961/1547 1866/962/579
f 1865/960/1548 1866/962/579 1867/963/1549
f 1864/961/1547 1863/960/1546 1868/963/1550
f 1864/961/1547 1868/963/1550 1866/962/579
f 1866/962/579 1868/963/1550 1869/964/1551
f 1866/962/579 1869/964/1551 1870/965/1552
f 1867/963/1549 1866/962/579 1870/965/1552
f 1867/963/1549 1870/965/1552 1871/964/1553
f 1871/964/1553 1870/965/1552 1872/966/1554
f 1871/964/1553 1872/966/1554 1873/967/1555
f 1870/965/1552 1869/964/1551 1874/967/1556
f 1870/965/1552 1874/967/1556 1872/966/1554
f 1872/966/1554 1874/967/1556 1855/952/1538
f 1872/966/1554 1855/952/1538 1852/953/1536
f 1873/967/1555 1872/966/1554 1852/953/1536
f 1873/967/1555 1852/953/1536 1851/952/1535
f 1855/952/1538 1874/967/1556 1875/968/1557
f 1855/952/1538 1875/968/1557 1856/955/1539
f 1874/967/1556 1869/964/1551 1868/963/1550
f 1874/967/1556 1868/963/1550 1875/968/1557
f 1875/968/1557 1868/963/1550 1863/960/1546
f 1875/968/1557 1863/960/1546 1862/959/1545
f 1856/955/1539 1875/968/1557 1862/959/1545
f 1856/955/1539 1862/959/1545 1857/956/1540
f 1871/964/1553 1873/967/1555 1876/968/1558
f 1871/964/1553 1876/968/1558 1867/963/1549
f 1873/967/1555 1851/952/1535 1854/955/1537
f 1873/967/1555 1854/955/1537 1876/968/1558
f 1876/968/1558 1854/955/1537 1859/956/1542
f 1876/968/1558 1859/956/1542 1861/959/1544
f 1867/963/1549 1876/968/1558 1861/959/1544
f 1867/963/1549 1861/959/1544 1865/960/1548
f 1877/969/1559 1878/970/1560 201/133/158
f 1877/969/1559 201/133/158 203/135/160
f 1878/970/1560 1879/971/1561 204/136/161
f 1878/970/1560 204/136/161 201/133/158
f 1879/971/1561 1880/972/1562 205/137/162
f 1879/971/1561 205/137/162 204/136/161
f 1880/972/1562 1881/971/1563 206/136/163
f 1880/972/1562 206/136/163 205/137/162
f 1881/971/1563 1882/970/1564 207/133/164
f 1881/971/1563 207/133/164 206/136/163
f 1882/970/1564 1883/969/1565 208/135/165
f 1882/970/1564 208/135/165 207/133/164
f 1883/969/1565 1884/973/1566 209/138/166
f 1883/969/1565 209/138/166 208/135/165
f 1884/973/1566 1877/969/1559 203/135/160
f 1884/973/1566 203/135/160 209/138/166
f 1885/974/1567 1886/975/1568 1887/976/1569
f 1885/974/1567 1887/976/1569 1888/977/1570
f 1889/978/1571 1890/979/1572 1886/975/1568
f 1889/978/1571 1886/975/1568 1885/974/1567
f 1891/980/1573 1892/981/1574 1890/979/1572
f 1891/980/1573 1890/979/1572 1889/978/1571
f 1893/978/1575 1894/979/1576 1892/981/1574
f 1893/978/1575 1892/981/1574 1891/980/1573
f 1895/974/1577 1896/975/1578 1894/979/1576
f 1895/974/1577 1894/979/1576 1893/978/1575
f 1897/977/1579 1898/982/1580 1896/975/1578
f 1897/977/1579 1896/975/1578 1895/974/1577
f 1899/983/1581 1900/984/1582 1898/982/1580
f 1899/983/1581 1898/982/1580 1897/977/1579
f 1888/977/1570 1887/976/1569 1900/984/1582
f 1888/977/1570 1900/984/1582 1899/983/1581
f 1886/975/1568 210/139/167 212/141/169
f 1886/975/1568 212/141/169 1887/976/1569
f 1890/979/1572 213/142/170 210/139/167
f 1890/979/1572 210/139/167 1886/975/1568
f 1892/981/1574 214/143/171 213/142/170
f 1892/981/1574 213/142/170 1890/979/1572
f 1894/979/1576 215/142/172 214/143/171
f 1894/979/1576 214/143/171 1892/981/1574
f 1896/975/1578 216/139/173 215/142/172
f 1896/975/1578 215/142/172 1894/979/1576
f 1898/982/1580 217/144/174 216/139/173
f 1898/982/1580 216/139/173 1896/975/1578
f 1900/984/1582 218/145/175 217/144/174
f 1900/984/1582 217/144/174 1898/982/1580
f 1887/976/1569 212/141/169 218/145/175
f 1887/976/1569 218/145/175 1900/984/1582
f 1885/974/1567 1878/970/1560 1877/969/1559
f 1885/974/1567 1877/969/1559 1889/978/1571
f 1877/969/1559 1884/973/1566 1891/980/1573
f 1877/969/1559 1891/980/1573 1889/978/1571
f 1884/973/1566 1883/969/1565 1893/978/1575
f 1884/973/1566 1893/978/1575 1891/980/1573
f 1883/969/1565 1882/970/1564 1895/974/1577
f 1883/969/1565 1895/974/1577 1893/978/1575
f 1882/970/1564 1881/971/1563 1897/977/1579
f 1882/970/1564 1897/977/1579 1895/974/1577
f 1881/971/1563 1880/972/1562 1899/983/1581
f 1881/971/1563 1899/983/1581 1897/977/1579
f 1880/972/1562 1879/971/1561 1888/977/1570
f 1880/972/1562 1888/977/1570 1899/983/1581
f 1879/971/1561 1878/970/1560 1885/974/1567
f 1879/971/1561 1885/974/1567 1888/977/1570
f 1901/985/1583 1902/986/1584 1903/987/1585
f 1901/985/1583 1903/987/1585 1904/988/1586
f 1902/986/1584 1905/989/1587 1906/990/1588
f 1902/986/1584 1906/990/1588 1903/987/1585
f 1903/987/1585 1906/990/1588 1907/991/1589
f 1903/987/1585 1907/991/1589 1908/992/1590
f 1904/988/1586 1903/987/1585 1908/992/1590
f 1904/988/1586 1908/992/1590 1909/993/1591
f 1910/994/1592 1911/995/1593 1912/996/1594
f 1910/994/1592 1912/996/1594 1913/997/1595
f 1911/995/1593 1914/998/1596 1915/999/1597
f 1911/995/1593 1915/999/1597 1912/996/1594
f 1912/996/1594 1915/999/1597 1916/1000/1598
f 1912/996/1594 1916/1000/1598 1917/1001/1599
f 1913/997/1595 1912/996/1594 1917/1001/1599
f 1913/997/1595 1917/1001/1599 1918/1002/1600
f 1919/1003/1601 1920/1004/1602 1921/1005/1603
f 1919/1003/1601 1921/1005/1603 1922/1006/1604
f 1920/1004/1602 1923/1007/1605 1924/1008/1606
f 1920/1004/1602 1924/1008/1606 1921/1005/1603
f 1921/1005/1603 1924/1008/1606 1925/1009/1607
f 1921/1005/1603 1925/1009/1607 1926/1010/1608
f 1922/1006/1604 1921/1005/1603 1926/1010/1608
f 1922/1006/1604 1926/1010/1608 1927/1011/1609
f 1907/991/1589 1928/1012/1610 1929/1013/1611
f 1907/991/1589 1929/1013/1611 1908/992/1590
f 1928/1012/1610 1910/994/1592 1913/997/1595
f 1928/1012/1610 1913/997/1595 1929/1013/1611
f 1929/1013/1611 1913/997/1595 1918/1002/1600
f 1929/1013/1611 1918/1002/1600 1930/1014/1612
f 1908/992/1590 1929/1013/1611 1930/1014/1612
f 1908/992/1590 1930/1014/1612 1909/993/1591
f 1918/1002/1600 1917/1001/1599 1931/1015/1613
f 1918/1002/1600 1931/1015/1613 1930/1014/1612
f 1917/1001/1599 1916/1000/1598 1932/1016/1614
f 1917/1001/1599 1932/1016/1614 1931/1015/1613
f 1931/1015/1613 1932/1016/1614 1901/985/1583
f 1931/1015/1613 1901/985/1583 1904/988/1586
f 1930/1014/1612 1931/1015/1613 1904/988/1586
f 1930/1014/1612 1904/988/1586 1909/993/1591
f 1933/1017/1615 1934/1018/1616 1935/1019/1617
f 1933/1017/1615 1935/1019/1617 1936/1020/1618
f 1934/1018/1616 1937/1021/1619 1938/1022/1620
f 1934/1018/1616 1938/1022/1620 1935/1019/1617
f 1935/1019/1617 1938/1022/1620 1939/1023/1621
f 1935/1019/1617 1939/1023/1621 1940/1024/1622
f 1936/1020/1618 1935/1019/1617 1940/1024/1622
f 1936/1020/1618 1940/1024/1622 1941/1025/1623
f 1914/998/1596 1942/1026/1624 1943/1027/1625
f 1914/998/1596 1943/1027/1625 1915/999/1597
f 1942/1026/1624 1937/1021/1619 1934/1018/1616
f 1942/1026/1624 1934/1018/1616 1943/1027/1625
f 1943/1027/1625 1934/1018/1616 1933/1017/1615
f 1943/1027/1625 1933/1017/1615 1944/1028/1626
f 1915/999/1597 1943/1027/1625 1944/1028/1626
f 1915/999/1597 1944/1028/1626 1916/1000/1598
f 1901/985/1583 1932/1016/1614 1945/1029/1627
f 1901/985/1583 1945/1029/1627 1946/1030/1628
f 1932/1016/1614 1916/1000/1598 1944/1028/1626
f 1932/1016/1614 1944/1028/1626 1945/1029/1627
f 1945/1029/1627 1944/1028/1626 1933/1017/1615
f 1945/1029/1627 1933/1017/1615 1936/1020/1618
f 1946/1030/1628 1945/1029/1627 1936/1020/1618
f 1946/1030/1628 1936/1020/1618 1941/1025/1623
f 1939/1023/1621 1947/1031/1629 1948/1032/1630
f 1939/1023/1621 1948/1032/1630 1940/1024/1622
f 1947/1031/1629 1905/989/1587 1902/986/1584
f 1947/1031/1629 1902/986/1584 1948/1032/1630
f 1948/1032/1630 1902/986/1584 1901/985/1583
f 1948/1032/1630 1901/985/1583 1946/1030/1628
f 1940/1024/1622 1948/1032/1630 1946/1030/1628
f 1940/1024/1622 1946/1030/1628 1941/1025/1623
f 1949/1033/1631 1950/1034/1632 1951/1035/1633
f 1949/1033/1631 1951/1035/1633 1952/1036/1634
f 1950/1034/1632 1923/1007/1605 1920/1004/1602
f 1950/1034/1632 1920/1004/1602 1951/1035/1633
f 1951/1035/1633 1920/1004/1602 1919/1003/1601
f 1951/1035/1633 1919/1003/1601 1953/1037/1635
f 1952/1036/1634 1951/1035/1633 1953/1037/1635
f 1952/1036/1634 1953/1037/1635 1954/1038/1636
f 1939/1023/1621 1938/1022/1620 1955/1039/1637
f 1939/1023/1621 1955/1039/1637 1956/1040/1638
f 1938/1022/1620 1937/1021/1619 1957/1041/1639
f 1938/1022/1620 1957/1041/1639 1955/1039/1637
f 1955/1039/1637 1957/1041/1639 1949/1033/1631
f 1955/1039/1637 1949/1033/1631 1952/1036/1634
f 1956/1040/1638 1955/1039/1637 1952/1036/1634
f 1956/1040/1638 1952/1036/1634 1954/1038/1636
f 1954/1038/1636 1953/1037/1635 1958/1042/1640
f 1954/1038/1636 1958/1042/1640 1956/1040/1638
f 1953/1037/1635 1919/1003/1601 1959/1043/1641
f 1953/1037/1635 1959/1043/1641 1958/1042/1640
f 1958/1042/1640 1959/1043/1641 1905/989/1587
f 1958/1042/1640 1905/989/1587 1947/1031/1629
f 1956/1040/1638 1958/1042/1640 1947/1031/1629
f 1956/1040/1638 1947/1031/1629 1939/1023/1621
f 1907/991/1589 1906/990/1588 1960/1044/1642
f 1907/991/1589 1960/1044/1642 1961/1045/1643
f 1906/990/1588 1905/989/1587 1959/1043/1641
f 1906/990/1588 1959/1043/1641 1960/1044/1642
f 1960/1044/1642 1959/1043/1641 1919/1003/1601
f 1960/1044/1642 1919/1003/1601 1922/1006/1604
f 1961/1045/1643 1960/1044/1642 1922/1006/1604
f 1961/1045/1643 1922/1006/1604 1927/1011/1609
f 1925/1009/1607 1962/1046/1644 1963/1047/1645
f 1925/1009/1607 1963/1047/1645 1926/1010/1608
f 1962/1046/1644 1910/994/1592 1928/1012/1610
f 1962/1046/1644 1928/1012/1610 1963/1047/1645
f 1963/1047/1645 1928/1012/1610 1907/991/1589
f 1963/1047/1645 1907/991/1589 1961/1045/1643
f 1926/1010/1608 1963/1047/1645 1961/1045/1643
f 1926/1010/1608 1961/1045/1643 1927/1011/1609
f 1923/1007/1605 1964/1048/1646 1965/1049/1647
f 1923/1007/1605 1965/1049/1647 1924/1008/1606
f 1964/1048/1646 1914/998/1596 1911/995/1593
f 1964/1048/1646 1911/995/1593 1965/1049/1647
f 1965/1049/1647 1911/995/1593 1910/994/1592
f 1965/1049/1647 1910/994/1592 1962/1046/1644
f 1924/1008/1606 1965/1049/1647 1962/1046/1644
f 1924/1008/1606 1962/1046/1644 1925/1009/1607
f 1949/1033/1631 1957/1041/1639 1966/1050/1648
f 1949/1033/1631 1966/1050/1648 1950/1034/1632
f 1957/1041/1639 1937/1021/1619 1942/1026/1624
f 1957/1041/1639 1942/1026/1624 1966/1050/1648
f 1966/1050/1648 1942/1026/1624 1914/998/1596
f 1966/1050/1648 1914/998/1596 1964/1048/1646
f 1950/1034/1632 1966/1050/1648 1964/1048/1646
f 1950/1034/1632 1964/1048/1646 1923/1007/1605
f 1967/1051/1649 1968/1052/1650 219/146/176
f 1967/1051/1649 219/146/176 221/148/177
f 1968/1052/1650 1969/1053/1651 222/149/178
f 1968/1052/1650 222/149/178 219/146/176
f 1969/1053/1651 1970/1054/1652 223/150/179
f 1969/1053/1651 223/150/179 222/149/178
f 1970/1054/1652 1971/1053/1653 224/149/180
f 1970/1054/1652 224/149/180 223/150/179
f 1971/1053/1653 1972/1052/1654 225/146/181
f 1971/1053/1653 225/146/181 224/149/180
f 1972/1052/1654 1973/1051/1655 226/148/182
f 1972/1052/1654 226/148/182 225/146/181
f 1973/1051/1655 1974/1055/1656 227/151/183
f 1973/1051/1655 227/151/183 226/148/182
f 1974/1055/1656 1967/1051/1649 221/148/177
f 1974/1055/1656 221/148/177 227/151/183
f 1975/1056/1657 228/152/184 230/154/186
f 1975/1056/1657 230/154/186 1976/1057/1658
f 1977/1058/1659 231/155/187 228/152/184
f 1977/1058/1659 228/152/184 1975/1056/1657
f 1978/1059/1660 232/156/188 231/155/187
f 1978/1059/1660 231/155/187 1977/1058/1659
f 1979/1058/1661 233/155/189 232/156/188
f 1979/1058/1661 232/156/188 1978/1059/1660
f 1980/1056/1662 234/152/190 233/155/189
f 1980/1056/1662 233/155/189 1979/1058/1661
f 1981/1057/1663 235/154/191 234/152/190
f 1981/1057/1663 234/152/190 1980/1056/1662
f 1982/1060/1664 236/157/192 235/154/191
f 1982/1060/1664 235/154/191 1981/1057/1663
f 1976/1057/1658 230/154/186 236/157/192
f 1976/1057/1658 236/157/192 1982/1060/1664
f 1983/1061/1665 1968/1052/1650 1967/1051/1649
f 1983/1061/1665 1967/1051/1649 1984/1062/1666
f 1967/1051/1649 1974/1055/1656 1985/1063/1667
f 1967/1051/1649 1985/1063/1667 1984/1062/1666
f 1974/1055/1656 1973/1051/1655 1986/1062/1668
f 1974/1055/1656 1986/1062/1668 1985/1063/1667
f 1973/1051/1655 1972/1052/1654 1987/1061/1669
f 1973/1051/1655 1987/1061/1669 1986/1062/1668
f 1972/1052/1654 1971/1053/1653 1988/1064/1670
f 1972/1052/1654 1988/1064/1670 1987/1061/1669
f 1971/1053/1653 1970/1054/1652 1989/1065/1671
f 1971/1053/1653 1989/1065/1671 1988/1064/1670
f 1970/1054/1652 1969/1053/1651 1990/1064/1672
f 1970/1054/1652 1990/1064/1672 1989/1065/1671
f 1969/1053/1651 1968/1052/1650 1983/1061/1665
f 1969/1053/1651 1983/1061/1665 1990/1064/1672
f 1990/1064/1672 1983/1061/1665 1975/1056/1657
f 1990/1064/1672 1975/1056/1657 1976/1057/1658
f 1989/1065/1671 1990/1064/1672 1976/1057/1658
f 1989/1065/1671 1976/1057/1658 1982/1060/1664
f 1988/1064/1670 1989/1065/1671 1982/1060/1664
f 1988/1064/1670 1982/1060/1664 1981/1057/1663
f 1987/1061/1669 1988/1064/1670 1981/1057/1663
f 1987/1061/1669 1981/1057/1663 1980/1056/1662
f 1986/1062/1668 1987/1061/1669 1980/1056/1662
f 1986/1062/1668 1980/1056/1662 1979/1058/1661
f 1985/1063/1667 1986/1062/1668 1979/1058/1661
f 1985/1063/1667 1979/1058/1661 1978/1059/1660
f 1984/1062/1666 1985/1063/1667 1978/1059/1660
f 1984/1062/1666 1978/1059/1660 1977/1058/1659
f 1975/1056/1657 1983/1061/1665 1984/1062/1666
f 1975/1056/1657 1984/1062/1666 1977/1058/1659
f 1991/1066/1673 1992/1067/1674 1993/1068/1675
f 1991/1066/1673 1993/1068/1675 1994/1069/1676
f 1992/1067/1674 1995/1070/1677 1996/1071/1678
f 1992/1067/1674 1996/1071/1678 1993/1068/1675
f 1993/1068/1675 1996/1071/1678 1997/1072/1679
f 1993/1068/1675 1997/1072/1679 1998/1073/1680
f 1994/1069/1676 1993/1068/1675 1998/1073/1680
f 1994/1069/1676 1998/1073/1680 1999/1074/1681
f 1999/1074/1681 1998/1073/1680 2000/1075/2
f 1999/1074/1681 2000/1075/2 2001/1076/1682
f 1998/1073/1680 1997/1072/1679 2002/1077/1683
f 1998/1073/1680 2002/1077/1683 2000/1075/2
f 2000/1075/2 2002/1077/1683 2003/1072/1684
f 2000/1075/2 2003/1072/1684 2004/1073/1685
f 2001/1076/1682 2000/1075/2 2004/1073/1685
f 2001/1076/1682 2004/1073/1685 2005/1074/1686
f 2005/1074/1686 2004/1073/1685 2006/1068/1687
f 2005/1074/1686 2006/1068/1687 2007/1069/1688
f 2004/1073/1685 2003/1072/1684 2008/1071/1689
f 2004/1073/1685 2008/1071/1689 2006/1068/1687
f 2006/1068/1687 2008/1071/1689 2009/1070/1690
f 2006/1068/1687 2009/1070/1690 2010/1067/1691
f 2007/1069/1688 2006/1068/1687 2010/1067/1691
f 2007/1069/1688 2010/1067/1691 2011/1066/1692
f 2012/1078/1693 2013/1079/1694 2014/1080/1695
f 2012/1078/1693 2014/1080/1695 2015/1081/1696
f 2013/1079/1694 2016/1082/1697 2017/1083/1698
f 2013/1079/1694 2017/1083/1698 2014/1080/1695
f 2014/1080/1695 2017/1083/1698 2018/1082/1699
f 2014/1080/1695 2018/1082/1699 2019/1079/1700
f 2015/1081/1696 2014/1080/1695 2019/1079/1700
f 2015/1081/1696 2019/1079/1700 2020/1078/1701
f 1995/1070/1677 2021/1084/1702 2022/1085/1703
f 1995/1070/1677 2022/1085/1703 1996/1071/1678
f 2021/1084/1702 2009/1070/1690 2008/1071/1689
f 2021/1084/1702 2008/1071/1689 2022/1085/1703
f 2022/1085/1703 2008/1071/1689 2003/1072/1684
f 2022/1085/1703 2003/1072/1684 2002/1077/1683
f 1996/1071/1678 2022/1085/1703 2002/1077/1683
f 1996/1071/1678 2002/1077/1683 1997/1072/1679
f 2011/1066/1692 2023/1086/1704 2024/1087/1705
f 2011/1066/1692 2024/1087/1705 2007/1069/1688
f 2023/1086/1704 1991/1066/1673 1994/1069/1676
f 2023/1086/1704 1994/1069/1676 2024/1087/1705
f 2024/1087/1705 1994/1069/1676 1999/1074/1681
f 2024/1087/1705 1999/1074/1681 2001/1076/1682
f 2007/1069/1688 2024/1087/1705 2001/1076/1682
f 2007/1069/1688 2001/1076/1682 2005/1074/1686
f 2011/1066/1692 2010/1067/1691 2025/1088/1706
f 2011/1066/1692 2025/1088/1706 2026/1089/1707
f 2010/1067/1691 2009/1070/1690 2027/1090/1708
f 2010/1067/1691 2027/1090/1708 2025/1088/1706
f 2025/1088/1706 2027/1090/1708 2016/1082/1697
f 2025/1088/1706 2016/1082/1697 2013/1079/1694
f 2026/1089/1707 2025/1088/1706 2013/1079/1694
f 2026/1089/1707 2013/1079/1694 2012/1078/1693
f 2009/1070/1690 2021/1084/1702 2028/1091/1709
f 2009/1070/1690 2028/1091/1709 2027/1090/1708
f 2021/1084/1702 1995/1070/1677 2029/1090/1710
f 2021/1084/1702 2029/1090/1710 2028/1091/1709
f 2028/1091/1709 2029/1090/1710 2018/1082/1699
f 2028/1091/1709 2018/1082/1699 2017/1083/1698
f 2027/1090/1708 2028/1091/1709 2017/1083/1698
f 2027/1090/1708 2017/1083/1698 2016/1082/1697
f 1995/1070/1677 1992/1067/1674 2030/1088/1711
f 1995/1070/1677 2030/1088/1711 2029/1090/1710
f 1992/1067/1674 1991/1066/1673 2031/1089/1712
f 1992/1067/1674 2031/1089/1712 2030/1088/1711
f 2030/1088/1711 2031/1089/1712 2020/1078/1701
f 2030/1088/1711 2020/1078/1701 2019/1079/1700
f 2029/1090/1710 2030/1088/1711 2019/1079/1700
f 2029/1090/1710 2019/1079/1700 2018/1082/1699
f 1991/1066/1673 2023/1086/1704 2032/1092/1713
f 1991/1066/1673 2032/1092/1713 2031/1089/1712
f 2023/1086/1704 2011/1066/1692 2026/1089/1707
f 2023/1086/1704 2026/1089/1707 2032/1092/1713
f 2032/1092/1713 2026/1089/1707 2012/1078/1693
f 2032/1092/1713 2012/1078/1693 2015/1081/1696
f 2031/1089/1712 2032/1092/1713 2015/1081/1696
f 2031/1089/1712 2015/1081/1696 2020/1078/1701
f 2033/1093/1714 2034/1094/1715 2035/1095/1716
f 2033/1093/1714 2035/1095/1716 2036/1096/1717
f 2034/1094/1715 2037/1097/1718 2038/1098/1719
f 2034/1094/1715 2038/1098/1719 2035/1095/1716
f 2039/1099/1720 2040/1100/1721 2041/1101/1722
f 2039/1099/1720 2041/1101/1722 2042/1102/1723
f 2040/1100/1721 2033/1093/1714 2036/1096/1717
f 2040/1100/1721 2036/1096/1717 2041/1101/1722
f 2043/1103/1724 2039/1099/1720 2042/1102/1723
f 2043/1103/1724 2042/1102/1723 2044/1104/1725
f 2037/1097/1718 2045/1105/1726 2046/1106/1727
f 2037/1097/1718 2046/1106/1727 2038/1098/1719
f 2045/1105/1726 2043/1103/1724 2044/1104/1725
f 2045/1105/1726 2044/1104/1725 2046/1106/1727
f 2038/1098/1719 2046/1106/1727 2047/1107/1728
f 2038/1098/1719 2047/1107/1728 2048/1108/1729
f 2046/1106/1727 2044/1104/1725 2049/1109/1730
f 2046/1106/1727 2049/1109/1730 2047/1107/1728
f 2044/1104/1725 2042/1102/1723 2050/1110/1731
f 2044/1104/1725 2050/1110/1731 2049/1109/1730
f 2042/1102/1723 2041/1101/1722 2051/1111/1732
f 2042/1102/1723 2051/1111/1732 2050/1110/1731
f 2041/1101/1722 2036/1096/1717 2052/1112/1733
f 2041/1101/1722 2052/1112/1733 2051/1111/1732
f 2036/1096/1717 2035/1095/1716 2053/1113/1734
f 2036/1096/1717 2053/1113/1734 2052/1112/1733
f 2035/1095/1716 2038/1098/1719 2048/1108/1729
f 2035/1095/1716 2048/1108/1729 2053/1113/1734
f 2054/1104/1735 2055/1106/1736 2056/1107/1737
f 2054/1104/1735 2056/1107/1737 2057/1109/1738
f 2055/1106/1736 2058/1098/1739 2059/1108/1740
f 2055/1106/1736 2059/1108/1740 2056/1107/1737
f 2058/1098/1739 2060/1095/1741 2061/1113/1742
f 2058/1098/1739 2061/1113/1742 2059/1108/1740
f 2060/1095/1741 2062/1096/1743 2063/1112/1744
f 2060/1095/1741 2063/1112/1744 2061/1113/1742
f 2062/1096/1743 2064/1101/1745 2065/1111/1746
f 2062/1096/1743 2065/1111/1746 2063/1112/1744
f 2064/1101/1745 2066/1102/1747 2067/1110/1748
f 2064/1101/1745 2067/1110/1748 2065/1111/1746
f 2066/1102/1747 2054/1104/1735 2057/1109/1738
f 2066/1102/1747 2057/1109/1738 2067/1110/1748
f 2048/1108/1729 2047/1107/1728 2068/1114/1749
f 2048/1108/1729 2068/1114/1749 2069/1115/1750
f 2047/1107/1728 2049/1109/1730 2070/1116/1751
f 2047/1107/1728 2070/1116/1751 2068/1114/1749
f 2068/1114/1749 2070/1116/1751 2071/1117/1752
f 2068/1114/1749 2071/1117/1752 2072/1118/1753
f 2069/1115/1750 2068/1114/1749 2072/1118/1753
f 2069/1115/1750 2072/1118/1753 2073/1119/1754
f 2049/1109/1730 2050/1110/1731 2074/1120/1755
f 2049/1109/1730 2074/1120/1755 2070/1116/1751
f 2070/1116/1751 2074/1120/1755 2075/1121/1756
f 2070/1116/1751 2075/1121/1756 2071/1117/1752
f 2076/1122/1757 2077/1123/1758 2078/1124/1759
f 2076/1122/1757 2078/1124/1759 2079/1125/1760
f 2077/1123/1758 2080/1126/1761 2081/1127/1762
f 2077/1123/1758 2081/1127/1762 2078/1124/1759
f 2078/1124/1759 2081/1127/1762 2082/1128/1763
f 2078/1124/1759 2082/1128/1763 2083/1129/1764
f 2079/1125/1760 2078/1124/1759 2083/1129/1764
f 2079/1125/1760 2083/1129/1764 2084/1130/1765
f 2052/1112/1733 2053/1113/1734 2085/1131/1766
f 2052/1112/1733 2085/1131/1766 2086/1132/1767
f 2053/1113/1734 2048/1108/1729 2069/1115/1750
f 2053/1113/1734 2069/1115/1750 2085/1131/1766
f 2085/1131/1766 2069/1115/1750 2073/1119/1754
f 2085/1131/1766 2073/1119/1754 2087/1133/1768
f 2086/1132/1767 2085/1131/1766 2087/1133/1768
f 2086/1132/1767 2087/1133/1768 2088/1134/1769
f 2057/1109/1738 2056/1107/1737 2089/1114/1770
f 2057/1109/1738 2089/1114/1770 2090/1116/1771
f 2056/1107/1737 2059/1108/1740 2091/1115/1772
f 2056/1107/1737 2091/1115/1772 2089/1114/1770
f 2089/1114/1770 2091/1115/1772 2092/1119/1773
f 2089/1114/1770 2092/1119/1773 2093/1118/1774
f 2090/1116/1771 2089/1114/1770 2093/1118/1774
f 2090/1116/1771 2093/1118/1774 2094/1117/1775
f 2059/1108/1740 2061/1113/1742 2095/1131/1776
f 2059/1108/1740 2095/1131/1776 2091/1115/1772
f 2061/1113/1742 2063/1112/1744 2096/1132/1777
f 2061/1113/1742 2096/1132/1777 2095/1131/1776
f 2095/1131/1776 2096/1132/1777 2097/1134/1778
f 2095/1131/1776 2097/1134/1778 2098/1133/1779
f 2091/1115/1772 2095/1131/1776 2098/1133/1779
f 2091/1115/1772 2098/1133/1779 2092/1119/1773
f 2099/1126/1780 2100/1123/1781 2101/1124/1782
f 2099/1126/1780 2101/1124/1782 2102/1127/1783
f 2100/1123/1781 2103/1122/1784 2104/1125/1785
f 2100/1123/1781 2104/1125/1785 2101/1124/1782
f 2101/1124/1782 2104/1125/1785 2105/1130/1786
f 2101/1124/1782 2105/1130/1786 2106/1129/1787
f 2102/1127/1783 2101/1124/1782 2106/1129/1787
f 2102/1127/1783 2106/1129/1787 2107/1128/1788
f 2067/1110/1748 2057/1109/1738 2090/1116/1771
f 2067/1110/1748 2090/1116/1771 2108/1120/1789
f 2108/1120/1789 2090/1116/1771 2094/1117/1775
f 2108/1120/1789 2094/1117/1775 2109/1121/1790
f 2073/1119/1754 2072/1118/1753 2110/1135/1791
f 2073/1119/1754 2110/1135/1791 2111/1136/1792
f 2072/1118/1753 2071/1117/1752 2112/1137/1793
f 2072/1118/1753 2112/1137/1793 2110/1135/1791
f 2110/1135/1791 2112/1137/1793 2113/1138/1794
f 2110/1135/1791 2113/1138/1794 2114/1139/1795
f 2111/1136/1792 2110/1135/1791 2114/1139/1795
f 2111/1136/1792 2114/1139/1795 2115/1140/1796
f 2071/1117/1752 2075/1121/1756 2116/1141/1797
f 2071/1117/1752 2116/1141/1797 2112/1137/1793
f 2112/1137/1793 2116/1141/1797 2117/1142/1798
f 2112/1137/1793 2117/1142/1798 2113/1138/1794
f 2084/1130/1765 2083/1129/1764 2118/1143/1799
f 2084/1130/1765 2118/1143/1799 2119/1144/1800
f 2083/1129/1764 2082/1128/1763 2120/1145/1801
f 2083/1129/1764 2120/1145/1801 2118/1143/1799
f 2118/1143/1799 2120/1145/1801 2121/1146/1802
f 2118/1143/1799 2121/1146/1802 2122/1147/1803
f 2119/1144/1800 2118/1143/1799 2122/1147/1803
f 2119/1144/1800 2122/1147/1803 2123/1148/1804
f 2088/1134/1769 2087/1133/1768 2124/1149/1805
f 2088/1134/1769 2124/1149/1805 2125/1150/1806
f 2087/1133/1768 2073/1119/1754 2111/1136/1792
f 2087/1133/1768 2111/1136/1792 2124/1149/1805
f 2124/1149/1805 2111/1136/1792 2115/1140/1796
f 2124/1149/1805 2115/1140/1796 2126/1151/1807
f 2125/1150/1806 2124/1149/1805 2126/1151/1807
f 2125/1150/1806 2126/1151/1807 2127/1152/1808
f 2094/1117/1775 2093/1118/1774 2128/1135/1809
f 2094/1117/1775 2128/1135/1809 2129/1137/1810
f 2093/1118/1774 2092/1119/1773 2130/1136/1811
f 2093/1118/1774 2130/1136/1811 2128/1135/1809
f 2128/1135/1809 2130/1136/1811 2131/1140/1812
f 2128/1135/1809 2131/1140/1812 2132/1139/1813
f 2129/1137/1810 2128/1135/1809 2132/1139/1813
f 2129/1137/1810 2132/1139/1813 2133/1138/1814
f 2092/1119/1773 2098/1133/1779 2134/1149/1815
f 2092/1119/1773 2134/1149/1815 2130/1136/1811
f 2098/1133/1779 2097/1134/1778 2135/1150/1816
f 2098/1133/1779 2135/1150/1816 2134/1149/1815
f 2134/1149/1815 2135/1150/1816 2136/1152/1817
f 2134/1149/1815 2136/1152/1817 2137/1151/1818
f 2130/1136/1811 2134/1149/1815 2137/1151/1818
f 2130/1136/1811 2137/1151/1818 2131/1140/1812
f 2107/1128/1788 2106/1129/1787 2138/1143/1819
f 2107/1128/1788 2138/1143/1819 2139/1145/1820
f 2106/1129/1787 2105/1130/1786 2140/1144/1821
f 2106/1129/1787 2140/1144/1821 2138/1143/1819
f 2138/1143/1819 2140/1144/1821 2141/1148/1822
f 2138/1143/1819 2141/1148/1822 2142/1147/1823
f 2139/1145/1820 2138/1143/1819 2142/1147/1823
f 2139/1145/1820 2142/1147/1823 2143/1146/1824
f 2109/1121/1790 2094/1117/1775 2129/1137/1810
f 2109/1121/1790 2129/1137/1810 2144/1141/1825
f 2144/1141/1825 2129/1137/1810 2133/1138/1814
f 2144/1141/1825 2133/1138/1814 2145/1142/1826
f 2115/1140/1796 2114/1139/1795 2146/1153/1827
f 2115/1140/1796 2146/1153/1827 2147/1154/1828
f 2114/1139/1795 2113/1138/1794 2148/1155/1829
f 2114/1139/1795 2148/1155/1829 2146/1153/1827
f 2146/1153/1827 2148/1155/1829 2149/1156/1830
f 2146/1153/1827 2149/1156/1830 2150/1157/1831
f 2147/1154/1828 2146/1153/1827 2150/1157/1831
f 2147/1154/1828 2150/1157/1831 2151/1158/1832
f 2113/1138/1794 2117/1142/1798 2152/1159/1833
f 2113/1138/1794 2152/1159/1833 2148/1155/1829
f 2148/1155/1829 2152/1159/1833 2153/1160/1834
f 2148/1155/1829 2153/1160/1834 2149/1156/1830
f 2123/1148/1804 2122/1147/1803 2154/1161/1835
f 2123/1148/1804 2154/1161/1835 2155/1162/1836
f 2122/1147/1803 2121/1146/1802 2156/1163/1837
f 2122/1147/1803 2156/1163/1837 2154/1161/1835
f 2154/1161/1835 2156/1163/1837 2157/1164/1838
f 2154/1161/1835 2157/1164/1838 2158/1165/1839
f 2155/1162/1836 2154/1161/1835 2158/1165/1839
f 2155/1162/1836 2158/1165/1839 2159/1166/1840
f 2127/1152/1808 2126/1151/1807 2160/1167/1841
f 2127/1152/1808 2160/1167/1841 2161/1168/1842
f 2126/1151/1807 2115/1140/1796 2147/1154/1828
f 2126/1151/1807 2147/1154/1828 2160/1167/1841
f 2160/1167/1841 2147/1154/1828 2151/1158/1832
f 2160/1167/1841 2151/1158/1832 2162/1169/1843
f 2161/1168/1842 2160/1167/1841 2162/1169/1843
f 2161/1168/1842 2162/1169/1843 2163/1170/1844
f 2133/1138/1814 2132/1139/1813 2164/1153/1845
f 2133/1138/1814 2164/1153/1845 2165/1155/1846
f 2132/1139/1813 2131/1140/1812 2166/1154/1847
f 2132/1139/1813 2166/1154/1847 2164/1153/1845
f 2164/1153/1845 2166/1154/1847 2167/1158/1848
f 2164/1153/1845 2167/1158/1848 2168/1157/1849
f 2165/1155/1846 2164/1153/1845 2168/1157/1849
f 2165/1155/1846 2168/1157/1849 2169/1156/1850
f 2131/1140/1812 2137/1151/1818 2170/1167/1851
f 2131/1140/1812 2170/1167/1851 2166/1154/1847
f 2137/1151/1818 2136/1152/1817 2171/1168/1852
f 2137/1151/1818 2171/1168/1852 2170/1167/1851
f 2170/1167/1851 2171/1168/1852 2172/1170/1853
f 2170/1167/1851 2172/1170/1853 2173/1169/1854
f 2166/1154/1847 2170/1167/1851 2173/1169/1854
f 2166/1154/1847 2173/1169/1854 2167/1158/1848
f 2143/1146/1824 2142/1147/1823 2174/1161/1855
f 2143/1146/1824 2174/1161/1855 2175/1163/1856
f 2142/1147/1823 2141/1148/1822 2176/1162/1857
f 2142/1147/1823 2176/1162/1857 2174/1161/1855
f 2174/1161/1855 2176/1162/1857 2177/1166/1858
f 2174/1161/1855 2177/1166/1858 2178/1165/1859
f 2175/1163/1856 2174/1161/1855 2178/1165/1859
f 2175/1163/1856 2178/1165/1859 2179/1164/1860
f 2145/1142/1826 2133/1138/1814 2165/1155/1846
f 2145/1142/1826 2165/1155/1846 2180/1159/1861
f 2180/1159/1861 2165/1155/1846 2169/1156/1850
f 2180/1159/1861 2169/1156/1850 2181/1160/1862
f 2151/1158/1832 2150/1157/1831 2182/1171/1863
f 2151/1158/1832 2182/1171/1863 2183/1172/1864
f 2150/1157/1831 2149/1156/1830 2184/1173/1865
f 2150/1157/1831 2184/1173/1865 2182/1171/1863
f 2182/1171/1863 2184/1173/1865 2185/1174/1866
f 2182/1171/1863 2185/1174/1866 2186/1175/1867
f 2183/1172/1864 2182/1171/1863 2186/1175/1867
f 2183/1172/1864 2186/1175/1867 2187/1176/1868
f 2149/1156/1830 2153/1160/1834 2188/1177/1869
f 2149/1156/1830 2188/1177/1869 2184/1173/1865
f 2184/1173/1865 2188/1177/1869 2189/1178/1870
f 2184/1173/1865 2189/1178/1870 2185/1174/1866
f 2153/1160/1834 2190/1179/1871 2191/1180/1872
f 2153/1160/1834 2191/1180/1872 2188/1177/1869
f 2190/1179/1871 2163/1170/1844 2192/1181/1873
f 2190/1179/1871 2192/1181/1873 2191/1180/1872
f 2191/1180/1872 2192/1181/1873 2193/1182/1874
f 2191/1180/1872 2193/1182/1874 2194/1183/1875
f 2188/1177/1869 2191/1180/1872 2194/1183/1875
f 2188/1177/1869 2194/1183/1875 2189/1178/1870
f 2163/1170/1844 2162/1169/1843 2195/1184/1876
f 2163/1170/1844 2195/1184/1876 2192/1181/1873
f 2162/1169/1843 2151/1158/1832 2183/1172/1864
f 2162/1169/1843 2183/1172/1864 2195/1184/1876
f 2195/1184/1876 2183/1172/1864 2187/1176/1868
f 2195/1184/1876 2187/1176/1868 2196/1185/1877
f 2192/1181/1873 2195/1184/1876 2196/1185/1877
f 2192/1181/1873 2196/1185/1877 2193/1182/1874
f 2169/1156/1850 2168/1157/1849 2197/1171/1878
f 2169/1156/1850 2197/1171/1878 2198/1173/1879
f 2168/1157/1849 2167/1158/1848 2199/1172/1880
f 2168/1157/1849 2199/1172/1880 2197/1171/1878
f 2197/1171/1878 2199/1172/1880 2187/1176/1868
f 2197/1171/1878 2187/1176/1868 2186/1175/1867
f 2198/1173/1879 2197/1171/1878 2186/1175/1867
f 2198/1173/1879 2186/1175/1867 2185/1174/1866
f 2167/1158/1848 2173/1169/1854 2200/1184/1881
f 2167/1158/1848 2200/1184/1881 2199/1172/1880
f 2173/1169/1854 2172/1170/1853 2201/1181/1882
f 2173/1169/1854 2201/1181/1882 2200/1184/1881
f 2200/1184/1881 2201/1181/1882 2193/1182/1874
f 2200/1184/1881 2193/1182/1874 2196/1185/1877
f 2199/1172/1880 2200/1184/1881 2196/1185/1877
f 2199/1172/1880 2196/1185/1877 2187/1176/1868
f 2172/1170/1853 2202/1179/1883 2203/1180/1884
f 2172/1170/1853 2203/1180/1884 2201/1181/1882
f 2202/1179/1883 2181/1160/1862 2204/1177/1885
f 2202/1179/1883 2204/1177/1885 2203/1180/1884
f 2203/1180/1884 2204/1177/1885 2189/1178/1870
f 2203/1180/1884 2189/1178/1870 2194/1183/1875
f 2201/1181/1882 2203/1180/1884 2194/1183/1875
f 2201/1181/1882 2194/1183/1875 2193/1182/1874
f 2181/1160/1862 2169/1156/1850 2198/1173/1879
f 2181/1160/1862 2198/1173/1879 2204/1177/1885
f 2204/1177/1885 2198/1173/1879 2185/1174/1866
f 2204/1177/1885 2185/1174/1866 2189/1178/1870
f 2054/1104/1735 2043/1103/1724 2045/1105/1726
f 2054/1104/1735 2045/1105/1726 2055/1106/1736
f 2055/1106/1736 2045/1105/1726 2037/1097/1718
f 2055/1106/1736 2037/1097/1718 2058/1098/1739
f 2066/1102/1747 2039/1099/1720 2043/1103/1724
f 2066/1102/1747 2043/1103/1724 2054/1104/1735
f 2062/1096/1743 2033/1093/1714 2040/1100/1721
f 2062/1096/1743 2040/1100/1721 2064/1101/1745
f 2064/1101/1745 2040/1100/1721 2039/1099/1720
f 2064/1101/1745 2039/1099/1720 2066/1102/1747
f 2058/1098/1739 2037/1097/1718 2034/1094/1715
f 2058/1098/1739 2034/1094/1715 2060/1095/1741
f 2060/1095/1741 2034/1094/1715 2033/1093/1714
f 2060/1095/1741 2033/1093/1714 2062/1096/1743
f 2051/1111/1732 2052/1112/1733 2080/1126/1761
f 2051/1111/1732 2080/1126/1761 2077/1123/1758
f 2050/1110/1731 2051/1111/1732 2077/1123/1758
f 2050/1110/1731 2077/1123/1758 2076/1122/1757
f 2086/1132/1767 2088/1134/1769 2082/1128/1763
f 2086/1132/1767 2082/1128/1763 2081/1127/1762
f 2052/1112/1733 2086/1132/1767 2081/1127/1762
f 2052/1112/1733 2081/1127/1762 2080/1126/1761
f 2074/1120/1755 2050/1110/1731 2076/1122/1757
f 2074/1120/1755 2076/1122/1757 2079/1125/1760
f 2075/1121/1756 2074/1120/1755 2079/1125/1760
f 2075/1121/1756 2079/1125/1760 2084/1130/1765
f 2125/1150/1806 2127/1152/1808 2121/1146/1802
f 2125/1150/1806 2121/1146/1802 2120/1145/1801
f 2088/1134/1769 2125/1150/1806 2120/1145/1801
f 2088/1134/1769 2120/1145/1801 2082/1128/1763
f 2116/1141/1797 2075/1121/1756 2084/1130/1765
f 2116/1141/1797 2084/1130/1765 2119/1144/1800
f 2117/1142/1798 2116/1141/1797 2119/1144/1800
f 2117/1142/1798 2119/1144/1800 2123/1148/1804
f 2161/1168/1842 2163/1170/1844 2157/1164/1838
f 2161/1168/1842 2157/1164/1838 2156/1163/1837
f 2127/1152/1808 2161/1168/1842 2156/1163/1837
f 2127/1152/1808 2156/1163/1837 2121/1146/1802
f 2190/1179/1871 2153/1160/1834 2159/1166/1840
f 2190/1179/1871 2159/1166/1840 2158/1165/1839
f 2163/1170/1844 2190/1179/1871 2158/1165/1839
f 2163/1170/1844 2158/1165/1839 2157/1164/1838
f 2152/1159/1833 2117/1142/1798 2123/1148/1804
f 2152/1159/1833 2123/1148/1804 2155/1162/1836
f 2153/1160/1834 2152/1159/1833 2155/1162/1836
f 2153/1160/1834 2155/1162/1836 2159/1166/1840
f 2065/1111/1746 2067/1110/1748 2103/1122/1784
f 2065/1111/1746 2103/1122/1784 2100/1123/1781
f 2063/1112/1744 2065/1111/1746 2100/1123/1781
f 2063/1112/1744 2100/1123/1781 2099/1126/1780
f 2108/1120/1789 2109/1121/1790 2105/1130/1786
f 2108/1120/1789 2105/1130/1786 2104/1125/1785
f 2067/1110/1748 2108/1120/1789 2104/1125/1785
f 2067/1110/1748 2104/1125/1785 2103/1122/1784
f 2096/1132/1777 2063/1112/1744 2099/1126/1780
f 2096/1132/1777 2099/1126/1780 2102/1127/1783
f 2097/1134/1778 2096/1132/1777 2102/1127/1783
f 2097/1134/1778 2102/1127/1783 2107/1128/1788
f 2144/1141/1825 2145/1142/1826 2141/1148/1822
f 2144/1141/1825 2141/1148/1822 2140/1144/1821
f 2109/1121/1790 2144/1141/1825 2140/1144/1821
f 2109/1121/1790 2140/1144/1821 2105/1130/1786
f 2135/1150/1816 2097/1134/1778 2107/1128/1788
f 2135/1150/1816 2107/1128/1788 2139/1145/1820
f 2136/1152/1817 2135/1150/1816 2139/1145/1820
f 2136/1152/1817 2139/1145/1820 2143/1146/1824
f 2180/1159/1861 2181/1160/1862 2177/1166/1858
f 2180/1159/1861 2177/1166/1858 2176/1162/1857
f 2145/1142/1826 2180/1159/1861 2176/1162/1857
f 2145/1142/1826 2176/1162/1857 2141/1148/1822
f 2202/1179/1883 2172/1170/1853 2179/1164/1860
f 2202/1179/1883 2179/1164/1860 2178/1165/1859
f 2181/1160/1862 2202/1179/1883 2178/1165/1859
f 2181/1160/1862 2178/1165/1859 2177/1166/1858
f 2171/1168/1852 2136/1152/1817 2143/1146/1824
f 2171/1168/1852 2143/1146/1824 2175/1163/1856
f 2172/1170/1853 2171/1168/1852 2175/1163/1856
f 2172/1170/1853 2175/1163/1856 2179/1164/1860
f 2205/1186/1886 2206/1187/1887 2207/1188/1888
f 2205/1186/1886 2207/1188/1888 2208/1189/1889
f 2206/1187/1887 2209/1190/1890 2210/1191/1891
f 2206/1187/1887 2210/1191/1891 2207/1188/1888
f 2209/1190/1890 2211/1192/1892 2212/1193/1893
f 2209/1190/1890 2212/1193/1893 2210/1191/1891
f 2212/1193/1893 2211/1192/1892 2213/1194/1894
f 2212/1193/1893 2213/1194/1894 2214/1195/1895
f 2214/1195/1895 2213/1194/1894 2215/1196/1896
f 2214/1195/1895 2215/1196/1896 2216/1197/1897
f 2215/1196/1896 2217/1198/1898 2218/1199/1899
f 2215/1196/1896 2218/1199/1899 2216/1197/1897
f 2219/1200/1900 2220/1201/1901 2218/1199/1899
f 2219/1200/1900 2218/1199/1899 2217/1198/1898
f 2219/1200/1900 2221/1202/1902 2222/1203/1903
f 2219/1200/1900 2222/1203/1903 2220/1201/1901
f 2223/1204/1904 2224/1205/1905 2225/1206/1906
f 2223/1204/1904 2225/1206/1906 2226/1207/1907
f 2227/1208/1908 2228/1209/1909 2229/1210/1910
f 2227/1208/1908 2229/1210/1910 2230/1211/1911
f 2228/1209/1909 2231/1198/1912 2232/1199/1913
f 2228/1209/1909 2232/1199/1913 2229/1210/1910
f 2232/1199/1913 2231/1198/1912 2233/1196/1914
f 2232/1199/1913 2233/1196/1914 2234/1197/1915
f 2233/1196/1914 2205/1186/1886 2208/1189/1889
f 2233/1196/1914 2208/1189/1889 2234/1197/1915
f 2208/1189/1889 2207/1188/1888 2235/1212/1916
f 2208/1189/1889 2235/1212/1916 2236/1213/1917
f 2207/1188/1888 2210/1191/1891 2237/1214/1918
f 2207/1188/1888 2237/1214/1918 2235/1212/1916
f 2210/1191/1891 2212/1193/1893 2238/1215/1919
f 2210/1191/1891 2238/1215/1919 2237/1214/1918
f 2238/1215/1919 2212/1193/1893 2214/1195/1895
f 2238/1215/1919 2214/1195/1895 2239/1216/1920
f 2239/1216/1920 2214/1195/1895 2216/1197/1897
f 2239/1216/1920 2216/1197/1897 2240/1217/1921
f 2216/1197/1897 2218/1199/1899 2241/1218/1922
f 2216/1197/1897 2241/1218/1922 2240/1217/1921
f 2218/1199/1899 2220/1201/1901 2242/1219/1923
f 2218/1199/1899 2242/1219/1923 2241/1218/1922
f 2220/1201/1901 2222/1203/1903 238/159/194
f 2220/1201/1901 238/159/194 2242/1219/1923
f 2243/1220/1924 2223/1204/1904 2226/1207/1907
f 2243/1220/1924 2226/1207/1907 2244/1221/1925
f 2230/1211/1911 2229/1210/1910 2245/1222/1926
f 2230/1211/1911 2245/1222/1926 2246/1223/1927
f 2229/1210/1910 2232/1199/1913 2247/1218/1928
f 2229/1210/1910 2247/1218/1928 2245/1222/1926
f 2247/1218/1928 2232/1199/1913 2234/1197/1915
f 2247/1218/1928 2234/1197/1915 2248/1217/1929
f 2234/1197/1915 2208/1189/1889 2236/1213/1917
f 2234/1197/1915 2236/1213/1917 2248/1217/1929
f 2236/1213/1917 2235/1212/1916 2249/1224/1930
f 2236/1213/1917 2249/1224/1930 2250/1225/1931
f 2235/1212/1916 2237/1214/1918 2251/1226/1932
f 2235/1212/1916 2251/1226/1932 2249/1224/1930
f 2237/1214/1918 2238/1215/1919 2252/1227/1933
f 2237/1214/1918 2252/1227/1933 2251/1226/1932
f 2252/1227/1933 2238/1215/1919 2239/1216/1920
f 2252/1227/1933 2239/1216/1920 2253/1228/1934
f 2253/1228/1934 2239/1216/1920 2240/1217/1921
f 2253/1228/1934 2240/1217/1921 2254/1229/1935
f 2240/1217/1921 2241/1218/1922 2255/1230/1936
f 2240/1217/1921 2255/1230/1936 2254/1229/1935
f 2241/1218/1922 2242/1219/1923 2256/1231/1937
f 2241/1218/1922 2256/1231/1937 2255/1230/1936
f 2242/1219/1923 238/159/194 237/158/193
f 2242/1219/1923 237/158/193 2256/1231/1937
f 2257/1232/1938 2243/1220/1924 2244/1221/1925
f 2257/1232/1938 2244/1221/1925 2258/1233/1939
f 2246/1223/1927 2245/1222/1926 2259/1234/1940
f 2246/1223/1927 2259/1234/1940 2260/1235/1941
f 2245/1222/1926 2247/1218/1928 2261/1230/1942
f 2245/1222/1926 2261/1230/1942 2259/1234/1940
f 2261/1230/1942 2247/1218/1928 2248/1217/1929
f 2261/1230/1942 2248/1217/1929 2262/1229/1943
f 2248/1217/1929 2236/1213/1917 2250/1225/1931
f 2248/1217/1929 2250/1225/1931 2262/1229/1943
f 2250/1225/1931 2249/1224/1930 2263/177/1944
f 2250/1225/1931 2263/177/1944 2264/176/1945
f 2249/1224/1930 2251/1226/1932 2265/179/1946
f 2249/1224/1930 2265/179/1946 2263/177/1944
f 2251/1226/1932 2252/1227/1933 2266/180/1947
f 2251/1226/1932 2266/180/1947 2265/179/1946
f 2266/180/1947 2252/1227/1933 2253/1228/1934
f 2266/180/1947 2253/1228/1934 2267/181/1948
f 2267/181/1948 2253/1228/1934 2254/1229/1935
f 2267/181/1948 2254/1229/1935 2268/182/1949
f 2254/1229/1935 2255/1230/1936 2269/183/1950
f 2254/1229/1935 2269/183/1950 2268/182/1949
f 2255/1230/1936 2256/1231/1937 2270/184/1951
f 2255/1230/1936 2270/184/1951 2269/183/1950
f 2270/184/1951 2256/1231/1937 237/158/193
f 2270/184/1951 237/158/193 2271/185/1952
f 2257/1232/1938 2258/1233/1939 2272/189/1953
f 2257/1232/1938 2272/189/1953 2273/186/1954
f 2260/1235/1941 2259/1234/1940 2274/188/1955
f 2260/1235/1941 2274/188/1955 2275/187/1956
f 2259/1234/1940 2261/1230/1942 2276/183/1957
f 2259/1234/1940 2276/183/1957 2274/188/1955
f 2276/183/1957 2261/1230/1942 2262/1229/1943
f 2276/183/1957 2262/1229/1943 2277/182/1958
f 2262/1229/1943 2250/1225/1931 2264/176/1945
f 2262/1229/1943 2264/176/1945 2277/182/1958
f 2278/1236/1959 2279/1237/1960 2227/1208/1908
f 2278/1236/1959 2227/1208/1908 2230/1211/1911
f 2280/1238/1961 2278/1236/1959 2230/1211/1911
f 2280/1238/1961 2230/1211/1911 2246/1223/1927
f 2258/1233/1939 2280/1238/1961 2246/1223/1927
f 2258/1233/1939 2246/1223/1927 2260/1235/1941
f 2272/189/1953 2258/1233/1939 2260/1235/1941
f 2272/189/1953 2260/1235/1941 2275/187/1956
f 2233/1196/1914 2231/1198/1912 244/165/200
f 2233/1196/1914 244/165/200 242/163/198
f 2205/1186/1886 2233/1196/1914 242/163/198
f 2205/1186/1886 242/163/198 241/162/197
f 2228/1209/1909 2227/1208/1908 246/167/202
f 2228/1209/1909 246/167/202 245/166/201
f 2231/1198/1912 2228/1209/1909 245/166/201
f 2231/1198/1912 245/166/201 244/165/200
f 2227/1208/1908 2279/1237/1960 247/168/203
f 2227/1208/1908 247/168/203 246/167/202
f 2225/1206/1906 2224/1205/1905 248/169/204
f 2225/1206/1906 248/169/204 247/168/203
f 2219/1200/1900 250/171/206 249/170/205
f 2219/1200/1900 249/170/205 2221/1202/1902
f 2219/1200/1900 2217/1198/1898 251/165/207
f 2219/1200/1900 251/165/207 250/171/206
f 2215/1196/1896 2213/1194/1894 253/172/209
f 2215/1196/1896 253/172/209 252/163/208
f 2217/1198/1898 2215/1196/1896 252/163/208
f 2217/1198/1898 252/163/208 251/165/207
f 2213/1194/1894 2211/1192/1892 254/173/210
f 2213/1194/1894 254/173/210 253/172/209
f 2211/1192/1892 2209/1190/1890 255/174/211
f 2211/1192/1892 255/174/211 254/173/210
f 2206/1187/1887 2205/1186/1886 241/162/197
f 2206/1187/1887 241/162/197 256/175/212
f 2209/1190/1890 2206/1187/1887 256/175/212
f 2209/1190/1890 256/175/212 255/174/211
f 2281/1239/1962 2279/1237/1960 2278/1236/1959
f 2281/1239/1962 2278/1236/1959 2282/1240/1963
f 2226/1207/1907 2225/1206/1906 2281/1239/1962
f 2226/1207/1907 2281/1239/1962 2282/1240/1963
f 2282/1240/1963 2278/1236/1959 2280/1238/1961
f 2282/1240/1963 2280/1238/1961 2283/1241/1964
f 2244/1221/1925 2226/1207/1907 2282/1240/1963
f 2244/1221/1925 2282/1240/1963 2283/1241/1964
f 2258/1233/1939 2244/1221/1925 2283/1241/1964
f 2258/1233/1939 2283/1241/1964 2280/1238/1961
f 2281/1239/1962 2225/1206/1906 247/168/203
f 2281/1239/1962 247/168/203 2279/1237/1960
f 2222/1203/1903 2221/1202/1902 2284/1242/1965
f 2222/1203/1903 2284/1242/1965 2285/1243/1966
f 2284/1242/1965 2286/1244/1967 2287/1245/1968
f 2284/1242/1965 2287/1245/1968 2285/1243/1966
f 238/159/194 2222/1203/1903 2285/1243/1966
f 238/159/194 2285/1243/1966 239/160/195
f 2285/1243/1966 2287/1245/1968 240/161/196
f 2285/1243/1966 240/161/196 239/160/195
f 2284/1242/1965 2221/1202/1902 249/170/205
f 2284/1242/1965 249/170/205 2286/1244/1967
f 2271/185/1952 237/158/193 2257/1232/1938
f 2271/185/1952 2257/1232/1938 2273/186/1954
f 2243/1220/1924 2257/1232/1938 237/158/193
f 2243/1220/1924 237/158/193 240/161/196
f 2223/1204/1904 2243/1220/1924 240/161/196
f 2223/1204/1904 240/161/196 2287/1245/1968
f 2224/1205/1905 2223/1204/1904 2287/1245/1968
f 2224/1205/1905 2287/1245/1968 2286/1244/1967
f 249/170/205 248/169/204 2224/1205/1905
f 249/170/205 2224/1205/1905 2286/1244/1967
f 2288/1186/1969 2289/1189/1970 2290/1188/1971
f 2288/1186/1969 2290/1188/1971 2291/1187/1972
f 2291/1187/1972 2290/1188/1971 2292/1191/1973
f 2291/1187/1972 2292/1191/1973 2293/1190/1974
f 2293/1190/1974 2292/1191/1973 2294/1193/1975
f 2293/1190/1974 2294/1193/1975 2295/1192/1976
f 2294/1193/1975 2296/1195/1977 2297/1194/1978
f 2294/1193/1975 2297/1194/1978 2295/1192/1976
f 2296/1195/1977 2298/1197/1979 2299/1196/1980
f 2296/1195/1977 2299/1196/1980 2297/1194/1978
f 2299/1196/1980 2298/1197/1979 2300/1199/1981
f 2299/1196/1980 2300/1199/1981 2301/1198/1982
f 2302/1200/1983 2301/1198/1982 2300/1199/1981
f 2302/1200/1983 2300/1199/1981 2303/1201/1984
f 2302/1200/1983 2303/1201/1984 2304/1203/1985
f 2302/1200/1983 2304/1203/1985 2305/1202/1986
f 2306/1204/1987 2307/1207/1988 2308/1206/1989
f 2306/1204/1987 2308/1206/1989 2309/1205/1990
f 2310/1208/1991 2311/1211/1992 2312/1210/1993
f 2310/1208/1991 2312/1210/1993 2313/1209/1994
f 2313/1209/1994 2312/1210/1993 2314/1199/1995
f 2313/1209/1994 2314/1199/1995 2315/1198/1996
f 2314/1199/1995 2316/1197/1997 2317/1196/1998
f 2314/1199/1995 2317/1196/1998 2315/1198/1996
f 2317/1196/1998 2316/1197/1997 2289/1189/1970
f 2317/1196/1998 2289/1189/1970 2288/1186/1969
f 2289/1189/1970 2318/1213/1999 2319/1212/2000
f 2289/1189/1970 2319/1212/2000 2290/1188/1971
f 2290/1188/1971 2319/1212/2000 2320/1214/2001
f 2290/1188/1971 2320/1214/2001 2292/1191/1973
f 2292/1191/1973 2320/1214/2001 2321/1215/2002
f 2292/1191/1973 2321/1215/2002 2294/1193/1975
f 2321/1215/2002 2322/1216/2003 2296/1195/1977
f 2321/1215/2002 2296/1195/1977 2294/1193/1975
f 2322/1216/2003 2323/1217/2004 2298/1197/1979
f 2322/1216/2003 2298/1197/1979 2296/1195/1977
f 2298/1197/1979 2323/1217/2004 2324/1218/2005
f 2298/1197/1979 2324/1218/2005 2300/1199/1981
f 2300/1199/1981 2324/1218/2005 2325/1219/2006
f 2300/1199/1981 2325/1219/2006 2303/1201/1984
f 2303/1201/1984 2325/1219/2006 304/159/230
f 2303/1201/1984 304/159/230 2304/1203/1985
f 2326/1220/2007 2327/1221/2008 2307/1207/1988
f 2326/1220/2007 2307/1207/1988 2306/1204/1987
f 2311/1211/1992 2328/1223/2009 2329/1222/2010
f 2311/1211/1992 2329/1222/2010 2312/1210/1993
f 2312/1210/1993 2329/1222/2010 2330/1218/2011
f 2312/1210/1993 2330/1218/2011 2314/1199/1995
f 2330/1218/2011 2331/1217/2012 2316/1197/1997
f 2330/1218/2011 2316/1197/1997 2314/1199/1995
f 2316/1197/1997 2331/1217/2012 2318/1213/1999
f 2316/1197/1997 2318/1213/1999 2289/1189/1970
f 2318/1213/1999 2332/1225/2013 2333/1224/2014
f 2318/1213/1999 2333/1224/2014 2319/1212/2000
f 2319/1212/2000 2333/1224/2014 2334/1226/2015
f 2319/1212/2000 2334/1226/2015 2320/1214/2001
f 2320/1214/2001 2334/1226/2015 2335/1227/2016
f 2320/1214/2001 2335/1227/2016 2321/1215/2002
f 2335/1227/2016 2336/1228/2017 2322/1216/2003
f 2335/1227/2016 2322/1216/2003 2321/1215/2002
f 2336/1228/2017 2337/1229/2018 2323/1217/2004
f 2336/1228/2017 2323/1217/2004 2322/1216/2003
f 2323/1217/2004 2337/1229/2018 2338/1230/2019
f 2323/1217/2004 2338/1230/2019 2324/1218/2005
f 2324/1218/2005 2338/1230/2019 2339/1231/2020
f 2324/1218/2005 2339/1231/2020 2325/1219/2006
f 2325/1219/2006 2339/1231/2020 302/158/228
f 2325/1219/2006 302/158/228 304/159/230
f 2340/1232/2021 2341/1233/2022 2327/1221/2008
f 2340/1232/2021 2327/1221/2008 2326/1220/2007
f 2328/1223/2009 2342/1235/2023 2343/1234/2024
f 2328/1223/2009 2343/1234/2024 2329/1222/2010
f 2329/1222/2010 2343/1234/2024 2344/1230/2025
f 2329/1222/2010 2344/1230/2025 2330/1218/2011
f 2344/1230/2025 2345/1229/2026 2331/1217/2012
f 2344/1230/2025 2331/1217/2012 2330/1218/2011
f 2331/1217/2012 2345/1229/2026 2332/1225/2013
f 2331/1217/2012 2332/1225/2013 2318/1213/1999
f 2332/1225/2013 2346/176/2027 2347/177/2028
f 2332/1225/2013 2347/177/2028 2333/1224/2014
f 2333/1224/2014 2347/177/2028 2348/179/2029
f 2333/1224/2014 2348/179/2029 2334/1226/2015
f 2334/1226/2015 2348/179/2029 2349/180/2030
f 2334/1226/2015 2349/180/2030 2335/1227/2016
f 2349/180/2030 2350/181/2031 2336/1228/2017
f 2349/180/2030 2336/1228/2017 2335/1227/2016
f 2350/181/2031 2351/182/2032 2337/1229/2018
f 2350/181/2031 2337/1229/2018 2336/1228/2017
f 2337/1229/2018 2351/182/2032 2352/183/2033
f 2337/1229/2018 2352/183/2033 2338/1230/2019
f 2338/1230/2019 2352/183/2033 2353/184/2034
f 2338/1230/2019 2353/184/2034 2339/1231/2020
f 2353/184/2034 2354/185/2035 302/158/228
f 2353/184/2034 302/158/228 2339/1231/2020
f 2340/1232/2021 2355/186/2036 2356/189/2037
f 2340/1232/2021 2356/189/2037 2341/1233/2022
f 2342/1235/2023 2357/187/2038 2358/188/2039
f 2342/1235/2023 2358/188/2039 2343/1234/2024
f 2343/1234/2024 2358/188/2039 2359/183/2040
f 2343/1234/2024 2359/183/2040 2344/1230/2025
f 2359/183/2040 2360/182/2041 2345/1229/2026
f 2359/183/2040 2345/1229/2026 2344/1230/2025
f 2345/1229/2026 2360/182/2041 2346/176/2027
f 2345/1229/2026 2346/176/2027 2332/1225/2013
f 2361/1236/2042 2311/1211/1992 2310/1208/1991
f 2361/1236/2042 2310/1208/1991 2362/1237/2043
f 2363/1238/2044 2328/1223/2009 2311/1211/1992
f 2363/1238/2044 2311/1211/1992 2361/1236/2042
f 2341/1233/2022 2342/1235/2023 2328/1223/2009
f 2341/1233/2022 2328/1223/2009 2363/1238/2044
f 2356/189/2037 2357/187/2038 2342/1235/2023
f 2356/189/2037 2342/1235/2023 2341/1233/2022
f 2317/1196/1998 308/163/234 309/165/235
f 2317/1196/1998 309/165/235 2315/1198/1996
f 2288/1186/1969 306/162/232 308/163/234
f 2288/1186/1969 308/163/234 2317/1196/1998
f 2313/1209/1994 310/166/236 311/167/237
f 2313/1209/1994 311/167/237 2310/1208/1991
f 2315/1198/1996 309/165/235 310/166/236
f 2315/1198/1996 310/166/236 2313/1209/1994
f 2310/1208/1991 311/167/237 312/168/238
f 2310/1208/1991 312/168/238 2362/1237/2043
f 2308/1206/1989 312/168/238 313/169/239
f 2308/1206/1989 313/169/239 2309/1205/1990
f 2302/1200/1983 2305/1202/1986 314/170/240
f 2302/1200/1983 314/170/240 315/171/241
f 2302/1200/1983 315/171/241 316/165/242
f 2302/1200/1983 316/165/242 2301/1198/1982
f 2299/1196/1980 317/163/243 318/172/244
f 2299/1196/1980 318/172/244 2297/1194/1978
f 2301/1198/1982 316/165/242 317/163/243
f 2301/1198/1982 317/163/243 2299/1196/1980
f 2297/1194/1978 318/172/244 319/173/245
f 2297/1194/1978 319/173/245 2295/1192/1976
f 2295/1192/1976 319/173/245 320/174/246
f 2295/1192/1976 320/174/246 2293/1190/1974
f 2291/1187/1972 321/175/247 306/162/232
f 2291/1187/1972 306/162/232 2288/1186/1969
f 2293/1190/1974 320/174/246 321/175/247
f 2293/1190/1974 321/175/247 2291/1187/1972
f 2364/1239/2045 2365/1240/2046 2361/1236/2042
f 2364/1239/2045 2361/1236/2042 2362/1237/2043
f 2307/1207/1988 2365/1240/2046 2364/1239/2045
f 2307/1207/1988 2364/1239/2045 2308/1206/1989
f 2365/1240/2046 2366/1241/2047 2363/1238/2044
f 2365/1240/2046 2363/1238/2044 2361/1236/2042
f 2327/1221/2008 2366/1241/2047 2365/1240/2046
f 2327/1221/2008 2365/1240/2046 2307/1207/1988
f 2341/1233/2022 2363/1238/2044 2366/1241/2047
f 2341/1233/2022 2366/1241/2047 2327/1221/2008
f 2364/1239/2045 2362/1237/2043 312/168/238
f 2364/1239/2045 312/168/238 2308/1206/1989
f 2304/1203/1985 2367/1243/2048 2368/1242/2049
f 2304/1203/1985 2368/1242/2049 2305/1202/1986
f 2368/1242/2049 2367/1243/2048 2369/1245/2050
f 2368/1242/2049 2369/1245/2050 2370/1244/2051
f 304/159/230 303/160/229 2367/1243/2048
f 304/159/230 2367/1243/2048 2304/1203/1985
f 2367/1243/2048 303/160/229 305/161/231
f 2367/1243/2048 305/161/231 2369/1245/2050
f 2368/1242/2049 2370/1244/2051 314/170/240
f 2368/1242/2049 314/170/240 2305/1202/1986
f 2354/185/2035 2355/186/2036 2340/1232/2021
f 2354/185/2035 2340/1232/2021 302/158/228
f 2326/1220/2007 305/161/231 302/158/228
f 2326/1220/2007 302/158/228 2340/1232/2021
f 2306/1204/1987 2369/1245/2050 305/161/231
f 2306/1204/1987 305/161/231 2326/1220/2007
f 2309/1205/1990 2370/1244/2051 2369/1245/2050
f 2309/1205/1990 2369/1245/2050 2306/1204/1987
f 314/170/240 2370/1244/2051 2309/1205/1990
f 314/170/240 2309/1205/1990 313/169/239
f 2371/985/2052 2372/988/2053 2373/987/2054
f 2371/985/2052 2373/987/2054 2374/986/2055
f 2374/986/2055 2373/987/2054 2375/990/2056
f 2374/986/2055 2375/990/2056 2376/989/2057
f 2373/987/2054 2377/992/2058 2378/991/2059
f 2373/987/2054 2378/991/2059 2375/990/2056
f 2372/988/2053 2379/993/2060 2377/992/2058
f 2372/988/2053 2377/992/2058 2373/987/2054
f 2380/994/2061 2381/997/2062 2382/996/2063
f 2380/994/2061 2382/996/2063 2383/995/2064
f 2383/995/2064 2382/996/2063 2384/999/2065
f 2383/995/2064 2384/999/2065 2385/998/2066
f 2382/996/2063 2386/1001/2067 2387/1000/2068
f 2382/996/2063 2387/1000/2068 2384/999/2065
f 2381/997/2062 2388/1002/2069 2386/1001/2067
f 2381/997/2062 2386/1001/2067 2382/996/2063
f 2389/1003/2070 2390/1006/2071 2391/1005/2072
f 2389/1003/2070 2391/1005/2072 2392/1004/2073
f 2392/1004/2073 2391/1005/2072 2393/1008/2074
f 2392/1004/2073 2393/1008/2074 2394/1007/2075
f 2391/1005/2072 2395/1010/2076 2396/1009/2077
f 2391/1005/2072 2396/1009/2077 2393/1008/2074
f 2390/1006/2071 2397/1011/2078 2395/1010/2076
f 2390/1006/2071 2395/1010/2076 2391/1005/2072
f 2378/991/2059 2377/992/2058 2398/1013/2079
f 2378/991/2059 2398/1013/2079 2399/1012/2080
f 2399/1012/2080 2398/1013/2079 2381/997/2062
f 2399/1012/2080 2381/997/2062 2380/994/2061
f 2398/1013/2079 2400/1014/2081 2388/1002/2069
f 2398/1013/2079 2388/1002/2069 2381/997/2062
f 2377/992/2058 2379/993/2060 2400/1014/2081
f 2377/992/2058 2400/1014/2081 2398/1013/2079
f 2388/1002/2069 2400/1014/2081 2401/1015/2082
f 2388/1002/2069 2401/1015/2082 2386/1001/2067
f 2386/1001/2067 2401/1015/2082 2402/1016/2083
f 2386/1001/2067 2402/1016/2083 2387/1000/2068
f 2401/1015/2082 2372/988/2053 2371/985/2052
f 2401/1015/2082 2371/985/2052 2402/1016/2083
f 2400/1014/2081 2379/993/2060 2372/988/2053
f 2400/1014/2081 2372/988/2053 2401/1015/2082
f 2403/1017/2084 2404/1020/2085 2405/1019/2086
f 2403/1017/2084 2405/1019/2086 2406/1018/2087
f 2406/1018/2087 2405/1019/2086 2407/1022/2088
f 2406/1018/2087 2407/1022/2088 2408/1021/2089
f 2405/1019/2086 2409/1024/2090 2410/1023/2091
f 2405/1019/2086 2410/1023/2091 2407/1022/2088
f 2404/1020/2085 2411/1025/2092 2409/1024/2090
f 2404/1020/2085 2409/1024/2090 2405/1019/2086
f 2385/998/2066 2384/999/2065 2412/1027/2093
f 2385/998/2066 2412/1027/2093 2413/1026/2094
f 2413/1026/2094 2412/1027/2093 2406/1018/2087
f 2413/1026/2094 2406/1018/2087 2408/1021/2089
f 2412/1027/2093 2414/1028/2095 2403/1017/2084
f 2412/1027/2093 2403/1017/2084 2406/1018/2087
f 2384/999/2065 2387/1000/2068 2414/1028/2095
f 2384/999/2065 2414/1028/2095 2412/1027/2093
f 2371/985/2052 2415/1030/2096 2416/1029/2097
f 2371/985/2052 2416/1029/2097 2402/1016/2083
f 2402/1016/2083 2416/1029/2097 2414/1028/2095
f 2402/1016/2083 2414/1028/2095 2387/1000/2068
f 2416/1029/2097 2404/1020/2085 2403/1017/2084
f 2416/1029/2097 2403/1017/2084 2414/1028/2095
f 2415/1030/2096 2411/1025/2092 2404/1020/2085
f 2415/1030/2096 2404/1020/2085 2416/1029/2097
f 2410/1023/2091 2409/1024/2090 2417/1032/2098
f 2410/1023/2091 2417/1032/2098 2418/1031/2099
f 2418/1031/2099 2417/1032/2098 2374/986/2055
f 2418/1031/2099 2374/986/2055 2376/989/2057
f 2417/1032/2098 2415/1030/2096 2371/985/2052
f 2417/1032/2098 2371/985/2052 2374/986/2055
f 2409/1024/2090 2411/1025/2092 2415/1030/2096
f 2409/1024/2090 2415/1030/2096 2417/1032/2098
f 2419/1033/2100 2420/1036/2101 2421/1035/2102
f 2419/1033/2100 2421/1035/2102 2422/1034/2103
f 2422/1034/2103 2421/1035/2102 2392/1004/2073
f 2422/1034/2103 2392/1004/2073 2394/1007/2075
f 2421/1035/2102 2423/1037/2104 2389/1003/2070
f 2421/1035/2102 2389/1003/2070 2392/1004/2073
f 2420/1036/2101 2424/1038/2105 2423/1037/2104
f 2420/1036/2101 2423/1037/2104 2421/1035/2102
f 2410/1023/2091 2425/1040/2106 2426/1039/2107
f 2410/1023/2091 2426/1039/2107 2407/1022/2088
f 2407/1022/2088 2426/1039/2107 2427/1041/2108
f 2407/1022/2088 2427/1041/2108 2408/1021/2089
f 2426/1039/2107 2420/1036/2101 2419/1033/2100
f 2426/1039/2107 2419/1033/2100 2427/1041/2108
f 2425/1040/2106 2424/1038/2105 2420/1036/2101
f 2425/1040/2106 2420/1036/2101 2426/1039/2107
f 2424/1038/2105 2425/1040/2106 2428/1042/2109
f 2424/1038/2105 2428/1042/2109 2423/1037/2104
f 2423/1037/2104 2428/1042/2109 2429/1043/2110
f 2423/1037/2104 2429/1043/2110 2389/1003/2070
f 2428/1042/2109 2418/1031/2099 2376/989/2057
f 2428/1042/2109 2376/989/2057 2429/1043/2110
f 2425/1040/2106 2410/1023/2091 2418/1031/2099
f 2425/1040/2106 2418/1031/2099 2428/1042/2109
f 2378/991/2059 2430/1045/2111 2431/1044/2112
f 2378/991/2059 2431/1044/2112 2375/990/2056
f 2375/990/2056 2431/1044/2112 2429/1043/2110
f 2375/990/2056 2429/1043/2110 2376/989/2057
f 2431/1044/2112 2390/1006/2071 2389/1003/2070
f 2431/1044/2112 2389/1003/2070 2429/1043/2110
f 2430/1045/2111 2397/1011/2078 2390/1006/2071
f 2430/1045/2111 2390/1006/2071 2431/1044/2112
f 2396/1009/2077 2395/1010/2076 2432/1047/2113
f 2396/1009/2077 2432/1047/2113 2433/1046/2114
f 2433/1046/2114 2432/1047/2113 2399/1012/2080
f 2433/1046/2114 2399/1012/2080 2380/994/2061
f 2432/1047/2113 2430/1045/2111 2378/991/2059
f 2432/1047/2113 2378/991/2059 2399/1012/2080
f 2395/1010/2076 2397/1011/2078 2430/1045/2111
f 2395/1010/2076 2430/1045/2111 2432/1047/2113
f 2394/1007/2075 2393/1008/2074 2434/1049/2115
f 2394/1007/2075 2434/1049/2115 2435/1048/2116
f 2435/1048/2116 2434/1049/2115 2383/995/2064
f 2435/1048/2116 2383/995/2064 2385/998/2066
f 2434/1049/2115 2433/1046/2114 2380/994/2061
f 2434/1049/2115 2380/994/2061 2383/995/2064
f 2393/1008/2074 2396/1009/2077 2433/1046/2114
f 2393/1008/2074 2433/1046/2114 2434/1049/2115
f 2419/1033/2100 2422/1034/2103 2436/1050/2117
f 2419/1033/2100 2436/1050/2117 2427/1041/2108
f 2427/1041/2108 2436/1050/2117 2413/1026/2094
f 2427/1041/2108 2413/1026/2094 2408/1021/2089
f 2436/1050/2117 2435/1048/2116 2385/998/2066
f 2436/1050/2117 2385/998/2066 2413/1026/2094
f 2422/1034/2103 2394/1007/2075 2435/1048/2116
f 2422/1034/2103 2435/1048/2116 2436/1050/2117
f 2437/952/2118 2438/955/1539 2439/954/586
f 2437/952/2118 2439/954/586 2440/953/1536
f 2440/953/1536 2439/954/586 2441/955/1537
f 2440/953/1536 2441/955/1537 2442/952/2119
f 2439/954/586 2443/957/1541 2444/956/1542
f 2439/954/586 2444/956/1542 2441/955/1537
f 2438/955/1539 2445/956/1540 2443/957/1541
f 2438/955/1539 2443/957/1541 2439/954/586
f 2445/956/1540 2446/959/1545 2447/958/1543
f 2445/956/1540 2447/958/1543 2443/957/1541
f 2443/957/1541 2447/958/1543 2448/959/1544
f 2443/957/1541 2448/959/1544 2444/956/1542
f 2447/958/1543 2449/961/1547 2450/960/1548
f 2447/958/1543 2450/960/1548 2448/959/1544
f 2446/959/1545 2451/960/1546 2449/961/1547
f 2446/959/1545 2449/961/1547 2447/958/1543
f 2451/960/1546 2452/963/2120 2453/962/579
f 2451/960/1546 2453/962/579 2449/961/1547
f 2449/961/1547 2453/962/579 2454/963/2121
f 2449/961/1547 2454/963/2121 2450/960/1548
f 2453/962/579 2455/965/1552 2456/964/2122
f 2453/962/579 2456/964/2122 2454/963/2121
f 2452/963/2120 2457/964/2123 2455/965/1552
f 2452/963/2120 2455/965/1552 2453/962/579
f 2457/964/2123 2458/967/1556 2459/966/1554
f 2457/964/2123 2459/966/1554 2455/965/1552
f 2455/965/1552 2459/966/1554 2460/967/1555
f 2455/965/1552 2460/967/1555 2456/964/2122
f 2459/966/1554 2440/953/1536 2442/952/2119
f 2459/966/1554 2442/952/2119 2460/967/1555
f 2458/967/1556 2437/952/2118 2440/953/1536
f 2458/967/1556 2440/953/1536 2459/966/1554
f 2442/952/2119 2441/955/1537 2461/968/1558
f 2442/952/2119 2461/968/1558 2460/967/1555
f 2460/967/1555 2461/968/1558 2454/963/2121
f 2460/967/1555 2454/963/2121 2456/964/2122
f 2461/968/1558 2448/959/1544 2450/960/1548
f 2461/968/1558 2450/960/1548 2454/963/2121
f 2441/955/1537 2444/956/1542 2448/959/1544
f 2441/955/1537 2448/959/1544 2461/968/1558
f 2457/964/2123 2452/963/2120 2462/968/1557
f 2457/964/2123 2462/968/1557 2458/967/1556
f 2458/967/1556 2462/968/1557 2438/955/1539
f 2458/967/1556 2438/955/1539 2437/952/2118
f 2462/968/1557 2446/959/1545 2445/956/1540
f 2462/968/1557 2445/956/1540 2438/955/1539
f 2452/963/2120 2451/960/1546 2446/959/1545
f 2452/963/2120 2446/959/1545 2462/968/1557
f 2463/1051/1655 368/148/182 367/146/181
f 2463/1051/1655 367/146/181 2464/1052/1654
f 2464/1052/1654 367/146/181 370/149/180
f 2464/1052/1654 370/149/180 2465/1053/2124
f 2465/1053/2124 370/149/180 371/150/179
f 2465/1053/2124 371/150/179 2466/1054/1652
f 2466/1054/1652 371/150/179 372/149/178
f 2466/1054/1652 372/149/178 2467/1053/1651
f 2467/1053/1651 372/149/178 373/146/176
f 2467/1053/1651 373/146/176 2468/1052/1650
f 2468/1052/1650 373/146/176 374/148/177
f 2468/1052/1650 374/148/177 2469/1051/1649
f 2469/1051/1649 374/148/177 375/151/183
f 2469/1051/1649 375/151/183 2470/1055/1656
f 2470/1055/1656 375/151/183 368/148/182
f 2470/1055/1656 368/148/182 2463/1051/1655
f 2471/1056/1662 2472/1057/1663 377/154/263
f 2471/1056/1662 377/154/263 376/152/190
f 2473/1058/2125 2471/1056/1662 376/152/190
f 2473/1058/2125 376/152/190 379/155/189
f 2474/1059/1660 2473/1058/2125 379/155/189
f 2474/1059/1660 379/155/189 380/156/188
f 2475/1058/2126 2474/1059/1660 380/156/188
f 2475/1058/2126 380/156/188 381/155/187
f 2476/1056/1657 2475/1058/2126 381/155/187
f 2476/1056/1657 381/155/187 382/152/184
f 2477/1057/1658 2476/1056/1657 382/152/184
f 2477/1057/1658 382/152/184 383/154/264
f 2478/1060/1664 2477/1057/1658 383/154/264
f 2478/1060/1664 383/154/264 384/157/192
f 2472/1057/1663 2478/1060/1664 384/157/192
f 2472/1057/1663 384/157/192 377/154/263
f 2479/1061/1669 2480/1062/2127 2463/1051/1655
f 2479/1061/1669 2463/1051/1655 2464/1052/1654
f 2463/1051/1655 2480/1062/2127 2481/1063/1667
f 2463/1051/1655 2481/1063/1667 2470/1055/1656
f 2470/1055/1656 2481/1063/1667 2482/1062/2128
f 2470/1055/1656 2482/1062/2128 2469/1051/1649
f 2469/1051/1649 2482/1062/2128 2483/1061/1665
f 2469/1051/1649 2483/1061/1665 2468/1052/1650
f 2468/1052/1650 2483/1061/1665 2484/1064/1672
f 2468/1052/1650 2484/1064/1672 2467/1053/1651
f 2467/1053/1651 2484/1064/1672 2485/1065/1671
f 2467/1053/1651 2485/1065/1671 2466/1054/1652
f 2466/1054/1652 2485/1065/1671 2486/1064/1670
f 2466/1054/1652 2486/1064/1670 2465/1053/2124
f 2465/1053/2124 2486/1064/1670 2479/1061/1669
f 2465/1053/2124 2479/1061/1669 2464/1052/1654
f 2486/1064/1670 2472/1057/1663 2471/1056/1662
f 2486/1064/1670 2471/1056/1662 2479/1061/1669
f 2485/1065/1671 2478/1060/1664 2472/1057/1663
f 2485/1065/1671 2472/1057/1663 2486/1064/1670
f 2484/1064/1672 2477/1057/1658 2478/1060/1664
f 2484/1064/1672 2478/1060/1664 2485/1065/1671
f 2483/1061/1665 2476/1056/1657 2477/1057/1658
f 2483/1061/1665 2477/1057/1658 2484/1064/1672
f 2482/1062/2128 2475/1058/2126 2476/1056/1657
f 2482/1062/2128 2476/1056/1657 2483/1061/1665
f 2481/1063/1667 2474/1059/1660 2475/1058/2126
f 2481/1063/1667 2475/1058/2126 2482/1062/2128
f 2480/1062/2127 2473/1058/2125 2474/1059/1660
f 2480/1062/2127 2474/1059/1660 2481/1063/1667
f 2471/1056/1662 2473/1058/2125 2480/1062/2127
f 2471/1056/1662 2480/1062/2127 2479/1061/1669
f 2487/1066/2129 2488/1246/2130 2489/1068/2131
f 2487/1066/2129 2489/1068/2131 2490/1067/1691
f 2490/1067/1691 2489/1068/2131 2491/1071/1689
f 2490/1067/1691 2491/1071/1689 2492/1070/1690
f 2489/1068/2131 2493/1073/1685 2494/1072/1684
f 2489/1068/2131 2494/1072/1684 2491/1071/1689
f 2488/1246/2130 2495/1074/1686 2493/1073/1685
f 2488/1246/2130 2493/1073/1685 2489/1068/2131
f 2495/1074/1686 2496/1076/1682 2497/1075/2
f 2495/1074/1686 2497/1075/2 2493/1073/1685
f 2493/1073/1685 2497/1075/2 2498/1077/1683
f 2493/1073/1685 2498/1077/1683 2494/1072/1684
f 2497/1075/2 2499/1073/1680 2500/1072/1679
f 2497/1075/2 2500/1072/1679 2498/1077/1683
f 2496/1076/1682 2501/1074/1681 2499/1073/1680
f 2496/1076/1682 2499/1073/1680 2497/1075/2
f 2501/1074/1681 2502/1246/1676 2503/1068/2132
f 2501/1074/1681 2503/1068/2132 2499/1073/1680
f 2499/1073/1680 2503/1068/2132 2504/1071/1678
f 2499/1073/1680 2504/1071/1678 2500/1072/1679
f 2503/1068/2132 2505/1067/2133 2506/1070/1677
f 2503/1068/2132 2506/1070/1677 2504/1071/1678
f 2502/1246/1676 2507/1066/2134 2505/1067/2133
f 2502/1246/1676 2505/1067/2133 2503/1068/2132
f 2508/1078/1701 2509/1081/1696 2510/1080/1695
f 2508/1078/1701 2510/1080/1695 2511/1079/1700
f 2511/1079/1700 2510/1080/1695 2512/1083/1698
f 2511/1079/1700 2512/1083/1698 2513/1082/1699
f 2510/1080/1695 2514/1079/1694 2515/1082/1697
f 2510/1080/1695 2515/1082/1697 2512/1083/1698
f 2509/1081/1696 2516/1078/1693 2514/1079/1694
f 2509/1081/1696 2514/1079/1694 2510/1080/1695
f 2492/1070/1690 2491/1071/1689 2517/1085/1703
f 2492/1070/1690 2517/1085/1703 2518/1084/1702
f 2518/1084/1702 2517/1085/1703 2504/1071/1678
f 2518/1084/1702 2504/1071/1678 2506/1070/1677
f 2517/1085/1703 2498/1077/1683 2500/1072/1679
f 2517/1085/1703 2500/1072/1679 2504/1071/1678
f 2491/1071/1689 2494/1072/1684 2498/1077/1683
f 2491/1071/1689 2498/1077/1683 2517/1085/1703
f 2507/1066/2134 2502/1246/1676 2519/1087/1705
f 2507/1066/2134 2519/1087/1705 2520/1086/1704
f 2520/1086/1704 2519/1087/1705 2488/1246/2130
f 2520/1086/1704 2488/1246/2130 2487/1066/2129
f 2519/1087/1705 2496/1076/1682 2495/1074/1686
f 2519/1087/1705 2495/1074/1686 2488/1246/2130
f 2502/1246/1676 2501/1074/1681 2496/1076/1682
f 2502/1246/1676 2496/1076/1682 2519/1087/1705
f 2507/1066/2134 2521/1089/1712 2522/1088/1711
f 2507/1066/2134 2522/1088/1711 2505/1067/2133
f 2505/1067/2133 2522/1088/1711 2523/1090/1710
f 2505/1067/2133 2523/1090/1710 2506/1070/1677
f 2522/1088/1711 2511/1079/1700 2513/1082/1699
f 2522/1088/1711 2513/1082/1699 2523/1090/1710
f 2521/1089/1712 2508/1078/1701 2511/1079/1700
f 2521/1089/1712 2511/1079/1700 2522/1088/1711
f 2506/1070/1677 2523/1090/1710 2524/1091/1709
f 2506/1070/1677 2524/1091/1709 2518/1084/1702
f 2518/1084/1702 2524/1091/1709 2525/1090/1708
f 2518/1084/1702 2525/1090/1708 2492/1070/1690
f 2524/1091/1709 2512/1083/1698 2515/1082/1697
f 2524/1091/1709 2515/1082/1697 2525/1090/1708
f 2523/1090/1710 2513/1082/1699 2512/1083/1698
f 2523/1090/1710 2512/1083/1698 2524/1091/1709
f 2492/1070/1690 2525/1090/1708 2526/1088/1706
f 2492/1070/1690 2526/1088/1706 2490/1067/1691
f 2490/1067/1691 2526/1088/1706 2527/1089/1707
f 2490/1067/1691 2527/1089/1707 2487/1066/2129
f 2526/1088/1706 2514/1079/1694 2516/1078/1693
f 2526/1088/1706 2516/1078/1693 2527/1089/1707
f 2525/1090/1708 2515/1082/1697 2514/1079/1694
f 2525/1090/1708 2514/1079/1694 2526/1088/1706
f 2487/1066/2129 2527/1089/1707 2528/1092/1713
f 2487/1066/2129 2528/1092/1713 2520/1086/1704
f 2520/1086/1704 2528/1092/1713 2521/1089/1712
f 2520/1086/1704 2521/1089/1712 2507/1066/2134
f 2528/1092/1713 2509/1081/1696 2508/1078/1701
f 2528/1092/1713 2508/1078/1701 2521/1089/1712
f 2527/1089/1707 2516/1078/1693 2509/1081/1696
f 2527/1089/1707 2509/1081/1696 2528/1092/1713
f 2529/190/2135 2530/193/2136 2531/1247/295
f 2529/190/2135 2531/1247/295 2532/191/293
f 2533/194/290 2529/190/2135 2532/191/293
f 2533/194/290 2532/191/293 2534/195/291
f 2535/196/288 2533/194/290 2534/195/291
f 2535/196/288 2534/195/291 2536/197/289
f 2537/194/2137 2535/196/288 2536/197/289
f 2537/194/2137 2536/197/289 2538/195/287
f 2539/190/282 2537/194/2137 2538/195/287
f 2539/190/282 2538/195/287 2540/191/283
f 2541/193/2138 2539/190/282 2540/191/283
f 2541/193/2138 2540/191/283 2542/1247/284
f 2543/198/296 2541/193/2138 2542/1247/284
f 2543/198/296 2542/1247/284 2544/199/297
f 2530/193/2136 2543/198/296 2544/199/297
f 2530/193/2136 2544/199/297 2531/1247/295
f 2531/1247/295 386/3/8 385/1/7
f 2531/1247/295 385/1/7 2532/191/293
f 2532/191/293 385/1/7 388/4/6
f 2532/191/293 388/4/6 2534/195/291
f 2534/195/291 388/4/6 389/5/5
f 2534/195/291 389/5/5 2536/197/289
f 2536/197/289 389/5/5 390/4/4
f 2536/197/289 390/4/4 2538/195/287
f 2538/195/287 390/4/4 391/1/1
f 2538/195/287 391/1/1 2540/191/283
f 2540/191/283 391/1/1 392/3/3
f 2540/191/283 392/3/3 2542/1247/284
f 2542/1247/284 392/3/3 393/6/9
f 2542/1247/284 393/6/9 2544/199/297
f 2544/199/297 393/6/9 386/3/8
f 2544/199/297 386/3/8 2531/1247/295
f 2545/200/308 2546/203/310 2547/202/2139
f 2545/200/308 2547/202/2139 2548/201/309
f 2549/204/306 2545/200/308 2548/201/309
f 2549/204/306 2548/201/309 2550/205/2140
f 2551/206/304 2549/204/306 2550/205/2140
f 2551/206/304 2550/205/2140 2552/207/305
f 2553/204/302 2551/206/304 2552/207/305
f 2553/204/302 2552/207/305 2554/205/2141
f 2555/200/298 2553/204/302 2554/205/2141
f 2555/200/298 2554/205/2141 2556/201/299
f 2557/203/301 2555/200/298 2556/201/299
f 2557/203/301 2556/201/299 2558/202/2142
f 2559/208/312 2557/203/301 2558/202/2142
f 2559/208/312 2558/202/2142 2560/209/313
f 2546/203/310 2559/208/312 2560/209/313
f 2546/203/310 2560/209/313 2547/202/2139
f 2548/201/309 2547/202/2139 395/9/35
f 2548/201/309 395/9/35 394/7/16
f 2550/205/2140 2548/201/309 394/7/16
f 2550/205/2140 394/7/16 397/10/15
f 2552/207/305 2550/205/2140 397/10/15
f 2552/207/305 397/10/15 398/11/14
f 2554/205/2141 2552/207/305 398/11/14
f 2554/205/2141 398/11/14 399/10/13
f 2556/201/299 2554/205/2141 399/10/13
f 2556/201/299 399/10/13 400/7/10
f 2558/202/2142 2556/201/299 400/7/10
f 2558/202/2142 400/7/10 401/9/265
f 2560/209/313 2558/202/2142 401/9/265
f 2560/209/313 401/9/265 402/12/18
f 2547/202/2139 2560/209/313 402/12/18
f 2547/202/2139 402/12/18 395/9/35
f 2545/200/308 2549/204/306 2530/193/2136
f 2545/200/308 2530/193/2136 2529/190/2135
f 2530/193/2136 2549/204/306 2551/206/304
f 2530/193/2136 2551/206/304 2543/198/296
f 2543/198/296 2551/206/304 2553/204/302
f 2543/198/296 2553/204/302 2541/193/2138
f 2541/193/2138 2553/204/302 2555/200/298
f 2541/193/2138 2555/200/298 2539/190/282
f 2539/190/282 2555/200/298 2557/203/301
f 2539/190/282 2557/203/301 2537/194/2137
f 2537/194/2137 2557/203/301 2559/208/312
f 2537/194/2137 2559/208/312 2535/196/288
f 2535/196/288 2559/208/312 2546/203/310
f 2535/196/288 2546/203/310 2533/194/290
f 2533/194/290 2546/203/310 2545/200/308
f 2533/194/290 2545/200/308 2529/190/2135
f 2561/872/1428 2562/875/1429 2563/874/1427
f 2561/872/1428 2563/874/1427 2564/873/1426
f 2564/873/1426 2563/874/1427 2565/877/2143
f 2564/873/1426 2565/877/2143 2566/876/1424
f 2566/876/1424 2565/877/2143 2567/879/1423
f 2566/876/1424 2567/879/1423 2568/878/1422
f 2568/878/1422 2567/879/1423 2569/877/2144
f 2568/878/1422 2569/877/2144 2570/876/1420
f 2570/876/1420 2569/877/2144 2571/874/1418
f 2570/876/1420 2571/874/1418 2572/873/1417
f 2572/873/1417 2571/874/1418 2573/875/1419
f 2572/873/1417 2573/875/1419 2574/872/1416
f 2574/872/1416 2573/875/1419 2575/881/1431
f 2574/872/1416 2575/881/1431 2576/880/1430
f 2576/880/1430 2575/881/1431 2562/875/1429
f 2576/880/1430 2562/875/1429 2561/872/1428
f 2562/875/1429 2577/883/1438 2578/882/1437
f 2562/875/1429 2578/882/1437 2563/874/1427
f 2563/874/1427 2578/882/1437 2579/884/2145
f 2563/874/1427 2579/884/2145 2565/877/2143
f 2565/877/2143 2579/884/2145 2580/885/1435
f 2565/877/2143 2580/885/1435 2567/879/1423
f 2567/879/1423 2580/885/1435 2581/884/2146
f 2567/879/1423 2581/884/2146 2569/877/2144
f 2569/877/2144 2581/884/2146 2582/882/1432
f 2569/877/2144 2582/882/1432 2571/874/1418
f 2571/874/1418 2582/882/1432 2583/883/2147
f 2571/874/1418 2583/883/2147 2573/875/1419
f 2573/875/1419 2583/883/2147 2584/886/1439
f 2573/875/1419 2584/886/1439 2575/881/1431
f 2575/881/1431 2584/886/1439 2577/883/1438
f 2575/881/1431 2577/883/1438 2562/875/1429
f 2577/883/1438 403/109/266 405/110/130
f 2577/883/1438 405/110/130 2578/882/1437
f 2578/882/1437 405/110/130 406/112/129
f 2578/882/1437 406/112/129 2579/884/2145
f 2579/884/2145 406/112/129 407/113/128
f 2579/884/2145 407/113/128 2580/885/1435
f 2580/885/1435 407/113/128 408/112/267
f 2580/885/1435 408/112/267 2581/884/2146
f 2581/884/2146 408/112/267 409/110/125
f 2581/884/2146 409/110/125 2582/882/1432
f 2582/882/1432 409/110/125 410/109/268
f 2582/882/1432 410/109/268 2583/883/2147
f 2583/883/2147 410/109/268 411/114/132
f 2583/883/2147 411/114/132 2584/886/1439
f 2584/886/1439 411/114/132 403/109/266
f 2584/886/1439 403/109/266 2577/883/1438
f 2585/887/1451 2586/890/1452 2587/889/1450
f 2585/887/1451 2587/889/1450 2588/888/1449
f 2588/888/1449 2587/889/1450 2589/892/1448
f 2588/888/1449 2589/892/1448 2590/891/1447
f 2590/891/1447 2589/892/1448 2591/894/1446
f 2590/891/1447 2591/894/1446 2592/893/1044
f 2592/893/1044 2591/894/1446 2593/892/1445
f 2592/893/1044 2593/892/1445 2594/891/1444
f 2594/891/1444 2593/892/1445 2595/889/2148
f 2594/891/1444 2595/889/2148 2596/888/1441
f 2596/888/1441 2595/889/2148 2597/890/1443
f 2596/888/1441 2597/890/1443 2598/887/1440
f 2598/887/1440 2597/890/1443 2599/896/1454
f 2598/887/1440 2599/896/1454 2600/895/1453
f 2600/895/1453 2599/896/1454 2586/890/1452
f 2600/895/1453 2586/890/1452 2585/887/1451
f 2586/890/1452 2601/898/1461 2602/897/1460
f 2586/890/1452 2602/897/1460 2587/889/1450
f 2587/889/1450 2602/897/1460 2603/899/2149
f 2587/889/1450 2603/899/2149 2589/892/1448
f 2589/892/1448 2603/899/2149 2604/900/1458
f 2589/892/1448 2604/900/1458 2591/894/1446
f 2591/894/1446 2604/900/1458 2605/899/2150
f 2591/894/1446 2605/899/2150 2593/892/1445
f 2593/892/1445 2605/899/2150 2606/897/1455
f 2593/892/1445 2606/897/1455 2595/889/2148
f 2595/889/2148 2606/897/1455 2607/898/2151
f 2595/889/2148 2607/898/2151 2597/890/1443
f 2597/890/1443 2607/898/2151 2608/901/1462
f 2597/890/1443 2608/901/1462 2599/896/1454
f 2599/896/1454 2608/901/1462 2601/898/1461
f 2599/896/1454 2601/898/1461 2586/890/1452
f 2601/898/1461 412/115/269 414/116/139
f 2601/898/1461 414/116/139 2602/897/1460
f 2602/897/1460 414/116/139 415/118/138
f 2602/897/1460 415/118/138 2603/899/2149
f 2603/899/2149 415/118/138 416/119/137
f 2603/899/2149 416/119/137 2604/900/1458
f 2604/900/1458 416/119/137 417/118/136
f 2604/900/1458 417/118/136 2605/899/2150
f 2605/899/2150 417/118/136 418/116/134
f 2605/899/2150 418/116/134 2606/897/1455
f 2606/897/1455 418/116/134 419/115/133
f 2606/897/1455 419/115/133 2607/898/2151
f 2607/898/2151 419/115/133 420/120/141
f 2607/898/2151 420/120/141 2608/901/1462
f 2608/901/1462 420/120/141 412/115/269
f 2608/901/1462 412/115/269 2601/898/1461
f 2564/873/1426 2609/903/1467 2610/902/1466
f 2564/873/1426 2610/902/1466 2561/872/1428
f 2561/872/1428 2610/902/1466 2611/904/1465
f 2561/872/1428 2611/904/1465 2576/880/1430
f 2576/880/1430 2611/904/1465 2612/902/1463
f 2576/880/1430 2612/902/1463 2574/872/1416
f 2574/872/1416 2612/902/1463 2613/903/1464
f 2574/872/1416 2613/903/1464 2572/873/1417
f 2572/873/1417 2613/903/1464 2614/905/1470
f 2572/873/1417 2614/905/1470 2570/876/1420
f 2570/876/1420 2614/905/1470 2615/906/1469
f 2570/876/1420 2615/906/1469 2568/878/1422
f 2568/878/1422 2615/906/1469 2616/905/2152
f 2568/878/1422 2616/905/2152 2566/876/1424
f 2566/876/1424 2616/905/2152 2609/903/1467
f 2566/876/1424 2609/903/1467 2564/873/1426
f 2616/905/2152 2617/908/1474 2618/907/1475
f 2616/905/2152 2618/907/1475 2609/903/1467
f 2615/906/1469 2619/909/1473 2617/908/1474
f 2615/906/1469 2617/908/1474 2616/905/2152
f 2614/905/1470 2620/908/1472 2619/909/1473
f 2614/905/1470 2619/909/1473 2615/906/1469
f 2613/903/1464 2621/907/1471 2620/908/1472
f 2613/903/1464 2620/908/1472 2614/905/1470
f 2612/902/1463 2622/910/1478 2621/907/1471
f 2612/902/1463 2621/907/1471 2613/903/1464
f 2611/904/1465 2623/911/1477 2622/910/1478
f 2611/904/1465 2622/910/1478 2612/902/1463
f 2610/902/1466 2624/910/1476 2623/911/1477
f 2610/902/1466 2623/911/1477 2611/904/1465
f 2609/903/1467 2618/907/1475 2624/910/1476
f 2609/903/1467 2624/910/1476 2610/902/1466
f 2617/908/1474 2585/887/1451 2588/888/1449
f 2617/908/1474 2588/888/1449 2618/907/1475
f 2619/909/1473 2600/895/1453 2585/887/1451
f 2619/909/1473 2585/887/1451 2617/908/1474
f 2620/908/1472 2598/887/1440 2600/895/1453
f 2620/908/1472 2600/895/1453 2619/909/1473
f 2621/907/1471 2596/888/1441 2598/887/1440
f 2621/907/1471 2598/887/1440 2620/908/1472
f 2622/910/1478 2594/891/1444 2596/888/1441
f 2622/910/1478 2596/888/1441 2621/907/1471
f 2623/911/1477 2592/893/1044 2594/891/1444
f 2623/911/1477 2594/891/1444 2622/910/1478
f 2624/910/1476 2590/891/1447 2592/893/1044
f 2624/910/1476 2592/893/1044 2623/911/1477
f 2618/907/1475 2588/888/1449 2590/891/1447
f 2618/907/1475 2590/891/1447 2624/910/1476
f 2625/210/318 2626/213/2153 2627/212/316
f 2625/210/318 2627/212/316 2628/211/315
f 2628/211/315 2627/212/316 2629/213/317
f 2628/211/315 2629/213/317 2630/210/314
f 2630/210/314 2629/213/317 2631/215/329
f 2630/210/314 2631/215/329 2632/214/328
f 2632/214/328 2631/215/329 2633/220/327
f 2632/214/328 2633/220/327 2634/216/326
f 2634/216/326 2633/220/327 2635/219/325
f 2634/216/326 2635/219/325 2636/218/324
f 2636/218/324 2635/219/325 2637/220/323
f 2636/218/324 2637/220/323 2638/216/322
f 2638/216/322 2637/220/323 2639/215/321
f 2638/216/322 2639/215/321 2640/214/320
f 2640/214/320 2639/215/321 2626/213/2153
f 2640/214/320 2626/213/2153 2625/210/318
f 2626/213/2153 2641/222/332 2642/221/330
f 2626/213/2153 2642/221/330 2627/212/316
f 2627/212/316 2642/221/330 2643/222/331
f 2627/212/316 2643/222/331 2629/213/317
f 2629/213/317 2643/222/331 2644/223/337
f 2629/213/317 2644/223/337 2631/215/329
f 2631/215/329 2644/223/337 2645/224/336
f 2631/215/329 2645/224/336 2633/220/327
f 2633/220/327 2645/224/336 2646/225/335
f 2633/220/327 2646/225/335 2635/219/325
f 2635/219/325 2646/225/335 2647/224/334
f 2635/219/325 2647/224/334 2637/220/323
f 2637/220/323 2647/224/334 2648/223/333
f 2637/220/323 2648/223/333 2639/215/321
f 2639/215/321 2648/223/333 2641/222/332
f 2639/215/321 2641/222/332 2626/213/2153
f 2641/222/332 421/13/21 423/14/20
f 2641/222/332 423/14/20 2642/221/330
f 2642/221/330 423/14/20 424/13/19
f 2642/221/330 424/13/19 2643/222/331
f 2643/222/331 424/13/19 425/16/26
f 2643/222/331 425/16/26 2644/223/337
f 2644/223/337 425/16/26 426/17/25
f 2644/223/337 426/17/25 2645/224/336
f 2645/224/336 426/17/25 427/18/24
f 2645/224/336 427/18/24 2646/225/335
f 2646/225/335 427/18/24 428/17/23
f 2646/225/335 428/17/23 2647/224/334
f 2647/224/334 428/17/23 429/16/22
f 2647/224/334 429/16/22 2648/223/333
f 2648/223/333 429/16/22 421/13/21
f 2648/223/333 421/13/21 2641/222/332
f 2649/226/342 2650/229/343 2651/228/340
f 2649/226/342 2651/228/340 2652/227/339
f 2652/227/339 2651/228/340 2653/229/341
f 2652/227/339 2653/229/341 2654/226/338
f 2654/226/338 2653/229/341 2655/231/353
f 2654/226/338 2655/231/353 2656/230/352
f 2656/230/352 2655/231/353 2657/233/351
f 2656/230/352 2657/233/351 2658/232/350
f 2658/232/350 2657/233/351 2659/235/349
f 2658/232/350 2659/235/349 2660/234/348
f 2660/234/348 2659/235/349 2661/233/347
f 2660/234/348 2661/233/347 2662/232/346
f 2662/232/346 2661/233/347 2663/231/345
f 2662/232/346 2663/231/345 2664/230/344
f 2664/230/344 2663/231/345 2650/229/343
f 2664/230/344 2650/229/343 2649/226/342
f 2650/229/343 2665/237/356 2666/236/354
f 2650/229/343 2666/236/354 2651/228/340
f 2651/228/340 2666/236/354 2667/237/355
f 2651/228/340 2667/237/355 2653/229/341
f 2653/229/341 2667/237/355 2668/238/361
f 2653/229/341 2668/238/361 2655/231/353
f 2655/231/353 2668/238/361 2669/239/360
f 2655/231/353 2669/239/360 2657/233/351
f 2657/233/351 2669/239/360 2670/240/359
f 2657/233/351 2670/240/359 2659/235/349
f 2659/235/349 2670/240/359 2671/239/358
f 2659/235/349 2671/239/358 2661/233/347
f 2661/233/347 2671/239/358 2672/238/357
f 2661/233/347 2672/238/357 2663/231/345
f 2663/231/345 2672/238/357 2665/237/356
f 2663/231/345 2665/237/356 2650/229/343
f 2665/237/356 2673/242/364 2674/241/362
f 2665/237/356 2674/241/362 2666/236/354
f 2666/236/354 2674/241/362 2675/242/363
f 2666/236/354 2675/242/363 2667/237/355
f 2667/237/355 2675/242/363 2676/243/369
f 2667/237/355 2676/243/369 2668/238/361
f 2668/238/361 2676/243/369 2677/244/368
f 2668/238/361 2677/244/368 2669/239/360
f 2669/239/360 2677/244/368 2678/245/367
f 2669/239/360 2678/245/367 2670/240/359
f 2670/240/359 2678/245/367 2679/244/366
f 2670/240/359 2679/244/366 2671/239/358
f 2671/239/358 2679/244/366 2680/243/365
f 2671/239/358 2680/243/365 2672/238/357
f 2672/238/357 2680/243/365 2673/242/364
f 2672/238/357 2673/242/364 2665/237/356
f 2673/242/364 430/19/29 432/20/28
f 2673/242/364 432/20/28 2674/241/362
f 2674/241/362 432/20/28 433/19/27
f 2674/241/362 433/19/27 2675/242/363
f 2675/242/363 433/19/27 434/22/34
f 2675/242/363 434/22/34 2676/243/369
f 2676/243/369 434/22/34 435/23/33
f 2676/243/369 435/23/33 2677/244/368
f 2677/244/368 435/23/33 436/24/32
f 2677/244/368 436/24/32 2678/245/367
f 2678/245/367 436/24/32 437/23/31
f 2678/245/367 437/23/31 2679/244/366
f 2679/244/366 437/23/31 438/22/30
f 2679/244/366 438/22/30 2680/243/365
f 2680/243/365 438/22/30 430/19/29
f 2680/243/365 430/19/29 2673/242/364
f 2628/211/315 2681/247/371 2682/246/377
f 2628/211/315 2682/246/377 2625/210/318
f 2625/210/318 2682/246/377 2683/248/376
f 2625/210/318 2683/248/376 2640/214/320
f 2640/214/320 2683/248/376 2684/249/375
f 2640/214/320 2684/249/375 2638/216/322
f 2638/216/322 2684/249/375 2685/250/374
f 2638/216/322 2685/250/374 2636/218/324
f 2636/218/324 2685/250/374 2686/249/373
f 2636/218/324 2686/249/373 2634/216/326
f 2634/216/326 2686/249/373 2687/248/372
f 2634/216/326 2687/248/372 2632/214/328
f 2632/214/328 2687/248/372 2688/246/370
f 2632/214/328 2688/246/370 2630/210/314
f 2630/210/314 2688/246/370 2681/247/371
f 2630/210/314 2681/247/371 2628/211/315
f 2688/246/370 2689/252/385 2690/251/378
f 2688/246/370 2690/251/378 2681/247/371
f 2687/248/372 2691/253/384 2689/252/385
f 2687/248/372 2689/252/385 2688/246/370
f 2686/249/373 2692/254/383 2691/253/384
f 2686/249/373 2691/253/384 2687/248/372
f 2685/250/374 2693/255/382 2692/254/383
f 2685/250/374 2692/254/383 2686/249/373
f 2684/249/375 2694/254/381 2693/255/382
f 2684/249/375 2693/255/382 2685/250/374
f 2683/248/376 2695/253/380 2694/254/381
f 2683/248/376 2694/254/381 2684/249/375
f 2682/246/377 2696/252/379 2695/253/380
f 2682/246/377 2695/253/380 2683/248/376
f 2681/247/371 2690/251/378 2696/252/379
f 2681/247/371 2696/252/379 2682/246/377
f 2689/252/385 2697/257/393 2698/256/386
f 2689/252/385 2698/256/386 2690/251/378
f 2691/253/384 2699/258/392 2697/257/393
f 2691/253/384 2697/257/393 2689/252/385
f 2692/254/383 2700/259/391 2699/258/392
f 2692/254/383 2699/258/392 2691/253/384
f 2693/255/382 2701/260/390 2700/259/391
f 2693/255/382 2700/259/391 2692/254/383
f 2694/254/381 2702/259/389 2701/260/390
f 2694/254/381 2701/260/390 2693/255/382
f 2695/253/380 2703/258/388 2702/259/389
f 2695/253/380 2702/259/389 2694/254/381
f 2696/252/379 2704/257/2154 2703/258/388
f 2696/252/379 2703/258/388 2695/253/380
f 2690/251/378 2698/256/386 2704/257/2154
f 2690/251/378 2704/257/2154 2696/252/379
f 2697/257/393 2649/226/342 2652/227/339
f 2697/257/393 2652/227/339 2698/256/386
f 2699/258/392 2664/230/344 2649/226/342
f 2699/258/392 2649/226/342 2697/257/393
f 2700/259/391 2662/232/346 2664/230/344
f 2700/259/391 2664/230/344 2699/258/392
f 2701/260/390 2660/234/348 2662/232/346
f 2701/260/390 2662/232/346 2700/259/391
f 2702/259/389 2658/232/350 2660/234/348
f 2702/259/389 2660/234/348 2701/260/390
f 2703/258/388 2656/230/352 2658/232/350
f 2703/258/388 2658/232/350 2702/259/389
f 2704/257/2154 2654/226/338 2656/230/352
f 2704/257/2154 2656/230/352 2703/258/388
f 2698/256/386 2652/227/339 2654/226/338
f 2698/256/386 2654/226/338 2704/257/2154
f 2705/912/1483 2706/915/1484 2707/914/1481
f 2705/912/1483 2707/914/1481 2708/913/1480
f 2708/913/1480 2707/914/1481 2709/915/1482
f 2708/913/1480 2709/915/1482 2710/912/1479
f 2710/912/1479 2709/915/1482 2711/917/1494
f 2710/912/1479 2711/917/1494 2712/916/1493
f 2712/916/1493 2711/917/1494 2713/919/1492
f 2712/916/1493 2713/919/1492 2714/918/1491
f 2714/918/1491 2713/919/1492 2715/921/1490
f 2714/918/1491 2715/921/1490 2716/920/1489
f 2716/920/1489 2715/921/1490 2717/919/1488
f 2716/920/1489 2717/919/1488 2718/918/1487
f 2718/918/1487 2717/919/1488 2719/917/1486
f 2718/918/1487 2719/917/1486 2720/916/1485
f 2720/916/1485 2719/917/1486 2706/915/1484
f 2720/916/1485 2706/915/1484 2705/912/1483
f 2706/915/1484 2721/923/1497 2722/922/1495
f 2706/915/1484 2722/922/1495 2707/914/1481
f 2707/914/1481 2722/922/1495 2723/923/1496
f 2707/914/1481 2723/923/1496 2709/915/1482
f 2709/915/1482 2723/923/1496 2724/924/1502
f 2709/915/1482 2724/924/1502 2711/917/1494
f 2711/917/1494 2724/924/1502 2725/925/1501
f 2711/917/1494 2725/925/1501 2713/919/1492
f 2713/919/1492 2725/925/1501 2726/926/1500
f 2713/919/1492 2726/926/1500 2715/921/1490
f 2715/921/1490 2726/926/1500 2727/925/1499
f 2715/921/1490 2727/925/1499 2717/919/1488
f 2717/919/1488 2727/925/1499 2728/924/1498
f 2717/919/1488 2728/924/1498 2719/917/1486
f 2719/917/1486 2728/924/1498 2721/923/1497
f 2719/917/1486 2721/923/1497 2706/915/1484
f 2721/923/1497 439/121/144 441/122/143
f 2721/923/1497 441/122/143 2722/922/1495
f 2722/922/1495 441/122/143 442/121/142
f 2722/922/1495 442/121/142 2723/923/1496
f 2723/923/1496 442/121/142 443/124/149
f 2723/923/1496 443/124/149 2724/924/1502
f 2724/924/1502 443/124/149 444/125/148
f 2724/924/1502 444/125/148 2725/925/1501
f 2725/925/1501 444/125/148 445/126/147
f 2725/925/1501 445/126/147 2726/926/1500
f 2726/926/1500 445/126/147 446/125/146
f 2726/926/1500 446/125/146 2727/925/1499
f 2727/925/1499 446/125/146 447/124/145
f 2727/925/1499 447/124/145 2728/924/1498
f 2728/924/1498 447/124/145 439/121/144
f 2728/924/1498 439/121/144 2721/923/1497
f 2729/927/1507 2730/930/1508 2731/929/1505
f 2729/927/1507 2731/929/1505 2732/928/1504
f 2732/928/1504 2731/929/1505 2733/930/1506
f 2732/928/1504 2733/930/1506 2734/927/1503
f 2734/927/1503 2733/930/1506 2735/932/1518
f 2734/927/1503 2735/932/1518 2736/931/1517
f 2736/931/1517 2735/932/1518 2737/934/1516
f 2736/931/1517 2737/934/1516 2738/933/1515
f 2738/933/1515 2737/934/1516 2739/936/1514
f 2738/933/1515 2739/936/1514 2740/935/1513
f 2740/935/1513 2739/936/1514 2741/934/1512
f 2740/935/1513 2741/934/1512 2742/933/1511
f 2742/933/1511 2741/934/1512 2743/932/1510
f 2742/933/1511 2743/932/1510 2744/931/2155
f 2744/931/2155 2743/932/1510 2730/930/1508
f 2744/931/2155 2730/930/1508 2729/927/1507
f 2730/930/1508 2745/938/1521 2746/937/1519
f 2730/930/1508 2746/937/1519 2731/929/1505
f 2731/929/1505 2746/937/1519 2747/938/1520
f 2731/929/1505 2747/938/1520 2733/930/1506
f 2733/930/1506 2747/938/1520 2748/939/1526
f 2733/930/1506 2748/939/1526 2735/932/1518
f 2735/932/1518 2748/939/1526 2749/940/1525
f 2735/932/1518 2749/940/1525 2737/934/1516
f 2737/934/1516 2749/940/1525 2750/941/1524
f 2737/934/1516 2750/941/1524 2739/936/1514
f 2739/936/1514 2750/941/1524 2751/940/1523
f 2739/936/1514 2751/940/1523 2741/934/1512
f 2741/934/1512 2751/940/1523 2752/939/1522
f 2741/934/1512 2752/939/1522 2743/932/1510
f 2743/932/1510 2752/939/1522 2745/938/1521
f 2743/932/1510 2745/938/1521 2730/930/1508
f 2745/938/1521 448/127/152 450/128/270
f 2745/938/1521 450/128/270 2746/937/1519
f 2746/937/1519 450/128/270 451/127/150
f 2746/937/1519 451/127/150 2747/938/1520
f 2747/938/1520 451/127/150 452/130/157
f 2747/938/1520 452/130/157 2748/939/1526
f 2748/939/1526 452/130/157 453/131/156
f 2748/939/1526 453/131/156 2749/940/1525
f 2749/940/1525 453/131/156 454/132/271
f 2749/940/1525 454/132/271 2750/941/1524
f 2750/941/1524 454/132/271 455/131/154
f 2750/941/1524 455/131/154 2751/940/1523
f 2751/940/1523 455/131/154 456/130/153
f 2751/940/1523 456/130/153 2752/939/1522
f 2752/939/1522 456/130/153 448/127/152
f 2752/939/1522 448/127/152 2745/938/1521
f 2708/913/1480 2753/943/1528 2754/942/1534
f 2708/913/1480 2754/942/1534 2705/912/1483
f 2705/912/1483 2754/942/1534 2755/944/1533
f 2705/912/1483 2755/944/1533 2720/916/1485
f 2720/916/1485 2755/944/1533 2756/945/1532
f 2720/916/1485 2756/945/1532 2718/918/1487
f 2718/918/1487 2756/945/1532 2757/946/1531
f 2718/918/1487 2757/946/1531 2716/920/1489
f 2716/920/1489 2757/946/1531 2758/945/1530
f 2716/920/1489 2758/945/1530 2714/918/1491
f 2714/918/1491 2758/945/1530 2759/944/1529
f 2714/918/1491 2759/944/1529 2712/916/1493
f 2712/916/1493 2759/944/1529 2760/942/1527
f 2712/916/1493 2760/942/1527 2710/912/1479
f 2710/912/1479 2760/942/1527 2753/943/1528
f 2710/912/1479 2753/943/1528 2708/913/1480
f 2760/942/1527 2761/948/542 2762/947/535
f 2760/942/1527 2762/947/535 2753/943/1528
f 2759/944/1529 2763/949/541 2761/948/542
f 2759/944/1529 2761/948/542 2760/942/1527
f 2758/945/1530 2764/950/540 2763/949/541
f 2758/945/1530 2763/949/541 2759/944/1529
f 2757/946/1531 2765/951/539 2764/950/540
f 2757/946/1531 2764/950/540 2758/945/1530
f 2756/945/1532 2766/950/538 2765/951/539
f 2756/945/1532 2765/951/539 2757/946/1531
f 2755/944/1533 2767/949/537 2766/950/538
f 2755/944/1533 2766/950/538 2756/945/1532
f 2754/942/1534 2768/948/536 2767/949/537
f 2754/942/1534 2767/949/537 2755/944/1533
f 2753/943/1528 2762/947/535 2768/948/536
f 2753/943/1528 2768/948/536 2754/942/1534
f 2761/948/542 2729/927/1507 2732/928/1504
f 2761/948/542 2732/928/1504 2762/947/535
f 2763/949/541 2744/931/2155 2729/927/1507
f 2763/949/541 2729/927/1507 2761/948/542
f 2764/950/540 2742/933/1511 2744/931/2155
f 2764/950/540 2744/931/2155 2763/949/541
f 2765/951/539 2740/935/1513 2742/933/1511
f 2765/951/539 2742/933/1511 2764/950/540
f 2766/950/538 2738/933/1515 2740/935/1513
f 2766/950/538 2740/935/1513 2765/951/539
f 2767/949/537 2736/931/1517 2738/933/1515
f 2767/949/537 2738/933/1515 2766/950/538
f 2768/948/536 2734/927/1503 2736/931/1517
f 2768/948/536 2736/931/1517 2767/949/537
f 2762/947/535 2732/928/1504 2734/927/1503
f 2762/947/535 2734/927/1503 2768/948/536
f 2769/969/1565 458/135/165 457/133/164
f 2769/969/1565 457/133/164 2770/970/1564
f 2770/970/1564 457/133/164 460/136/272
f 2770/970/1564 460/136/272 2771/971/1563
f 2771/971/1563 460/136/272 461/137/162
f 2771/971/1563 461/137/162 2772/972/1562
f 2772/972/1562 461/137/162 462/136/273
f 2772/972/1562 462/136/273 2773/971/1561
f 2773/971/1561 462/136/273 463/133/158
f 2773/971/1561 463/133/158 2774/970/2156
f 2774/970/2156 463/133/158 464/135/274
f 2774/970/2156 464/135/274 2775/969/1559
f 2775/969/1559 464/135/274 465/138/166
f 2775/969/1559 465/138/166 2776/973/1566
f 2776/973/1566 465/138/166 458/135/165
f 2776/973/1566 458/135/165 2769/969/1565
f 2777/974/2157 2778/977/2158 2779/976/2159
f 2777/974/2157 2779/976/2159 2780/975/2160
f 2781/978/1575 2777/974/2157 2780/975/2160
f 2781/978/1575 2780/975/2160 2782/979/2161
f 2783/980/1573 2781/978/1575 2782/979/2161
f 2783/980/1573 2782/979/2161 2784/981/1574
f 2785/978/1571 2783/980/1573 2784/981/1574
f 2785/978/1571 2784/981/1574 2786/979/1572
f 2787/974/2162 2785/978/1571 2786/979/1572
f 2787/974/2162 2786/979/1572 2788/975/2163
f 2789/977/2164 2787/974/2162 2788/975/2163
f 2789/977/2164 2788/975/2163 2790/982/2165
f 2791/983/2166 2789/977/2164 2790/982/2165
f 2791/983/2166 2790/982/2165 2792/984/2167
f 2778/977/2158 2791/983/2166 2792/984/2167
f 2778/977/2158 2792/984/2167 2779/976/2159
f 2780/975/2160 2779/976/2159 467/141/276
f 2780/975/2160 467/141/276 466/139/275
f 2782/979/2161 2780/975/2160 466/139/275
f 2782/979/2161 466/139/275 469/142/172
f 2784/981/1574 2782/979/2161 469/142/172
f 2784/981/1574 469/142/172 470/143/171
f 2786/979/1572 2784/981/1574 470/143/171
f 2786/979/1572 470/143/171 471/142/170
f 2788/975/2163 2786/979/1572 471/142/170
f 2788/975/2163 471/142/170 472/139/278
f 2790/982/2165 2788/975/2163 472/139/278
f 2790/982/2165 472/139/278 473/144/279
f 2792/984/2167 2790/982/2165 473/144/279
f 2792/984/2167 473/144/279 474/145/280
f 2779/976/2159 2792/984/2167 474/145/280
f 2779/976/2159 474/145/280 467/141/276
f 2777/974/2157 2781/978/1575 2769/969/1565
f 2777/974/2157 2769/969/1565 2770/970/1564
f 2769/969/1565 2781/978/1575 2783/980/1573
f 2769/969/1565 2783/980/1573 2776/973/1566
f 2776/973/1566 2783/980/1573 2785/978/1571
f 2776/973/1566 2785/978/1571 2775/969/1559
f 2775/969/1559 2785/978/1571 2787/974/2162
f 2775/969/1559 2787/974/2162 2774/970/2156
f 2774/970/2156 2787/974/2162 2789/977/2164
f 2774/970/2156 2789/977/2164 2773/971/1561
f 2773/971/1561 2789/977/2164 2791/983/2166
f 2773/971/1561 2791/983/2166 2772/972/1562
f 2772/972/1562 2791/983/2166 2778/977/2158
f 2772/972/1562 2778/977/2158 2771/971/1563
f 2771/971/1563 2778/977/2158 2777/974/2157
f 2771/971/1563 2777/974/2157 2770/970/1564
f 2793/261/2135 2794/264/2168 2795/263/2169
f 2793/261/2135 2795/263/2169 2796/262/2170
f 2797/265/398 2793/261/2135 2796/262/2170
f 2797/265/398 2796/262/2170 2798/266/2171
f 2799/267/288 2797/265/398 2798/266/2171
f 2799/267/288 2798/266/2171 2800/268/397
f 2801/265/396 2799/267/288 2800/268/397
f 2801/265/396 2800/268/397 2802/266/287
f 2803/261/394 2801/265/396 2802/266/287
f 2803/261/394 2802/266/287 2804/262/283
f 2805/264/2172 2803/261/394 2804/262/283
f 2805/264/2172 2804/262/283 2806/263/284
f 2807/269/296 2805/264/2172 2806/263/284
f 2807/269/296 2806/263/284 2808/270/399
f 2794/264/2168 2807/269/296 2808/270/399
f 2794/264/2168 2808/270/399 2795/263/2169
f 2795/263/2169 476/27/8 475/25/7
f 2795/263/2169 475/25/7 2796/262/2170
f 2796/262/2170 475/25/7 478/28/6
f 2796/262/2170 478/28/6 2798/266/2171
f 2798/266/2171 478/28/6 479/29/5
f 2798/266/2171 479/29/5 2800/268/397
f 2800/268/397 479/29/5 480/28/4
f 2800/268/397 480/28/4 2802/266/287
f 2802/266/287 480/28/4 481/25/1
f 2802/266/287 481/25/1 2804/262/283
f 2804/262/283 481/25/1 482/27/3
f 2804/262/283 482/27/3 2806/263/284
f 2806/263/284 482/27/3 483/30/9
f 2806/263/284 483/30/9 2808/270/399
f 2808/270/399 483/30/9 476/27/8
f 2808/270/399 476/27/8 2795/263/2169
f 2809/271/308 2810/274/310 2811/273/2173
f 2809/271/308 2811/273/2173 2812/272/404
f 2813/275/306 2809/271/308 2812/272/404
f 2813/275/306 2812/272/404 2814/276/2174
f 2815/277/304 2813/275/306 2814/276/2174
f 2815/277/304 2814/276/2174 2816/278/2175
f 2817/275/302 2815/277/304 2816/278/2175
f 2817/275/302 2816/278/2175 2818/276/2176
f 2819/271/298 2817/275/302 2818/276/2176
f 2819/271/298 2818/276/2176 2820/272/400
f 2821/274/301 2819/271/298 2820/272/400
f 2821/274/301 2820/272/400 2822/273/2177
f 2823/279/312 2821/274/301 2822/273/2177
f 2823/279/312 2822/273/2177 2824/280/406
f 2810/274/310 2823/279/312 2824/280/406
f 2810/274/310 2824/280/406 2811/273/2173
f 2812/272/404 2811/273/2173 485/33/35
f 2812/272/404 485/33/35 484/31/16
f 2814/276/2174 2812/272/404 484/31/16
f 2814/276/2174 484/31/16 487/34/15
f 2816/278/2175 2814/276/2174 487/34/15
f 2816/278/2175 487/34/15 488/35/14
f 2818/276/2176 2816/278/2175 488/35/14
f 2818/276/2176 488/35/14 489/34/13
f 2820/272/400 2818/276/2176 489/34/13
f 2820/272/400 489/34/13 490/31/10
f 2822/273/2177 2820/272/400 490/31/10
f 2822/273/2177 490/31/10 491/33/12
f 2824/280/406 2822/273/2177 491/33/12
f 2824/280/406 491/33/12 492/36/18
f 2811/273/2173 2824/280/406 492/36/18
f 2811/273/2173 492/36/18 485/33/35
f 2809/271/308 2813/275/306 2794/264/2168
f 2809/271/308 2794/264/2168 2793/261/2135
f 2794/264/2168 2813/275/306 2815/277/304
f 2794/264/2168 2815/277/304 2807/269/296
f 2807/269/296 2815/277/304 2817/275/302
f 2807/269/296 2817/275/302 2805/264/2172
f 2805/264/2172 2817/275/302 2819/271/298
f 2805/264/2172 2819/271/298 2803/261/394
f 2803/261/394 2819/271/298 2821/274/301
f 2803/261/394 2821/274/301 2801/265/396
f 2801/265/396 2821/274/301 2823/279/312
f 2801/265/396 2823/279/312 2799/267/288
f 2799/267/288 2823/279/312 2810/274/310
f 2799/267/288 2810/274/310 2797/265/398
f 2797/265/398 2810/274/310 2809/271/308
f 2797/265/398 2809/271/308 2793/261/2135
f 2825/321/475 2826/324/476 2827/323/473
f 2825/321/475 2827/323/473 2828/322/472
f 2828/322/472 2827/323/473 2829/324/474
f 2828/322/472 2829/324/474 2830/321/471
f 2830/321/471 2829/324/474 2831/326/486
f 2830/321/471 2831/326/486 2832/325/485
f 2832/325/485 2831/326/486 2833/328/484
f 2832/325/485 2833/328/484 2834/327/483
f 2834/327/483 2833/328/484 2835/330/482
f 2834/327/483 2835/330/482 2836/329/481
f 2836/329/481 2835/330/482 2837/328/480
f 2836/329/481 2837/328/480 2838/327/479
f 2838/327/479 2837/328/480 2839/326/478
f 2838/327/479 2839/326/478 2840/325/477
f 2840/325/477 2839/326/478 2826/324/476
f 2840/325/477 2826/324/476 2825/321/475
f 2826/324/476 2841/332/2178 2842/331/487
f 2826/324/476 2842/331/487 2827/323/473
f 2827/323/473 2842/331/487 2843/332/488
f 2827/323/473 2843/332/488 2829/324/474
f 2829/324/474 2843/332/488 2844/333/494
f 2829/324/474 2844/333/494 2831/326/486
f 2831/326/486 2844/333/494 2845/334/493
f 2831/326/486 2845/334/493 2833/328/484
f 2833/328/484 2845/334/493 2846/335/492
f 2833/328/484 2846/335/492 2835/330/482
f 2835/330/482 2846/335/492 2847/334/491
f 2835/330/482 2847/334/491 2837/328/480
f 2837/328/480 2847/334/491 2848/333/490
f 2837/328/480 2848/333/490 2839/326/478
f 2839/326/478 2848/333/490 2841/332/2178
f 2839/326/478 2841/332/2178 2826/324/476
f 2841/332/2178 2849/337/497 2850/336/495
f 2841/332/2178 2850/336/495 2842/331/487
f 2842/331/487 2850/336/495 2851/337/496
f 2842/331/487 2851/337/496 2843/332/488
f 2843/332/488 2851/337/496 2852/338/502
f 2843/332/488 2852/338/502 2844/333/494
f 2844/333/494 2852/338/502 2853/339/2179
f 2844/333/494 2853/339/2179 2845/334/493
f 2845/334/493 2853/339/2179 2854/340/500
f 2845/334/493 2854/340/500 2846/335/492
f 2846/335/492 2854/340/500 2855/339/2180
f 2846/335/492 2855/339/2180 2847/334/491
f 2847/334/491 2855/339/2180 2856/338/498
f 2847/334/491 2856/338/498 2848/333/490
f 2848/333/490 2856/338/498 2849/337/497
f 2848/333/490 2849/337/497 2841/332/2178
f 2849/337/497 493/49/56 495/50/55
f 2849/337/497 495/50/55 2850/336/495
f 2850/336/495 495/50/55 496/49/54
f 2850/336/495 496/49/54 2851/337/496
f 2851/337/496 496/49/54 497/52/61
f 2851/337/496 497/52/61 2852/338/502
f 2852/338/502 497/52/61 498/53/60
f 2852/338/502 498/53/60 2853/339/2179
f 2853/339/2179 498/53/60 499/54/59
f 2853/339/2179 499/54/59 2854/340/500
f 2854/340/500 499/54/59 500/53/58
f 2854/340/500 500/53/58 2855/339/2180
f 2855/339/2180 500/53/58 501/52/57
f 2855/339/2180 501/52/57 2856/338/498
f 2856/338/498 501/52/57 493/49/56
f 2856/338/498 493/49/56 2849/337/497
f 2857/341/507 2858/1248/508 2859/343/505
f 2857/341/507 2859/343/505 2860/342/504
f 2860/342/504 2859/343/505 2861/1248/506
f 2860/342/504 2861/1248/506 2862/341/503
f 2862/341/503 2861/1248/506 2863/346/518
f 2862/341/503 2863/346/518 2864/345/517
f 2864/345/517 2863/346/518 2865/348/516
f 2864/345/517 2865/348/516 2866/347/515
f 2866/347/515 2865/348/516 2867/350/514
f 2866/347/515 2867/350/514 2868/349/513
f 2868/349/513 2867/350/514 2869/348/512
f 2868/349/513 2869/348/512 2870/347/511
f 2870/347/511 2869/348/512 2871/346/510
f 2870/347/511 2871/346/510 2872/345/509
f 2872/345/509 2871/346/510 2858/1248/508
f 2872/345/509 2858/1248/508 2857/341/507
f 2858/1248/508 2873/352/2181 2874/351/519
f 2858/1248/508 2874/351/519 2859/343/505
f 2859/343/505 2874/351/519 2875/352/2182
f 2859/343/505 2875/352/2182 2861/1248/506
f 2861/1248/506 2875/352/2182 2876/353/526
f 2861/1248/506 2876/353/526 2863/346/518
f 2863/346/518 2876/353/526 2877/354/525
f 2863/346/518 2877/354/525 2865/348/516
f 2865/348/516 2877/354/525 2878/355/524
f 2865/348/516 2878/355/524 2867/350/514
f 2867/350/514 2878/355/524 2879/354/523
f 2867/350/514 2879/354/523 2869/348/512
f 2869/348/512 2879/354/523 2880/353/522
f 2869/348/512 2880/353/522 2871/346/510
f 2871/346/510 2880/353/522 2873/352/2181
f 2871/346/510 2873/352/2181 2858/1248/508
f 2873/352/2181 502/55/64 504/56/63
f 2873/352/2181 504/56/63 2874/351/519
f 2874/351/519 504/56/63 505/55/62
f 2874/351/519 505/55/62 2875/352/2182
f 2875/352/2182 505/55/62 506/58/69
f 2875/352/2182 506/58/69 2876/353/526
f 2876/353/526 506/58/69 507/59/68
f 2876/353/526 507/59/68 2877/354/525
f 2877/354/525 507/59/68 508/60/67
f 2877/354/525 508/60/67 2878/355/524
f 2878/355/524 508/60/67 509/59/66
f 2878/355/524 509/59/66 2879/354/523
f 2879/354/523 509/59/66 510/58/65
f 2879/354/523 510/58/65 2880/353/522
f 2880/353/522 510/58/65 502/55/64
f 2880/353/522 502/55/64 2873/352/2181
f 2828/322/472 2881/357/528 2882/356/534
f 2828/322/472 2882/356/534 2825/321/475
f 2825/321/475 2882/356/534 2883/358/533
f 2825/321/475 2883/358/533 2840/325/477
f 2840/325/477 2883/358/533 2884/359/532
f 2840/325/477 2884/359/532 2838/327/479
f 2838/327/479 2884/359/532 2885/360/531
f 2838/327/479 2885/360/531 2836/329/481
f 2836/329/481 2885/360/531 2886/359/530
f 2836/329/481 2886/359/530 2834/327/483
f 2834/327/483 2886/359/530 2887/358/529
f 2834/327/483 2887/358/529 2832/325/485
f 2832/325/485 2887/358/529 2888/356/527
f 2832/325/485 2888/356/527 2830/321/471
f 2830/321/471 2888/356/527 2881/357/528
f 2830/321/471 2881/357/528 2828/322/472
f 2888/356/527 2889/362/542 2890/361/535
f 2888/356/527 2890/361/535 2881/357/528
f 2887/358/529 2891/363/541 2889/362/542
f 2887/358/529 2889/362/542 2888/356/527
f 2886/359/530 2892/364/540 2891/363/541
f 2886/359/530 2891/363/541 2887/358/529
f 2885/360/531 2893/365/539 2892/364/540
f 2885/360/531 2892/364/540 2886/359/530
f 2884/359/532 2894/364/538 2893/365/539
f 2884/359/532 2893/365/539 2885/360/531
f 2883/358/533 2895/363/537 2894/364/538
f 2883/358/533 2894/364/538 2884/359/532
f 2882/356/534 2896/362/536 2895/363/537
f 2882/356/534 2895/363/537 2883/358/533
f 2881/357/528 2890/361/535 2896/362/536
f 2881/357/528 2896/362/536 2882/356/534
f 2889/362/542 2857/341/507 2860/342/504
f 2889/362/542 2860/342/504 2890/361/535
f 2891/363/541 2872/345/509 2857/341/507
f 2891/363/541 2857/341/507 2889/362/542
f 2892/364/540 2870/347/511 2872/345/509
f 2892/364/540 2872/345/509 2891/363/541
f 2893/365/539 2868/349/513 2870/347/511
f 2893/365/539 2870/347/511 2892/364/540
f 2894/364/538 2866/347/515 2868/349/513
f 2894/364/538 2868/349/513 2893/365/539
f 2895/363/537 2864/345/517 2866/347/515
f 2895/363/537 2866/347/515 2894/364/538
f 2896/362/536 2862/341/503 2864/345/517
f 2896/362/536 2864/345/517 2895/363/537
f 2890/361/535 2860/342/504 2862/341/503
f 2890/361/535 2862/341/503 2896/362/536
f 2897/281/2183 2898/284/420 2899/283/2184
f 2897/281/2183 2899/283/2184 2900/282/417
f 2900/282/417 2899/283/2184 2901/286/416
f 2900/282/417 2901/286/416 2902/285/415
f 2902/285/415 2901/286/416 2903/288/414
f 2902/285/415 2903/288/414 2904/287/413
f 2904/287/413 2903/288/414 2905/286/412
f 2904/287/413 2905/286/412 2906/285/411
f 2906/285/411 2905/286/412 2907/283/409
f 2906/285/411 2907/283/409 2908/282/408
f 2908/282/408 2907/283/409 2909/284/410
f 2908/282/408 2909/284/410 2910/281/407
f 2910/281/407 2909/284/410 2911/290/422
f 2910/281/407 2911/290/422 2912/289/421
f 2912/289/421 2911/290/422 2898/284/420
f 2912/289/421 2898/284/420 2897/281/2183
f 2898/284/420 2913/292/2185 2914/291/428
f 2898/284/420 2914/291/428 2899/283/2184
f 2899/283/2184 2914/291/428 2915/293/2186
f 2899/283/2184 2915/293/2186 2901/286/416
f 2901/286/416 2915/293/2186 2916/294/426
f 2901/286/416 2916/294/426 2903/288/414
f 2903/288/414 2916/294/426 2917/293/2187
f 2903/288/414 2917/293/2187 2905/286/412
f 2905/286/412 2917/293/2187 2918/291/423
f 2905/286/412 2918/291/423 2907/283/409
f 2907/283/409 2918/291/423 2919/292/2188
f 2907/283/409 2919/292/2188 2909/284/410
f 2909/284/410 2919/292/2188 2920/295/430
f 2909/284/410 2920/295/430 2911/290/422
f 2911/290/422 2920/295/430 2913/292/2185
f 2911/290/422 2913/292/2185 2898/284/420
f 2913/292/2185 511/37/43 513/38/42
f 2913/292/2185 513/38/42 2914/291/428
f 2914/291/428 513/38/42 514/40/41
f 2914/291/428 514/40/41 2915/293/2186
f 2915/293/2186 514/40/41 515/41/40
f 2915/293/2186 515/41/40 2916/294/426
f 2916/294/426 515/41/40 516/40/39
f 2916/294/426 516/40/39 2917/293/2187
f 2917/293/2187 516/40/39 517/38/37
f 2917/293/2187 517/38/37 2918/291/423
f 2918/291/423 517/38/37 518/37/36
f 2918/291/423 518/37/36 2919/292/2188
f 2919/292/2188 518/37/36 519/42/44
f 2919/292/2188 519/42/44 2920/295/430
f 2920/295/430 519/42/44 511/37/43
f 2920/295/430 511/37/43 2913/292/2185
f 2921/296/443 2922/299/2189 2923/298/442
f 2921/296/443 2923/298/442 2924/297/2190
f 2924/297/2190 2923/298/442 2925/301/440
f 2924/297/2190 2925/301/440 2926/300/2191
f 2926/300/2191 2925/301/440 2927/303/438
f 2926/300/2191 2927/303/438 2928/302/437
f 2928/302/437 2927/303/438 2929/301/2192
f 2928/302/437 2929/301/2192 2930/300/2193
f 2930/300/2193 2929/301/2192 2931/298/433
f 2930/300/2193 2931/298/433 2932/297/2194
f 2932/297/2194 2931/298/433 2933/299/2195
f 2932/297/2194 2933/299/2195 2934/296/2196
f 2934/296/2196 2933/299/2195 2935/305/446
f 2934/296/2196 2935/305/446 2936/304/445
f 2936/304/445 2935/305/446 2922/299/2189
f 2936/304/445 2922/299/2189 2921/296/443
f 2922/299/2189 2937/307/453 2938/306/452
f 2922/299/2189 2938/306/452 2923/298/442
f 2923/298/442 2938/306/452 2939/308/451
f 2923/298/442 2939/308/451 2925/301/440
f 2925/301/440 2939/308/451 2940/309/450
f 2925/301/440 2940/309/450 2927/303/438
f 2927/303/438 2940/309/450 2941/308/449
f 2927/303/438 2941/308/449 2929/301/2192
f 2929/301/2192 2941/308/449 2942/306/447
f 2929/301/2192 2942/306/447 2931/298/433
f 2931/298/433 2942/306/447 2943/307/2197
f 2931/298/433 2943/307/2197 2933/299/2195
f 2933/299/2195 2943/307/2197 2944/310/454
f 2933/299/2195 2944/310/454 2935/305/446
f 2935/305/446 2944/310/454 2937/307/453
f 2935/305/446 2937/307/453 2922/299/2189
f 2937/307/453 520/43/281 522/44/51
f 2937/307/453 522/44/51 2938/306/452
f 2938/306/452 522/44/51 523/46/50
f 2938/306/452 523/46/50 2939/308/451
f 2939/308/451 523/46/50 524/47/49
f 2939/308/451 524/47/49 2940/309/450
f 2940/309/450 524/47/49 525/46/48
f 2940/309/450 525/46/48 2941/308/449
f 2941/308/449 525/46/48 526/44/46
f 2941/308/449 526/44/46 2942/306/447
f 2942/306/447 526/44/46 527/43/45
f 2942/306/447 527/43/45 2943/307/2197
f 2943/307/2197 527/43/45 528/48/53
f 2943/307/2197 528/48/53 2944/310/454
f 2944/310/454 528/48/53 520/43/281
f 2944/310/454 520/43/281 2937/307/453
f 2900/282/417 2945/312/2198 2946/311/2199
f 2900/282/417 2946/311/2199 2897/281/2183
f 2897/281/2183 2946/311/2199 2947/313/457
f 2897/281/2183 2947/313/457 2912/289/421
f 2912/289/421 2947/313/457 2948/311/455
f 2912/289/421 2948/311/455 2910/281/407
f 2910/281/407 2948/311/455 2949/312/456
f 2910/281/407 2949/312/456 2908/282/408
f 2908/282/408 2949/312/456 2950/314/462
f 2908/282/408 2950/314/462 2906/285/411
f 2906/285/411 2950/314/462 2951/315/461
f 2906/285/411 2951/315/461 2904/287/413
f 2904/287/413 2951/315/461 2952/314/460
f 2904/287/413 2952/314/460 2902/285/415
f 2902/285/415 2952/314/460 2945/312/2198
f 2902/285/415 2945/312/2198 2900/282/417
f 2952/314/460 2953/317/2200 2954/316/467
f 2952/314/460 2954/316/467 2945/312/2198
f 2951/315/461 2955/318/465 2953/317/2200
f 2951/315/461 2953/317/2200 2952/314/460
f 2950/314/462 2956/317/464 2955/318/465
f 2950/314/462 2955/318/465 2951/315/461
f 2949/312/456 2957/316/463 2956/317/464
f 2949/312/456 2956/317/464 2950/314/462
f 2948/311/455 2958/319/470 2957/316/463
f 2948/311/455 2957/316/463 2949/312/456
f 2947/313/457 2959/320/469 2958/319/470
f 2947/313/457 2958/319/470 2948/311/455
f 2946/311/2199 2960/319/2201 2959/320/469
f 2946/311/2199 2959/320/469 2947/313/457
f 2945/312/2198 2954/316/467 2960/319/2201
f 2945/312/2198 2960/319/2201 2946/311/2199
f 2953/317/2200 2921/296/443 2924/297/2190
f 2953/317/2200 2924/297/2190 2954/316/467
f 2955/318/465 2936/304/445 2921/296/443
f 2955/318/465 2921/296/443 2953/317/2200
f 2956/317/464 2934/296/2196 2936/304/445
f 2956/317/464 2936/304/445 2955/318/465
f 2957/316/463 2932/297/2194 2934/296/2196
f 2957/316/463 2934/296/2196 2956/317/464
f 2958/319/470 2930/300/2193 2932/297/2194
f 2958/319/470 2932/297/2194 2957/316/463
f 2959/320/469 2928/302/437 2930/300/2193
f 2959/320/469 2930/300/2193 2958/319/470
f 2960/319/2201 2926/300/2191 2928/302/437
f 2960/319/2201 2928/302/437 2959/320/469
f 2954/316/467 2924/297/2190 2926/300/2191
f 2954/316/467 2926/300/2191 2960/319/2201
